dcterms:identifier, dcterms:isPartOf, dcterms:provenance                              , dcterms:extent, dcterms:type          , dcterms:medium               , dcterms:spatial                                                                      , dcterms:subject                            , original_url                                                                          , dcterms:description                                                                                                                                                                                                                                                                                                                                                                                                                                                                                                                                                                                                                        ,                                                                                                                                                                                                                                                                                                                                                                                                                                             ,                                                                                                                                                                                                                                                                                                                                                                                                               ,                                                                                  ,                                                                  , 
8129,278, Accession #278 Purchase 04/20/1926 (278)        , 1 ea          , Basket                , Grass                        , Asia-Southeast Asia-Philippines-Cotabato-; ;                                         ,                                            , https://kstocks.si676.si.umich.edu/omeka-kyle/files/original/Baskets/8129_1.jpeg      ," Basket with eight decorative legs. Red black    ""Basket made by women at Cottobatto""                                                                                                                                                                                                                                                                                                                                                                                                                                                                                                                                                                                                                                                                                                                                                                                                                                                                                                                                                                                                                                                                                                                                                                                                                                                                                                                                                                                                                                                                                                                                                                                                                                                                                                                                                                                                                                                                                                                                                                                          "," black    ""Basket made by women at Cottobatto                                                                                                                                                                                                                                                                                                                                                                                                                                                                                                                                                                                                                                                                                                                                                                                                  "," ""Basket made by women at Cottobatto                                                                                                                                                                                                                                                                                                                                                              ",                                                                                  ,                                                                  , 
8272,1, Accession #1 UMMAA Expedition 1872 (1)          , 1 ea          , Basket                , Fiber                        , Asia-Southeast Asia-Philippines--; ;                                                 ,                                            , https://kstocks.si676.si.umich.edu/omeka-kyle/files/original/Baskets/8272_1.jpeg      , Basket.                                                                                                                                                                                                                                                                                                                                                                                                                                                                                                                                                                                                                                    ,                                                                                                                                                                                                                                                                                                                                                                                                                                             ,                                                                                                                                                                                                                                                                                                                                                                                                               ,                                                                                  ,                                                                  , 
8390,220, Accession #220 UMMAA Expedition 08/31/1925 (220), 1 ea          , Basket                , Balsa; Leather (tanned)      , Asia-Southeast Asia-Philippines-Davao del Norte-; ; Barrio Macgum              ," New Corella""                         ",                                                                                       ,                                                                                                                                                                                                                                                                                                                                                                                                                                                                                                                                                                                                                                            , Rattan carrying case weatherproofed with oil and ornamented with bamboo. This item is a tall rounded rectangular case that is dark brown with lighter brown zigzags                                                                                                                                                                                                                                                                   , and horizontal lines around it's opening. A lid is attached and there are straps of leather as well.                                                                                                                                                                                                                                                                                                    ,                                                                                  ,                                                                  , 
8548,950, Accession #950 Purchase 07/24/1933 (950)        , 1 ea          , Basket                , Balsa                        , Asia-Southeast Asia-Philippines--; ;                                                 ,                                            ,                                                                                       , This is a small basket made of light and dark brown fibers that are alternated in the weaving. The base is rectangular and the mouth is round                                                                                                                                                                                                                                                                                                                                                                                                                                                                                        , rimmed by light brown fibers in a slightly different weave. The basket is rather pliable.                                                                                                                                                                                                                                                                                                                                             ,                                                                                                                                                                                                                                                                                                                                                                                                               ,                                                                                  ,                                                                  , 
8550,950, Accession #950 Purchase 07/24/1933 (950)        , 1 ea          , Basket                , Leaf                         , Asia-Southeast Asia-Philippines--; ;                                                 , Filipino                                   , https://kstocks.si676.si.umich.edu/omeka-kyle/files/original/Baskets/8550_1.jpeg      , One large basket made of the mid-ribs of coconut leaves. Round. Sides woven. Bottom radiating overlaid sections.                                                                                                                                                                                                                                                                                                                                                                                                                                                                                                                           ,                                                                                                                                                                                                                                                                                                                                                                                                                                             ,                                                                                                                                                                                                                                                                                                                                                                                                               ,                                                                                  ,                                                                  , 
8575,951, Accession #951 Purchase 07/19/1935 (951)        , 1 ea          , Basket                , Leaf                         , Asia-Southeast Asia-Philippines-Leyte-; Leyte; Palo                                  ,                                            , https://kstocks.si676.si.umich.edu/omeka-kyle/files/original/Baskets/8575_1.jpeg      , Round basket made of mid rib of coconut leaf.                                                                                                                                                                                                                                                                                                                                                                                                                                                                                                                                                                                              ,                                                                                                                                                                                                                                                                                                                                                                                                                                             ,                                                                                                                                                                                                                                                                                                                                                                                                               ,                                                                                  ,                                                                  , 
8576,951, Accession #951 Purchase 07/19/1935 (951)        , 1 ea          , Basket                , Leaf                         , Asia-Southeast Asia-Philippines-Leyte-; Leyte; Palo                                  ,                                            , https://kstocks.si676.si.umich.edu/omeka-kyle/files/original/Baskets/8576_1.jpeg      , One round                                                                                                                                                                                                                                                                                                                                                                                                                                                                                                                                                                                                                            , shallow basket made of mid-ribs of coconut leaves. The basket has a double-thickness reinforced base                                                                                                                                                                                                                                                                                                                                        ,                                                                                                                                                                                                                                                                                                                                                                                                               ,                                                                                  ,                                                                  , 
8578,951, Accession #951 Purchase 07/19/1935 (951)        , 1 ea          , Basket                , Reed                         , Asia-Southeast Asia-Philippines-Leyte-; Leyte; Palo                                  ,                                            , https://kstocks.si676.si.umich.edu/omeka-kyle/files/original/Baskets/8578_1.jpeg      , One woven reed tray for winnowing rice. The base is woven in a herringbone design with a thick band at the rim; all of the basket is a light tan natural color except for a darker brown narrow strip binding at the very top of the rim.                                                                                                                                                                                                                                                                                                                                                                                                  ,                                                                                                                                                                                                                                                                                                                                                                                                                                             ,                                                                                                                                                                                                                                                                                                                                                                                                               ,                                                                                  ,                                                                  , 
8652,278, Accession #278 Purchase 04/20/1926 (278)        , 1 ea          , Basket                , Leaf; Cotton Fiber           , Asia-Southeast Asia-Philippines--; ; Cottobatto                                      ,                                            , https://kstocks.si676.si.umich.edu/omeka-kyle/files/original/Baskets/8652_1.jpeg      , 1 deep circular basket. Made of linear leaves of pandanus? Decorated with multicolored cotton strips. Tapes down to bottom. Leaves on outer surface painted black. Bottom frame covered with scraps of colorful cotton textile. Above this are two bands of decoration made from shaped and woven fibers. Above this is a row of pyramids and step motifs of fiber with interior of pyramids filled with textile. Under top rim is a band of woven fiber then a series of geometric designs of fiber. Some of these are filled with cotton textile.                                                                                ,                                                                                                                                                                                                                                                                                                                                                                                                                                             ,                                                                                                                                                                                                                                                                                                                                                                                                               ,                                                                                  ,                                                                  , 
17570,1387, Accession #1387 Donation 04/29/1941 (1387)      , 1 ea          , Basket                , Wicker                       , Asia-Southeast Asia-Philippines-Misamis Occidental-; ; Tagoloan                      ,                                            , https://kstocks.si676.si.umich.edu/omeka-kyle/files/original/Baskets/17570_1.jpeg     , Fish container of rattan and nito. Decorated with alternating dark and light bands.                                                                                                                                                                                                                                                                                                                                                                                                                                                                                                                                                        ,                                                                                                                                                                                                                                                                                                                                                                                                                                             ,                                                                                                                                                                                                                                                                                                                                                                                                               ,                                                                                  ,                                                                  , 
17572,1387, Accession #1387 Donation 04/29/1941 (1387)      , 1 ea          , Basket                , Balsa                        , Asia-Southeast Asia-Philippines-Negros Occidental-; ; Cangmanhac                     ,                                            ,                                                                                       , Large market basket of bamboo                                                                                                                                                                                                                                                                                                                                                                                                                                                                                                                                                                                                        , rattan                                                                                                                                                                                                                                                                                                                                                                                                                                      ,                                                                                                                                                                                                                                                                                                                                                                                                               ,                                                                                  ,                                                                  , 
17575,1387, Accession #1387 Donation 04/29/1941 (1387)      , 1 ea          , Basket                , Fiber                        , Asia-Southeast Asia-Philippines-Mindoro Occidental-; Mt. Halcon                ," Baco River; ""                        ", https://kstocks.si676.si.umich.edu/omeka-kyle/files/original/Baskets/17575_1.jpeg     , Mangyan                                                                                                                                                                                                                                                                                                                                                                                                                                                                                                                                                                                                                                    , Carrying basket of dukmoy                                                                                                                                                                                                                                                                                                                                                                                                             , rattan. Used for fruits and Vegetables.                                                                                                                                                                                                                                                                                                                                                                 ,                                                                                  ,                                                                  , 
17576,1387, Accession #1387 Donation 04/29/1941 (1387)      , 1 ea          , Basket                , Reed; Coconut                , Asia-Southeast Asia-Philippines-Cebu-; ;                                             ,                                            , https://kstocks.si676.si.umich.edu/omeka-kyle/files/original/Baskets/17576_1.jpeg     , One work basket with coconut midrib. Woven reed                                                                                                                                                                                                                                                                                                                                                                                                                                                                                                                                                                                      , round with greater diameter at opening than base. Knotted bands at rim and articulation of base/walls.                                                                                                                                                                                                                                                                                                                                ,                                                                                                                                                                                                                                                                                                                                                                                                               ,                                                                                  ,                                                                  , 
17577,1387, Accession #1387 Donation 04/29/1941 (1387)      , 1 ea          , Basket                , Rattan                       , Asia-Southeast Asia-Philippines-Sorsogon-; ;                                         , Filipino                                   , https://kstocks.si676.si.umich.edu/omeka-kyle/files/original/Baskets/17577_1.jpeg     , Fish basket of rattan with cordage carrying strap. Original number Coo5772.                                                                                                                                                                                                                                                                                                                                                                                                                                                                                                                                                                ,                                                                                                                                                                                                                                                                                                                                                                                                                                             ,                                                                                                                                                                                                                                                                                                                                                                                                               ,                                                                                  ,                                                                  , 
17578,1387, Accession #1387 Donation 04/29/1941 (1387)      , 1 ea          , Basket                , Balsa                        , Asia-Southeast Asia-Philippines--; ;                                                 ,                                            ,                                                                                       , Shell basket of bamboo and rattan. This basket is woven of very dark organic material. It has a rectangular base and cylindrical body. A series of loops around the opening of the basket form handles and a hinge by which a lid of the same make is attached.                                                                                                                                                                                                                                                                                                                                                                            ,                                                                                                                                                                                                                                                                                                                                                                                                                                             ,                                                                                                                                                                                                                                                                                                                                                                                                               ,                                                                                  ,                                                                  , 
17579,1387, Accession #1387 Donation 04/29/1941 (1387)      , 1 ea          , Basket                , Bamboo                       , Asia-Southeast Asia-Philippines-Nueva Vizcaya-; ; Dupax                              ,                                            , https://kstocks.si676.si.umich.edu/omeka-kyle/files/original/Baskets/17579_1.jpeg     , 1 rice basket of bamboo and rattan. This basket has a rectangular base of rigid material that is tied to the main part of the basket. At the top                                                                                                                                                                                                                                                                                                                                                                                                                                                                                     , the basket opening is round and ringed with a piece of bamboo to help hold its shape.                                                                                                                                                                                                                                                                                                                                                 ,                                                                                                                                                                                                                                                                                                                                                                                                               ,                                                                                  ,                                                                  , 
17580,1387, Accession #1387 Donation 04/29/1941 (1387)      , 1 ea          , Basket                , Rattan; Fiber                , Asia-Southeast Asia-Philippines-Leyte-; ; San Miguel                                 ,                                            , https://kstocks.si676.si.umich.edu/omeka-kyle/files/original/Baskets/17580_1.jpeg     , 1 utility basket of banban                                                                                                                                                                                                                                                                                                                                                                                                                                                                                                                                                                                                           , rattan                                                                                                                                                                                                                                                                                                                                                                                                                                      , eggs                                                                                                                                                                                                                                                                                                                                                                                                          , medicines. Round basket with handle and lid attached by fiber cordage hinge.,                                                                  , 
17582,1387, Accession #1387 Donation 04/29/1941 (1387)      , 1 ea          , Basket                , Rattan; Bamboo               , Asia-Southeast Asia-Philippines-Ilocos Norte-; ; Laoag                               ,                                            , https://kstocks.si676.si.umich.edu/omeka-kyle/files/original/Baskets/17582_1.jpeg     , One telescoping traveling basket made of bamboo and rattan. This basket is carried under the arm by a rope strap that also serves to hold together the lid and the base. The overall shape is a rectangular base that woven up into an oblong solid with a rectangular top. The lid is as tall as the base                                                                                                                                                                                                                                                                                                                           , allowing the basket to expand in height as it is filled. The color is natural                                                                                                                                                                                                                                                                                                                                                               ,                                                                                                                                                                                                                                                                                                                                                                                                               ,                                                                                  ,                                                                  , 
17583,1387, Accession #1387 Donation 04/29/1941 (1387)      , 1 ea          , Basket                , Rattan                       , Asia-southeast Asia-Philippines-Isabela-; ; Cabagan                                  ,                                            , https://kstocks.si676.si.umich.edu/omeka-kyle/files/original/Baskets/17583_1.jpeg     , Corn measure of rattan. Used for both measuring and handling. Small rounded woven basket.                                                                                                                                                                                                                                                                                                                                                                                                                                                                                                                                                  ,                                                                                                                                                                                                                                                                                                                                                                                                                                             ,                                                                                                                                                                                                                                                                                                                                                                                                               ,                                                                                  ,                                                                  , 
17584,1387, Accession #1387 Donation 04/29/1941 (1387)      , 1 ea          , Basket                , Rattan; Bamboo               , Asia-Southeast Asia-Philippines-Isabela-; ; Cabagan                                  ,                                            ,                                                                                       , Buyo basket-bamboo                                                                                                                                                                                                                                                                                                                                                                                                                                                                                                                                                                                                                   , rattan                                                                                                                                                                                                                                                                                                                                                                                                                                      ,                                                                                                                                                                                                                                                                                                                                                                                                               ,                                                                                  ,                                                                  , 
17585,1387, Accession #1387 Donation 04/29/1941 (1387)      , 1 ea          , Basket                , Rattan; Bamboo; Fiber        , Asia-Southeast Asia-Philippines-Isabela-; Luzon; Cabagan                             , Ifugao                                     , https://kstocks.si676.si.umich.edu/omeka-kyle/files/original/Baskets/17585_1.jpeg     , One Buyo basket of bamboo                                                                                                                                                                                                                                                                                                                                                                                                                                                                                                                                                                                                            , rattan                                                                                                                                                                                                                                                                                                                                                                                                                                      ," changes shape halfway. Upper section has tight weave (rattan) and lower was looe weave. The rim is made of rattan wrapped bamboo. A cord of braided fiber is attached at two points on opposite sides and hangs in the middle. Tag says: ""Obtained at batangas. It has been used. One is put on each end of a pole and carried on the shoulders.fiber cord was probably used for hanging on pole.",                                                                                  ,                                                                  , 
17586,1387, Accession #1387 Donation 04/29/1941 (1387)      , 1 ea          , Basket                , Balsa                        , Asia-Southeast Asia-Philippines-Leyte-; ;                                            ,                                            , https://kstocks.si676.si.umich.edu/omeka-kyle/files/original/Baskets/17586_1.jpeg     , One work basket of buri for holding abaca fibers in preparation for weaving.                                                                                                                                                                                                                                                                                                                                                                                                                                                                                                                                                               ,                                                                                                                                                                                                                                                                                                                                                                                                                                             ,                                                                                                                                                                                                                                                                                                                                                                                                               ,                                                                                  ,                                                                  , 
17587,1387, Accession #1387 Donation 04/29/1941 (1387)      , 1 ea          , Basket                , Bamboo                       , Asia-Southeast Asia-Philippines-Bulacan-; ; Bisao                              ," Lepanto""                             ", https://kstocks.si676.si.umich.edu/omeka-kyle/files/original/Baskets/17587_1.jpeg     ,                                                                                                                                                                                                                                                                                                                                                                                                                                                                                                                                                                                                                                            , Bamboo rice basket for uncooked rice. This basket has a thick rectangular frame at the base                                                                                                                                                                                                                                                                                                                                           , and there is a round frame piece at the mouth of the basket. The basket bulges in the middle and is constricted at the mouth and base. There are four handles formed by separating the frame pieces along the sides allowing a gap. The basket is rather dark and it appears that the fibers have been treated with something to make them darker.                                                      ,                                                                                  ,                                                                  , 
17588,1387, Accession #1387 Donation 04/29/1941 (1387)      , 1 ea          , Basket                , Rattan; Bamboo               , Asia-Southeast Asia-Philippines-Bulacan-; ; Balacan                                  ,                                            ,                                                                                       , One sewing basket of bamboo and rattan. Wide mesh hexagonal bottom. Round opening. Open weave. Forms patterns that look like stars of David. Bamboo around rim.                                                                                                                                                                                                                                                                                                                                                                                                                                                                            ,                                                                                                                                                                                                                                                                                                                                                                                                                                             ,                                                                                                                                                                                                                                                                                                                                                                                                               ,                                                                                  ,                                                                  , 
17589,1387, Accession #1387 Donation 04/29/1941 (1387)      , 1 ea          , Basket                , Balsa                        , Asia-Southeast Asia-Philippines-Bulacan-; ; Balacan                            ," Philippines""                         ",                                                                                       ,                                                                                                                                                                                                                                                                                                                                                                                                                                                                                                                                                                                                                                            , Utility basket of bamboo and rattan. This basket has a rectangular base and round opening on top rimmed with a thick strip of bamboo.                                                                                                                                                                                                                                                                                                       ,                                                                                                                                                                                                                                                                                                                                                                                                               ,                                                                                  ,                                                                  , 
17590,1387, Accession #1387 Donation 04/29/1941 (1387)      , 1 ea          , Basket                , Rattan; Bamboo               , Asia-Southeast Asia-Philippines--; ; Manoba                                          ,                                            , https://kstocks.si676.si.umich.edu/omeka-kyle/files/original/Baskets/17590_1.jpeg     , 1 rice basket of bamboo                                                                                                                                                                                                                                                                                                                                                                                                                                                                                                                                                                                                              , rattan and bark. This basket has a rectangular base of rigid material that is tied to the main part of the basket. At the top                                                                                                                                                                                                                                                                                                               ,                                                                                                                                                                                                                                                                                                                                                                                                               ,                                                                                  ,                                                                  , 
17591,1387, Accession #1387 Donation 04/29/1941 (1387)      , 1 ea          , Basket                , Balsa                        , Asia-Southeast Asia-Philippines--; ;                                                 ,                                            , https://kstocks.si676.si.umich.edu/omeka-kyle/files/original/Baskets/17591_1.jpeg     , Utility basket of bamboo                                                                                                                                                                                                                                                                                                                                                                                                                                                                                                                                                                                                             , rattan                                                                                                                                                                                                                                                                                                                                                                                                                                      ,                                                                                                                                                                                                                                                                                                                                                                                                               ,                                                                                  ,                                                                  , 
17593,1387, Accession #1387 Donation 04/29/1941 (1387)      , 1 ea          , Basket                , Balsa                        , Asia-Southeast Asia-Philippines-Ilocos Norte-; ; Batac                               , Tinguian                                   , https://kstocks.si676.si.umich.edu/omeka-kyle/files/original/Baskets/17593_1.jpeg     , Bamboo rice basket from Tinguian culture. The basket sits on a rectangular base and has a general bowl shape and a wide round opening at top. The majority of the basket is light brown                                                                                                                                                                                                                                                                                                                                                                                                                                              , but a darker brown decoration has been achieved by weaving dark bands horizontally and vertically.                                                                                                                                                                                                                                                                                                                                    ,                                                                                                                                                                                                                                                                                                                                                                                                               ,                                                                                  ,                                                                  , 
17594,1387, Accession #1387 Donation 04/29/1941 (1387)      , 1 ea          , Basket                , Balsa                        , Asia-Southeast Asia-Philippines-Camarines Norte-; ; San Jose                   ," Camarines""                           ", https://kstocks.si676.si.umich.edu/omeka-kyle/files/original/Baskets/17594_1.jpeg     ,                                                                                                                                                                                                                                                                                                                                                                                                                                                                                                                                                                                                                                            , Hexagonal basket woven with hexagonal pattern and with undulating top.                                                                                                                                                                                                                                                                                                                                                                      ,                                                                                                                                                                                                                                                                                                                                                                                                               ,                                                                                  ,                                                                  , 
17596,1387, Accession #1387 Donation 04/29/1941 (1387)      , 1 ea          , Basket                , Reed                         , Asia-Southeast Asia-Philippines-Albay-; ; Buro                                 ," Legaspi""                              """, https://kstocks.si676.si.umich.edu/omeka-kyle/files/original/Baskets/17596_1.jpeg     , Bicol                                                                                                                                                                                                                                                                                                                                                                                                                                                                                                                                                                                                                                      , One cylindrical sewing basket made of caragumoy. The base is roughly square                                                                                                                                                                                                                                                                                                                                                           , forming a cylinder shape. Used by the Bicol.                                                                                                                                                                                                                                                                                                                                                            ,                                                                                  ,                                                                  , 
17597,1387, Accession #1387 Donation 04/29/1941 (1387)      , 1 ea          , Basket                , Bamboo                       , Asia-Southeast Asia-Philippines-Ilocos Sur-; ; Namitpit                        ," Lepanto""                             ", https://kstocks.si676.si.umich.edu/omeka-kyle/files/original/Baskets/17597_1.jpeg     ,                                                                                                                                                                                                                                                                                                                                                                                                                                                                                                                                                                                                                                            , Rice basket of bamboo for uncooked rice.                                                                                                                                                                                                                                                                                                                                                                                                    ,                                                                                                                                                                                                                                                                                                                                                                                                               ,                                                                                  ,                                                                  , 
17598,1387, Accession #1387 Donation 04/29/1941 (1387)      , 1 ea          , Basket                , Fiber; Rattan                , Asia-Southeast Asia-Philippines-Mindoro Oriental-; ; Pinamalayan               ," Mindoro""                             ", https://kstocks.si676.si.umich.edu/omeka-kyle/files/original/Baskets/17598_1.jpeg     ,                                                                                                                                                                                                                                                                                                                                                                                                                                                                                                                                                                                                                                            , 1 Abaca contained of nipa and rattan. Used to hold abaca fibers. Open-weave basket with hexagonal base and round top.                                                                                                                                                                                                                                                                                                               ,                                                                                                                                                                                                                                                                                                                                                                                                               ,                                                                                  ,                                                                  , 
17602,1387, Accession #1387 Donation 04/29/1941 (1387)      , 1 ea          , Basket                , Balsa                        , Asia-Southeast Asia-Philippines-Quezon-; ; Lucban                                    , Tagalog                                    , https://kstocks.si676.si.umich.edu/omeka-kyle/files/original/Baskets/17602_1.jpeg     , Market basket of rattan. The basket is round with a slightly conical bottom and a very wide opening ringed with rigid bamboo.                                                                                                                                                                                                                                                                                                                                                                                                                                                                                                              ,                                                                                                                                                                                                                                                                                                                                                                                                                                             ,                                                                                                                                                                                                                                                                                                                                                                                                               ,                                                                                  ,                                                                  , 
17604,1387, Accession #1387 Donation 04/29/1941 (1387)      , 1 ea          , Basket                , Rattan                       , Asia-Southeast Asia-Philippines-Ilocos Norte-; ; Laoag                               ,                                            ,                                                                                       , One pack holder of rattan. Shaped like a purse. Main body has rattan woven in fancy interlocked knots. Handle made of rattan braid. Round bottom with star inside.                                                                                                                                                                                                                                                                                                                                                                                                                                                                         ,                                                                                                                                                                                                                                                                                                                                                                                                                                             ,                                                                                                                                                                                                                                                                                                                                                                                                               ,                                                                                  ,                                                                  , 
17605,1387, Accession #1387 Donation 04/29/1941 (1387)      , 1 ea          , Basket                , Rattan; Bamboo               , Asia-Southeast Asia-Philippines-Agusan del Norte-; ; Amparo Settlement               , Manobo                                     ,                                                                                       , Utility basket of rattan and bamboo. Woven rattan basket                                                                                                                                                                                                                                                                                                                                                                                                                                                                                                                                                                             , round opening                                                                                                                                                                                                                                                                                                                                                                                                                               ,                                                                                                                                                                                                                                                                                                                                                                                                               ,                                                                                  ,                                                                  , 
17612,1387, Accession #1387 Donation 04/29/1941 (1387)      , 1 ea          , Basket                , Rattan                       , Asia-Southeast Asia-Philippines--; ;                                                 ,                                            , https://kstocks.si676.si.umich.edu/omeka-kyle/files/original/Baskets/17612_1.jpeg     , Small covered (no cover present) basket of rattan and bamboo. Used for flowers.                                                                                                                                                                                                                                                                                                                                                                                                                                                                                                                                                            ,                                                                                                                                                                                                                                                                                                                                                                                                                                             ,                                                                                                                                                                                                                                                                                                                                                                                                               ,                                                                                  ,                                                                  , 
17613,1387, Accession #1387 Donation 04/29/1941 (1387)      , 1 ea          , Basket                , Bamboo                       , Asia-Southeast Asia-Philippines--; ;                                                 ,                                            , https://kstocks.si676.si.umich.edu/omeka-kyle/files/original/Baskets/17613_1.jpeg     , 1 square open weave basket of bamboo with small circular opening on top. A fish trap (?)                                                                                                                                                                                                                                                                                                                                                                                                                                                                                                                                                   ,                                                                                                                                                                                                                                                                                                                                                                                                                                             ,                                                                                                                                                                                                                                                                                                                                                                                                               ,                                                                                  ,                                                                  , 
17709,1587, Accession #1587 Donation 10/03/1944 (1587)      , 1 ea          , Basket                , Rattan                       , Asia-Southeast Asia-Philippines--; ;                                                 ,                                            , https://kstocks.si676.si.umich.edu/omeka-kyle/files/original/Baskets/17709_1.jpeg     , One rattan tray. The overall shape is round and shallow                                                                                                                                                                                                                                                                                                                                                                                                                                                                                                                                                                              , with the base woven in a herringbone pattern. At the rim                                                                                                                                                                                                                                                                                                                                                                                    ,                                                                                                                                                                                                                                                                                                                                                                                                               ,                                                                                  ,                                                                  , 
23835,1475, Accession #1475 Donation 04/18/1942 (1475)      , 1 ea          , Basket                , Bamboo                       , Asia-Southeast Asia-Philippines--; ; Central Luzon                                   ,                                            , https://kstocks.si676.si.umich.edu/omeka-kyle/files/original/Baskets/23835_1.jpeg     , Large round basket with unfinished top. Frame pieces extend approximately 7 cm above woven portion. Filled with spools of cotton thread and wool yarn.                                                                                                                                                                                                                                                                                                                                                                                                                                                                                     ,                                                                                                                                                                                                                                                                                                                                                                                                                                             ,                                                                                                                                                                                                                                                                                                                                                                                                               ,                                                                                  ,                                                                  , 
26644,3281, Accession #3281 UMMAA Expedition (3281)         , 1 ea          , Basket                , Fiber                        , Asia-Southeast Asia-Philippines--; ;                                                 ,                                            , https://kstocks.si676.si.umich.edu/omeka-kyle/files/original/Baskets/26644_1.jpeg     , Small round basket of woven fiber. Has rounded bottom and thus does not stand.                                                                                                                                                                                                                                                                                                                                                                                                                                                                                                                                                             ,                                                                                                                                                                                                                                                                                                                                                                                                                                             ,                                                                                                                                                                                                                                                                                                                                                                                                               ,                                                                                  ,                                                                  , 
37326,2175, Accession #2175 Donation 1955 (2175)            , 1 ea          , Basket                , Fiber                        , Asia-Southeast Asia-Philippines--; ;                                                 ,                                            ,                                                                                       , bask or hat of twilled basketry. Round. No bottom. Open at both ends. One opening is narrow while other is wide.                                                                                                                                                                                                                                                                                                                                                                                                                                                                                                                           ,                                                                                                                                                                                                                                                                                                                                                                                                                                             ,                                                                                                                                                                                                                                                                                                                                                                                                               ,                                                                                  ,                                                                  , 
37327,2175, Accession #2175 Donation 1955 (2175)            , 1 ea          , Basket                , Grass                        , Asia-Southeast Asia-Philippines--; ;                                                 ,                                            , https://kstocks.si676.si.umich.edu/omeka-kyle/files/original/Baskets/37327_1.jpeg     , One grass basket from the Philippines. The bas of the basket is flat                                                                                                                                                                                                                                                                                                                                                                                                                                                                                                                                                                 , and the sides angle out to form a truncated cone shape. Made of coils of grass sewn together with two-ply thread                                                                                                                                                                                                                                                                                                                            , interspersed with horizontal rings of green and red from the center of the base to the top. At the very center of the base is a hole approximately 1.5cm in diameter.                                                                                                                                                                                                                                   ,                                                                                  ,                                                                  , 
47287,2558, Accession #2558 Donation 09/21/1959 (2558)      , 1 ea          , Basket making material, Bamboo                       , Asia-Southeast Asia-Philippines-Bulacan-; Central Luzon; Pulilan                     ,                                            , https://kstocks.si676.si.umich.edu/omeka-kyle/files/original/Baskets/47287_1.jpeg     , 1 bamboo ring. One tan strip of bamboo                                                                                                                                                                                                                                                                                                                                                                                                                                                                                                                                                                                               , bent into a circle and with the edges knotted together.                                                                                                                                                                                                                                                                                                                                                                               ,                                                                                                                                                                                                                                                                                                                                                                                                               ,                                                                                  ,                                                                  , 
92138,3461, Accession #3461 UMMAA Expedition 10/1979 (3461) , 1 ea          , Basket                , Balsa                        , Asia-Southeast Asia-Philippines--; ;                                                 ,                                            ,                                                                                       ," 1 man's travel basket. Called ""nead basketmade with water proof lejuco covering. Basket has a rectangular base made of a wide rigid strip of organic material. Body of the basket is made of basketry in a tightly woven zigzag pattern. A flap comes over the top of the basket opening to cover it and is attached to two straps of similar woven basketry. Another flap is attached to the cover flap and this outer flap is made of woven basketry covered with a shaggy plant material reminiscent of porcupine quills or grass. This shaggy material covers one entire side of the basket as well as the closure flap.",                                                                                                                                                                                                                                                                                                                                                                                                                                             ,                                                                                                                                                                                                                                                                                                                                                                                                               ,                                                                                  ,                                                                  , 
92297,3581, Accession #3581 Donation 07/10/1984 (3581)      , 1 ea          , Basket                , Rattan                       , Asia-Southeast Asia-Philippines-Mindoro Oriental-; Mt. Halcon; Santa Rosa or Dulangan, Mangyan                                    , https://kstocks.si676.si.umich.edu/omeka-kyle/files/original/Baskets/92297_1.jpeg     , Fine-weave rattan basket                                                                                                                                                                                                                                                                                                                                                                                                                                                                                                                                                                                                             , barrel-shaped. The base consists of a 25X25cm lattice of looser weave                                                                                                                                                                                                                                                                                                                                                                       , bottom is square.                                                                                                                                                                                                                                                                                                                                                                                       ,                                                                                  ,                                                                  , 
92298,3581, Accession #3581 Donation 07/10/1984 (3581)      , 1 ea          , Basket                , Rattan                       , Asia-Southeast Asia-Philippines-Mindoro Oriental-; Mt. Halcon; Santa Rosa or Dulangan, Mangyan                                    , https://kstocks.si676.si.umich.edu/omeka-kyle/files/original/Baskets/92298_1.jpeg     , Fine-weave rattan basket                                                                                                                                                                                                                                                                                                                                                                                                                                                                                                                                                                                                             , conical in shape. The base is a 20X20cm square of looser weave. Two strips of rattan cross it diagonally from corner to corner                                                                                                                                                                                                                                                                                                              , reinforcing the sides of the basket. A strap                                                                                                                                                                                                                                                                                                                                                                  , consisting of a thin strip about 60 cm long                                      , is attached to the rim next to two adjacent vertical strips., 
92305,3581, Accession #3581 Donation 07/10/1984 (3581)      , 1 ea          , Basket                , Bamboo                       , Asia-Southeast Asia-Philippines--; Luzon;                                            ,                                            , https://kstocks.si676.si.umich.edu/omeka-kyle/files/original/Baskets/92305_1.jpeg     , Loose-weave bamboo basket                                                                                                                                                                                                                                                                                                                                                                                                                                                                                                                                                                                                            , with hinge top and single handle on top. The base and sides are square. The top is peaked and has a loop for shutting. Loop attached to lid. Can be tied to loop on body. The handle is formed from three separate pieces; on which runs from base-to-base up the center of the basket; the other two parallel to it . Running from corner-to-corner on either side to if. They are tied together at the top. Basket is rectangular in shape,                                                                                                                                                                                                                                                                                                                                                                                                               ,                                                                                  ,                                                                  , 
17574-a           ,1387, Accession #1387 Donation 04/29/1941 (1387)      , 1 ea          , Basket                , Rattan; Bamboo               , Asia-Southeast Asia-Philippines--; ;                                                 ,                                            , https://kstocks.si676.si.umich.edu/omeka-kyle/files/original/Baskets/17574_1.jpeg     , 1 clothes basket of bamboo and rattan. Rectangular bottom made of bamboo                                                                                                                                                                                                                                                                                                                                                                                                                                                                                                                                                             , design on edges of base made from crossed rattan. Elliptical opening of bamboo lashed with rattan.                                                                                                                                                                                                                                                                                                                                    ,                                                                                                                                                                                                                                                                                                                                                                                                               ,                                                                                  ,                                                                  , 
17595-a           ,1387, Accession #1387 Donation 04/29/1941 (1387)      , 1 ea          , Basket                , Rattan; Bamboo               , Asia-Southeast Asia-Philippines-Ilocos Sur-; ; Suyo                            ," Tagudin""                             ", https://kstocks.si676.si.umich.edu/omeka-kyle/files/original/Baskets/17595_1.jpeg     ,                                                                                                                                                                                                                                                                                                                                                                                                                                                                                                                                                                                                                                            , Basket. Bamboo rectangular base. Rectangular opening with slight rounding at corners. Body of woven rattan. Rim edged with bamboo. Rattan braid near bottom. Connected to b with a fiber cord. Carrying basket.                                                                                                                                                                                                                     ,                                                                                                                                                                                                                                                                                                                                                                                                               ,                                                                                  ,                                                                  , 
17599-a           ,1387, Accession #1387 Donation 04/29/1941 (1387)      , 1 ea          , Basket                , Balsa                        , Asia-Southeast Asia-Philippines-Negros Occidental-; Visayan Islands; Masaling  , Canayan                              , https://kstocks.si676.si.umich.edu/omeka-kyle/files/original/Baskets/17599_1.jpeg     , Visayan                                                                                                                                                                                                                                                                                                                                                                                                                                                                                                                                                                                                                                    , Base to a covered basket made of pandanus. This type of basket is used for tied fibers. The shape is roughly cylindrical                                                                                                                                                                                                                                                                                                              , with hexagonal shapes in the overall weave.                                                                                                                                                                                                                                                                                                                                                             ,                                                                                  ,                                                                  , 
17599-b           ,1387, Accession #1387 Donation 04/29/1941 (1387)      , 1 ea          , Basket                , Balsa                        , Asia-Southeast Asia-Philippines-Negros Occidental-; Visayan Islands; Masaling  , Canayan                              , https://kstocks.si676.si.umich.edu/omeka-kyle/files/original/Baskets/17599_1.jpeg     , Visayan                                                                                                                                                                                                                                                                                                                                                                                                                                                                                                                                                                                                                                    , Lid to a covered basket made of pandanus. This type of basket is used for tied fibers. The shape is roughly cylindrical                                                                                                                                                                                                                                                                                                               , with hexagonal shapes in the overall weave.                                                                                                                                                                                                                                                                                                                                                             ,                                                                                  ,                                                                  , 
17606-a           ,1387, Accession #1387 Donation 04/29/1941 (1387)      , 1 ea          , Basket                , Rattan; Bamboo               , Asia-Southeast Asia-Philippines-La Union-; ; San Fernando                      ," Union""                               ",                                                                                       ,                                                                                                                                                                                                                                                                                                                                                                                                                                                                                                                                                                                                                                            ," One clothes basket of bamboo and rattan. A tag on the lid reads ""the government of the Philippine Islands. Bureau of Education. Industrial Exhibit. English - suit case. Dialect - Tampipi. Bamboo and rattan. No. E-105. Price $.40 Obtained at San Fernando.Box - deep rectangular box made of interwoven rattan in zigzag pattern. Top                                                                                     ", and middle of sides are reinforced with bamboo. Each corner also has a reinforcement of a 1/2 (cut vertically) tube of bamboo. The cut is not complete                                                                                                                                                                                                                                                        , leaving a 5 cm section of whole bamboo that serves as a leg. Some string         , tags                                                             , and rattan inside.
17607-a           ,1387, Accession #1387 Donation 04/29/1941 (1387)      , 1 ea          , Basket                , Rattan; Bamboo; Cotton       , Asia-Southeast Asia-Philippines-Sorsogon-; ; Bulan                                   ,                                            , https://kstocks.si676.si.umich.edu/omeka-kyle/files/original/Baskets/17607_1.jpeg     ," Basket. Round topped basket with square base. Woven rattan fiber with bamboo around the rim. Two small rattan handles. Cotton string hangs inside from one end to other. Attached card reads: ""Basket has been used for one year. It is used by all classes for holding various articles.                                                                                                                                                                                                                                                                                                                                   ",                                                                                                                                                                                                                                                                                                                                                                                                                                             ,                                                                                                                                                                                                                                                                                                                                                                                                               ,                                                                                  ,                                                                  , 
1989-74-22        ,1989, Accession #1989-74 Donation 12/07/1989 (1989-74), 1 ea          , Basket                , Rattan; Needles; Grass; Fiber, Asia-Southeast Asia-Philippines--; Northern Luzon; Benguet and Bontoc Provinces      , Igorot                                     ,                                                                                       , This head basket is composed of 2 small pouches to which rows of grasses and needles have been attached at the back. The main part of the basket consists of a long pouch of finely woven rattan. This pouch is rectangular. At the top of the pouch a V-shaped slit is left open. The sides and bottom of the front pouch are made out of plant fiber netting.                                                                                                                                                                                                                                                                            ,                                                                                                                                                                                                                                                                                                                                                                                                                                             ,                                                                                                                                                                                                                                                                                                                                                                                                               ,                                                                                  ,                                                                  , 
1989-74-23        ,1989, Accession #1989-74 Donation 12/07/1989 (1989-74), 1 ea          , Basket                , Rattan; Wood; Needles        , Asia-Southeast Asia-Philippines--; Northern Luzon; Benguet and Bontoc Provinces      , Igorot                                     , https://kstocks.si676.si.umich.edu/omeka-kyle/files/original/Baskets/1989-74-23_2.jpeg, This is a basket of finely woven rattan. At the top a flap is attached to one side of the basket and extends over the opening. The top of the basket is shaped on both sides like the top half of a hexagon. Two long braided cords of rattan are attached to the opening to be used as possible shoulder straps. The flap over the front is thatched with rows of loose fiber (needles?). The base of the basket is a rectangular wooden frame.                                                                                                                                                                                           ,                                                                                                                                                                                                                                                                                                                                                                                                                                             ,                                                                                                                                                                                                                                                                                                                                                                                                               ,                                                                                  ,                                                                  , 
1989-74-25        ,1989, Accession #1989-74 Donation 12/07/1989 (1989-74), 1 ea          , Basket                , Rattan; Wood; Leaf           , Asia-Southeast Asia-Philippines--; Northern Luzon; Benguet and Bontoc Provinces      , Igorot                                     , https://kstocks.si676.si.umich.edu/omeka-kyle/files/original/Baskets/1989-74-25_1.jpeg, Child's                                                                                                                                                                                                                                                                                                                                                                                                                                                                                                                                                                                                                              , comote. This small woven basket is circular at the top                                                                                                                                                                                                                                                                                                                                                                                      ,                                                                                                                                                                                                                                                                                                                                                                                                               ,                                                                                  ,                                                                  , 
1989-74-26-a      ,1989, Accession #1989-74 Donation 12/07/1989 (1989-74), 1 ea          , Basket                , Balsa                        , Asia-Southeast Asia-Philippines--; Northern Luzon; Benguet and Bontoc Provinces      , Igorot                                     ,                                                                                       , This bulb-shaped                                                                                                                                                                                                                                                                                                                                                                                                                                                                                                                                                                                                                     , undecorated basket is made of finely woven rattan. The basket has a rim to place the cover on and a base. The basket flares out to its widest diameter about 10 cm down from the top of the rim. The basket's diameter then sharply decreases.                                                                                                                                                                                        ,                                                                                                                                                                                                                                                                                                                                                                                                               ,                                                                                  ,                                                                  , 
1989-74-79        ,1989, Accession #1989-74 Donation 12/07/1989 (1989-74), 1 ea          , Basket                , Rattan                       , Asia-Southeast Asia-Philippines--; Northern Luzon; Benguet and Bontoc Provinces      , Igorot                                     , https://kstocks.si676.si.umich.edu/omeka-kyle/files/original/Baskets/1989-74-79_1.jpeg, This is a cone-shaped basket made of woven rattan. The large                                                                                                                                                                                                                                                                                                                                                                                                                                                                                                                                                                         , round end is open so that things could be put in it. Three dark brown bands of three rows each of rattan have been woven around the basket at irregular intervals to provide decoration.                                                                                                                                                                                                                                              ,                                                                                                                                                                                                                                                                                                                                                                                                               ,                                                                                  ,                                                                  , 
8126-a            ,278, Accession #278 Purchase 04/20/1926 (278)        , 1 ea          , Basket                , Botanical                    , Asia-Southeast Asia-Philippines-Lanao del Sur-; Mindanao; Malalbang                  ,                                            , https://kstocks.si676.si.umich.edu/omeka-kyle/files/original/Baskets/8126_1.jpeg      , Woven basketry hamper. Used as a container for food and clothing. Round with a very open weave. 8126a is the base                                                                                                                                                                                                                                                                                                                                                                                                                                                                                                                    , 8126b is a lid.                                                                                                                                                                                                                                                                                                                                                                                                                       ,                                                                                                                                                                                                                                                                                                                                                                                                               ,                                                                                  ,                                                                  , 
8126-b            ,278, Accession #278 Purchase 04/20/1926 (278)        , 1 ea          , Basket                , Botanical                    , Asia-Southeast Asia-Philippines-Lanao del Sur-; Mindanao; Malabang                   ,                                            , https://kstocks.si676.si.umich.edu/omeka-kyle/files/original/Baskets/8126_1.jpeg      , Woven basketry hamper. Used as a container for food and clothing. Round with a very open weave. 8126a is the base                                                                                                                                                                                                                                                                                                                                                                                                                                                                                                                    , 8126b is a lid.                                                                                                                                                                                                                                                                                                                                                                                                                       ,                                                                                                                                                                                                                                                                                                                                                                                                               ,                                                                                  ,                                                                  , 
8127-a            ,278, Accession #278 Purchase 04/20/1926 (278)        , 1 ea          , Basket                , Reed                         , Asia-Southeast Asia-Philippines--; ;                                                 ,                                            , https://kstocks.si676.si.umich.edu/omeka-kyle/files/original/Baskets/8127_1.jpeg      , Lid to one covered basket from the Philippines. The basket is made of reed in natural and black colors                                                                                                                                                                                                                                                                                                                                                                                                                                                                                                                               , the latter of which is produced by rice straw smoke. The basket is rectangular with a short height                                                                                                                                                                                                                                                                                                                                          ,                                                                                                                                                                                                                                                                                                                                                                                                               ,                                                                                  ,                                                                  , 
8127-b            ,278, Accession #278 Purchase 04/20/1926 (278)        , 1 ea          , Basket                , Reed                         , Asia-Southeast Asia-Philippines--; ;                                                 ,                                            , https://kstocks.si676.si.umich.edu/omeka-kyle/files/original/Baskets/8127_1.jpeg      , Base to one covered basket from the Philippines. The basket is made of reed in natural and black colors                                                                                                                                                                                                                                                                                                                                                                                                                                                                                                                              , the latter of which is produced by rice straw smoke. The basket is rectangular with a short height                                                                                                                                                                                                                                                                                                                                          ,                                                                                                                                                                                                                                                                                                                                                                                                               ,                                                                                  ,                                                                  , 
8128-a            ,278, Accession #278 Purchase 04/20/1926 (278)        , 1 ea          , Basket                , Grass                        , Asia-Southeast Asia-Philippines--; ;                                                 ,                                            , https://kstocks.si676.si.umich.edu/omeka-kyle/files/original/Baskets/8128_1.jpeg      , Bottom part of covered basket of woven grass alternating light and dark colors.                                                                                                                                                                                                                                                                                                                                                                                                                                                                                                                                                            ,                                                                                                                                                                                                                                                                                                                                                                                                                                             ,                                                                                                                                                                                                                                                                                                                                                                                                               ,                                                                                  ,                                                                  , 
8128-b            ,278, Accession #278 Purchase 04/20/1926 (278)        , 1 ea          , Basket                , Grass                        , Asia-Southeast Asia-Philippines--; ;                                                 ,                                            , https://kstocks.si676.si.umich.edu/omeka-kyle/files/original/Baskets/8128_1.jpeg      , Top part of covered basket of woven grass alternating light and dark colors.                                                                                                                                                                                                                                                                                                                                                                                                                                                                                                                                                               ,                                                                                                                                                                                                                                                                                                                                                                                                                                             ,                                                                                                                                                                                                                                                                                                                                                                                                               ,                                                                                  ,                                                                  , 
8418-b            ,220, Accession #220 UMMAA Expedition 08/31/1925 (220), 1 ea          , Basket                , Fiber                        , Asia-Southeast Asia-Philippines--; ;                                                 ,                                            ,                                                                                       , Woven basket. Fits with 8418c.                                                                                                                                                                                                                                                                                                                                                                                                                                                                                                                                                                                                             ,                                                                                                                                                                                                                                                                                                                                                                                                                                             ,                                                                                                                                                                                                                                                                                                                                                                                                               ,                                                                                  ,                                                                  , 
