directory,filename,file_ext,size_bytes,size_kib,size_kb,size_mib,size_mb,rel_path,full_path
Baskets,17570_1.jpg,jpg,5210279,5088.2,5210,5,5,Baskets/17570_1.jpg,/Users/jajohnst/Documents/teaching/2025-4-SI-676-NetworkedLAMS/ummaa_project_data_samples/Baskets
Baskets,17571_1.jpg,jpg,4726856,4616.1,4727,4.5,5,Baskets/17571_1.jpg,/Users/jajohnst/Documents/teaching/2025-4-SI-676-NetworkedLAMS/ummaa_project_data_samples/Baskets
Baskets,17574_1.jpg,jpg,5517381,5388.1,5517,5.3,6,Baskets/17574_1.jpg,/Users/jajohnst/Documents/teaching/2025-4-SI-676-NetworkedLAMS/ummaa_project_data_samples/Baskets
Baskets,17575_1.jpg,jpg,4171865,4074.1,4172,4,4,Baskets/17575_1.jpg,/Users/jajohnst/Documents/teaching/2025-4-SI-676-NetworkedLAMS/ummaa_project_data_samples/Baskets
Baskets,17576_1.jpg,jpg,4827808,4714.7,4828,4.6,5,Baskets/17576_1.jpg,/Users/jajohnst/Documents/teaching/2025-4-SI-676-NetworkedLAMS/ummaa_project_data_samples/Baskets
Baskets,17577_1.jpg,jpg,4812560,4699.8,4813,4.6,5,Baskets/17577_1.jpg,/Users/jajohnst/Documents/teaching/2025-4-SI-676-NetworkedLAMS/ummaa_project_data_samples/Baskets
Baskets,17579_1.jpg,jpg,4562006,4455.1,4562,4.4,5,Baskets/17579_1.jpg,/Users/jajohnst/Documents/teaching/2025-4-SI-676-NetworkedLAMS/ummaa_project_data_samples/Baskets
Baskets,17580_1.jpg,jpg,3743023,3655.3,3743,3.6,4,Baskets/17580_1.jpg,/Users/jajohnst/Documents/teaching/2025-4-SI-676-NetworkedLAMS/ummaa_project_data_samples/Baskets
Baskets,17582_1.jpg,jpg,4656594,4547.5,4657,4.4,5,Baskets/17582_1.jpg,/Users/jajohnst/Documents/teaching/2025-4-SI-676-NetworkedLAMS/ummaa_project_data_samples/Baskets
Baskets,17583_1.jpg,jpg,4873772,4759.5,4874,4.6,5,Baskets/17583_1.jpg,/Users/jajohnst/Documents/teaching/2025-4-SI-676-NetworkedLAMS/ummaa_project_data_samples/Baskets
Baskets,17585_1.jpg,jpg,4918008,4802.7,4918,4.7,5,Baskets/17585_1.jpg,/Users/jajohnst/Documents/teaching/2025-4-SI-676-NetworkedLAMS/ummaa_project_data_samples/Baskets
Baskets,17586_1.jpg,jpg,4774120,4662.2,4774,4.6,5,Baskets/17586_1.jpg,/Users/jajohnst/Documents/teaching/2025-4-SI-676-NetworkedLAMS/ummaa_project_data_samples/Baskets
Baskets,17587_1.jpg,jpg,1976799,1930.5,1977,1.9,2,Baskets/17587_1.jpg,/Users/jajohnst/Documents/teaching/2025-4-SI-676-NetworkedLAMS/ummaa_project_data_samples/Baskets
Baskets,17590_1.jpg,jpg,4125898,4029.2,4126,3.9,4,Baskets/17590_1.jpg,/Users/jajohnst/Documents/teaching/2025-4-SI-676-NetworkedLAMS/ummaa_project_data_samples/Baskets
Baskets,17591_1.jpg,jpg,4490092,4384.9,4490,4.3,4,Baskets/17591_1.jpg,/Users/jajohnst/Documents/teaching/2025-4-SI-676-NetworkedLAMS/ummaa_project_data_samples/Baskets
Baskets,17593_1.jpg,jpg,3807444,3718.2,3807,3.6,4,Baskets/17593_1.jpg,/Users/jajohnst/Documents/teaching/2025-4-SI-676-NetworkedLAMS/ummaa_project_data_samples/Baskets
Baskets,17594_1.jpg,jpg,4199156,4100.7,4199,4,4,Baskets/17594_1.jpg,/Users/jajohnst/Documents/teaching/2025-4-SI-676-NetworkedLAMS/ummaa_project_data_samples/Baskets
Baskets,17595_1.jpg,jpg,4524676,4418.6,4525,4.3,5,Baskets/17595_1.jpg,/Users/jajohnst/Documents/teaching/2025-4-SI-676-NetworkedLAMS/ummaa_project_data_samples/Baskets
Baskets,17596_1.jpg,jpg,3442563,3361.9,3443,3.3,3,Baskets/17596_1.jpg,/Users/jajohnst/Documents/teaching/2025-4-SI-676-NetworkedLAMS/ummaa_project_data_samples/Baskets
Baskets,17597_1.jpg,jpg,4913081,4797.9,4913,4.7,5,Baskets/17597_1.jpg,/Users/jajohnst/Documents/teaching/2025-4-SI-676-NetworkedLAMS/ummaa_project_data_samples/Baskets
Baskets,17598_1.jpg,jpg,4043516,3948.7,4044,3.9,4,Baskets/17598_1.jpg,/Users/jajohnst/Documents/teaching/2025-4-SI-676-NetworkedLAMS/ummaa_project_data_samples/Baskets
Baskets,17599_1.jpg,jpg,3058831,2987.1,3059,2.9,3,Baskets/17599_1.jpg,/Users/jajohnst/Documents/teaching/2025-4-SI-676-NetworkedLAMS/ummaa_project_data_samples/Baskets
Baskets,17600_1.jpg,jpg,5229842,5107.3,5230,5,5,Baskets/17600_1.jpg,/Users/jajohnst/Documents/teaching/2025-4-SI-676-NetworkedLAMS/ummaa_project_data_samples/Baskets
Baskets,17601_1.jpg,jpg,4219945,4121,4220,4,4,Baskets/17601_1.jpg,/Users/jajohnst/Documents/teaching/2025-4-SI-676-NetworkedLAMS/ummaa_project_data_samples/Baskets
Baskets,17602_1.jpg,jpg,4645478,4536.6,4645,4.4,5,Baskets/17602_1.jpg,/Users/jajohnst/Documents/teaching/2025-4-SI-676-NetworkedLAMS/ummaa_project_data_samples/Baskets
Baskets,17607_1.jpg,jpg,4659505,4550.3,4660,4.4,5,Baskets/17607_1.jpg,/Users/jajohnst/Documents/teaching/2025-4-SI-676-NetworkedLAMS/ummaa_project_data_samples/Baskets
Baskets,17610_1.jpg,jpg,4842878,4729.4,4843,4.6,5,Baskets/17610_1.jpg,/Users/jajohnst/Documents/teaching/2025-4-SI-676-NetworkedLAMS/ummaa_project_data_samples/Baskets
Baskets,17612_1.jpg,jpg,3891737,3800.5,3892,3.7,4,Baskets/17612_1.jpg,/Users/jajohnst/Documents/teaching/2025-4-SI-676-NetworkedLAMS/ummaa_project_data_samples/Baskets
Baskets,17613_1.jpg,jpg,5299228,5175,5299,5.1,5,Baskets/17613_1.jpg,/Users/jajohnst/Documents/teaching/2025-4-SI-676-NetworkedLAMS/ummaa_project_data_samples/Baskets
Baskets,17652_1.jpg,jpg,4877296,4763,4877,4.7,5,Baskets/17652_1.jpg,/Users/jajohnst/Documents/teaching/2025-4-SI-676-NetworkedLAMS/ummaa_project_data_samples/Baskets
Baskets,17707_1.jpg,jpg,3321329,3243.5,3321,3.2,3,Baskets/17707_1.jpg,/Users/jajohnst/Documents/teaching/2025-4-SI-676-NetworkedLAMS/ummaa_project_data_samples/Baskets
Baskets,17709_1.jpg,jpg,4393607,4290.6,4394,4.2,4,Baskets/17709_1.jpg,/Users/jajohnst/Documents/teaching/2025-4-SI-676-NetworkedLAMS/ummaa_project_data_samples/Baskets
Baskets,1989-74-23_2.jpg,jpg,4576826,4469.6,4577,4.4,5,Baskets/1989-74-23_2.jpg,/Users/jajohnst/Documents/teaching/2025-4-SI-676-NetworkedLAMS/ummaa_project_data_samples/Baskets
Baskets,1989-74-25_1.jpg,jpg,4649968,4541,4650,4.4,5,Baskets/1989-74-25_1.jpg,/Users/jajohnst/Documents/teaching/2025-4-SI-676-NetworkedLAMS/ummaa_project_data_samples/Baskets
Baskets,1989-74-26_1.jpg,jpg,4927526,4812,4928,4.7,5,Baskets/1989-74-26_1.jpg,/Users/jajohnst/Documents/teaching/2025-4-SI-676-NetworkedLAMS/ummaa_project_data_samples/Baskets
Baskets,1989-74-27_1.jpg,jpg,4582958,4475.5,4583,4.4,5,Baskets/1989-74-27_1.jpg,/Users/jajohnst/Documents/teaching/2025-4-SI-676-NetworkedLAMS/ummaa_project_data_samples/Baskets
Baskets,1989-74-28_1.jpg,jpg,4556194,4449.4,4556,4.3,5,Baskets/1989-74-28_1.jpg,/Users/jajohnst/Documents/teaching/2025-4-SI-676-NetworkedLAMS/ummaa_project_data_samples/Baskets
Baskets,1989-74-29_1.jpg,jpg,4119635,4023.1,4120,3.9,4,Baskets/1989-74-29_1.jpg,/Users/jajohnst/Documents/teaching/2025-4-SI-676-NetworkedLAMS/ummaa_project_data_samples/Baskets
Baskets,1989-74-30_1.jpg,jpg,4272009,4171.9,4272,4.1,4,Baskets/1989-74-30_1.jpg,/Users/jajohnst/Documents/teaching/2025-4-SI-676-NetworkedLAMS/ummaa_project_data_samples/Baskets
Baskets,1989-74-32_3.jpg,jpg,4186526,4088.4,4187,4,4,Baskets/1989-74-32_3.jpg,/Users/jajohnst/Documents/teaching/2025-4-SI-676-NetworkedLAMS/ummaa_project_data_samples/Baskets
Baskets,1989-74-32_4.jpg,jpg,4752698,4641.3,4753,4.5,5,Baskets/1989-74-32_4.jpg,/Users/jajohnst/Documents/teaching/2025-4-SI-676-NetworkedLAMS/ummaa_project_data_samples/Baskets
Baskets,1989-74-33_1.jpg,jpg,4837654,4724.3,4838,4.6,5,Baskets/1989-74-33_1.jpg,/Users/jajohnst/Documents/teaching/2025-4-SI-676-NetworkedLAMS/ummaa_project_data_samples/Baskets
Baskets,1989-74-49_1.jpg,jpg,2887790,2820.1,2888,2.8,3,Baskets/1989-74-49_1.jpg,/Users/jajohnst/Documents/teaching/2025-4-SI-676-NetworkedLAMS/ummaa_project_data_samples/Baskets
Baskets,1989-74-51_1.jpg,jpg,4885683,4771.2,4886,4.7,5,Baskets/1989-74-51_1.jpg,/Users/jajohnst/Documents/teaching/2025-4-SI-676-NetworkedLAMS/ummaa_project_data_samples/Baskets
Baskets,1989-74-52_1.jpg,jpg,4572970,4465.8,4573,4.4,5,Baskets/1989-74-52_1.jpg,/Users/jajohnst/Documents/teaching/2025-4-SI-676-NetworkedLAMS/ummaa_project_data_samples/Baskets
Baskets,1989-74-54_1.jpg,jpg,3560814,3477.4,3561,3.4,4,Baskets/1989-74-54_1.jpg,/Users/jajohnst/Documents/teaching/2025-4-SI-676-NetworkedLAMS/ummaa_project_data_samples/Baskets
Baskets,1989-74-55_1.jpg,jpg,2315056,2260.8,2315,2.2,2,Baskets/1989-74-55_1.jpg,/Users/jajohnst/Documents/teaching/2025-4-SI-676-NetworkedLAMS/ummaa_project_data_samples/Baskets
Baskets,1989-74-65_1.jpg,jpg,3542888,3459.9,3543,3.4,4,Baskets/1989-74-65_1.jpg,/Users/jajohnst/Documents/teaching/2025-4-SI-676-NetworkedLAMS/ummaa_project_data_samples/Baskets
Baskets,1989-74-66_1.jpg,jpg,3539526,3456.6,3540,3.4,4,Baskets/1989-74-66_1.jpg,/Users/jajohnst/Documents/teaching/2025-4-SI-676-NetworkedLAMS/ummaa_project_data_samples/Baskets
Baskets,1989-74-79_1.jpg,jpg,4305781,4204.9,4306,4.1,4,Baskets/1989-74-79_1.jpg,/Users/jajohnst/Documents/teaching/2025-4-SI-676-NetworkedLAMS/ummaa_project_data_samples/Baskets
Baskets,23835_1.jpg,jpg,4792470,4680.1,4792,4.6,5,Baskets/23835_1.jpg,/Users/jajohnst/Documents/teaching/2025-4-SI-676-NetworkedLAMS/ummaa_project_data_samples/Baskets
Baskets,26644_1.jpg,jpg,4013514,3919.4,4014,3.8,4,Baskets/26644_1.jpg,/Users/jajohnst/Documents/teaching/2025-4-SI-676-NetworkedLAMS/ummaa_project_data_samples/Baskets
Baskets,37324_1.jpg,jpg,4691957,4582,4692,4.5,5,Baskets/37324_1.jpg,/Users/jajohnst/Documents/teaching/2025-4-SI-676-NetworkedLAMS/ummaa_project_data_samples/Baskets
Baskets,37327_1.jpg,jpg,4864486,4750.5,4864,4.6,5,Baskets/37327_1.jpg,/Users/jajohnst/Documents/teaching/2025-4-SI-676-NetworkedLAMS/ummaa_project_data_samples/Baskets
Baskets,47283_1.jpg,jpg,3260800,3184.4,3261,3.1,3,Baskets/47283_1.jpg,/Users/jajohnst/Documents/teaching/2025-4-SI-676-NetworkedLAMS/ummaa_project_data_samples/Baskets
Baskets,47287_1.jpg,jpg,2917607,2849.2,2918,2.8,3,Baskets/47287_1.jpg,/Users/jajohnst/Documents/teaching/2025-4-SI-676-NetworkedLAMS/ummaa_project_data_samples/Baskets
Baskets,8056_1.jpg,jpg,3090456,3018,3090,2.9,3,Baskets/8056_1.jpg,/Users/jajohnst/Documents/teaching/2025-4-SI-676-NetworkedLAMS/ummaa_project_data_samples/Baskets
Baskets,8057_1.jpg,jpg,3011931,2941.3,3012,2.9,3,Baskets/8057_1.jpg,/Users/jajohnst/Documents/teaching/2025-4-SI-676-NetworkedLAMS/ummaa_project_data_samples/Baskets
Baskets,8126_1.jpg,jpg,4007940,3914,4008,3.8,4,Baskets/8126_1.jpg,/Users/jajohnst/Documents/teaching/2025-4-SI-676-NetworkedLAMS/ummaa_project_data_samples/Baskets
Baskets,8127_1.jpg,jpg,3912923,3821.2,3913,3.7,4,Baskets/8127_1.jpg,/Users/jajohnst/Documents/teaching/2025-4-SI-676-NetworkedLAMS/ummaa_project_data_samples/Baskets
Baskets,8128_1.jpg,jpg,4608267,4500.3,4608,4.4,5,Baskets/8128_1.jpg,/Users/jajohnst/Documents/teaching/2025-4-SI-676-NetworkedLAMS/ummaa_project_data_samples/Baskets
Baskets,8129_1.jpg,jpg,3366157,3287.3,3366,3.2,3,Baskets/8129_1.jpg,/Users/jajohnst/Documents/teaching/2025-4-SI-676-NetworkedLAMS/ummaa_project_data_samples/Baskets
Baskets,8130_1.jpg,jpg,3745167,3657.4,3745,3.6,4,Baskets/8130_1.jpg,/Users/jajohnst/Documents/teaching/2025-4-SI-676-NetworkedLAMS/ummaa_project_data_samples/Baskets
Baskets,8131_2.jpg,jpg,2488939,2430.6,2489,2.4,2,Baskets/8131_2.jpg,/Users/jajohnst/Documents/teaching/2025-4-SI-676-NetworkedLAMS/ummaa_project_data_samples/Baskets
Baskets,8272_1.jpg,jpg,5202195,5080.3,5202,5,5,Baskets/8272_1.jpg,/Users/jajohnst/Documents/teaching/2025-4-SI-676-NetworkedLAMS/ummaa_project_data_samples/Baskets
Baskets,8367_1.jpg,jpg,4816920,4704,4817,4.6,5,Baskets/8367_1.jpg,/Users/jajohnst/Documents/teaching/2025-4-SI-676-NetworkedLAMS/ummaa_project_data_samples/Baskets
Baskets,8480_1.jpg,jpg,4045319,3950.5,4045,3.9,4,Baskets/8480_1.jpg,/Users/jajohnst/Documents/teaching/2025-4-SI-676-NetworkedLAMS/ummaa_project_data_samples/Baskets
Baskets,8483_1.jpg,jpg,2995514,2925.3,2996,2.9,3,Baskets/8483_1.jpg,/Users/jajohnst/Documents/teaching/2025-4-SI-676-NetworkedLAMS/ummaa_project_data_samples/Baskets
Baskets,8550_1.jpg,jpg,4965398,4849,4965,4.7,5,Baskets/8550_1.jpg,/Users/jajohnst/Documents/teaching/2025-4-SI-676-NetworkedLAMS/ummaa_project_data_samples/Baskets
Baskets,8551_1.jpg,jpg,4624182,4515.8,4624,4.4,5,Baskets/8551_1.jpg,/Users/jajohnst/Documents/teaching/2025-4-SI-676-NetworkedLAMS/ummaa_project_data_samples/Baskets
Baskets,8551_7.jpg,jpg,4070344,3974.9,4070,3.9,4,Baskets/8551_7.jpg,/Users/jajohnst/Documents/teaching/2025-4-SI-676-NetworkedLAMS/ummaa_project_data_samples/Baskets
Baskets,8575_1.jpg,jpg,4712353,4601.9,4712,4.5,5,Baskets/8575_1.jpg,/Users/jajohnst/Documents/teaching/2025-4-SI-676-NetworkedLAMS/ummaa_project_data_samples/Baskets
Baskets,8576_1.jpg,jpg,4614386,4506.2,4614,4.4,5,Baskets/8576_1.jpg,/Users/jajohnst/Documents/teaching/2025-4-SI-676-NetworkedLAMS/ummaa_project_data_samples/Baskets
Baskets,8578_1.jpg,jpg,4767073,4655.3,4767,4.5,5,Baskets/8578_1.jpg,/Users/jajohnst/Documents/teaching/2025-4-SI-676-NetworkedLAMS/ummaa_project_data_samples/Baskets
Baskets,8582_1.jpg,jpg,3609476,3524.9,3609,3.4,4,Baskets/8582_1.jpg,/Users/jajohnst/Documents/teaching/2025-4-SI-676-NetworkedLAMS/ummaa_project_data_samples/Baskets
Baskets,8583_1.jpg,jpg,4644234,4535.4,4644,4.4,5,Baskets/8583_1.jpg,/Users/jajohnst/Documents/teaching/2025-4-SI-676-NetworkedLAMS/ummaa_project_data_samples/Baskets
Baskets,8584_1.jpg,jpg,4162354,4064.8,4162,4,4,Baskets/8584_1.jpg,/Users/jajohnst/Documents/teaching/2025-4-SI-676-NetworkedLAMS/ummaa_project_data_samples/Baskets
Baskets,8624_1.jpg,jpg,4108479,4012.2,4108,3.9,4,Baskets/8624_1.jpg,/Users/jajohnst/Documents/teaching/2025-4-SI-676-NetworkedLAMS/ummaa_project_data_samples/Baskets
Baskets,8637-a_1.jpg,jpg,2900209,2832.2,2900,2.8,3,Baskets/8637-a_1.jpg,/Users/jajohnst/Documents/teaching/2025-4-SI-676-NetworkedLAMS/ummaa_project_data_samples/Baskets
Baskets,8637-b_1.jpg,jpg,2894142,2826.3,2894,2.8,3,Baskets/8637-b_1.jpg,/Users/jajohnst/Documents/teaching/2025-4-SI-676-NetworkedLAMS/ummaa_project_data_samples/Baskets
Baskets,8637-c_1.jpg,jpg,3096634,3024.1,3097,3,3,Baskets/8637-c_1.jpg,/Users/jajohnst/Documents/teaching/2025-4-SI-676-NetworkedLAMS/ummaa_project_data_samples/Baskets
Baskets,8637-d_1.jpg,jpg,3153504,3079.6,3154,3,3,Baskets/8637-d_1.jpg,/Users/jajohnst/Documents/teaching/2025-4-SI-676-NetworkedLAMS/ummaa_project_data_samples/Baskets
Baskets,8637-e_1.jpg,jpg,2844040,2777.4,2844,2.7,3,Baskets/8637-e_1.jpg,/Users/jajohnst/Documents/teaching/2025-4-SI-676-NetworkedLAMS/ummaa_project_data_samples/Baskets
Baskets,8637-f_1.jpg,jpg,2965123,2895.6,2965,2.8,3,Baskets/8637-f_1.jpg,/Users/jajohnst/Documents/teaching/2025-4-SI-676-NetworkedLAMS/ummaa_project_data_samples/Baskets
Baskets,8644_1.jpg,jpg,4370151,4267.7,4370,4.2,4,Baskets/8644_1.jpg,/Users/jajohnst/Documents/teaching/2025-4-SI-676-NetworkedLAMS/ummaa_project_data_samples/Baskets
Baskets,8645-a_1.jpg,jpg,4676034,4566.4,4676,4.5,5,Baskets/8645-a_1.jpg,/Users/jajohnst/Documents/teaching/2025-4-SI-676-NetworkedLAMS/ummaa_project_data_samples/Baskets
Baskets,8645-b_1.jpg,jpg,4160025,4062.5,4160,4,4,Baskets/8645-b_1.jpg,/Users/jajohnst/Documents/teaching/2025-4-SI-676-NetworkedLAMS/ummaa_project_data_samples/Baskets
Baskets,8652_1.jpg,jpg,5326494,5201.7,5326,5.1,5,Baskets/8652_1.jpg,/Users/jajohnst/Documents/teaching/2025-4-SI-676-NetworkedLAMS/ummaa_project_data_samples/Baskets
Baskets,8654_1.jpg,jpg,4545323,4438.8,4545,4.3,5,Baskets/8654_1.jpg,/Users/jajohnst/Documents/teaching/2025-4-SI-676-NetworkedLAMS/ummaa_project_data_samples/Baskets
Baskets,92123_1.jpg,jpg,4020433,3926.2,4020,3.8,4,Baskets/92123_1.jpg,/Users/jajohnst/Documents/teaching/2025-4-SI-676-NetworkedLAMS/ummaa_project_data_samples/Baskets
Baskets,92124_1.jpg,jpg,4007077,3913.2,4007,3.8,4,Baskets/92124_1.jpg,/Users/jajohnst/Documents/teaching/2025-4-SI-676-NetworkedLAMS/ummaa_project_data_samples/Baskets
Baskets,92125_1.jpg,jpg,4558134,4451.3,4558,4.3,5,Baskets/92125_1.jpg,/Users/jajohnst/Documents/teaching/2025-4-SI-676-NetworkedLAMS/ummaa_project_data_samples/Baskets
Baskets,92126_1.jpg,jpg,4545584,4439,4546,4.3,5,Baskets/92126_1.jpg,/Users/jajohnst/Documents/teaching/2025-4-SI-676-NetworkedLAMS/ummaa_project_data_samples/Baskets
Baskets,92297_1.jpg,jpg,4906665,4791.7,4907,4.7,5,Baskets/92297_1.jpg,/Users/jajohnst/Documents/teaching/2025-4-SI-676-NetworkedLAMS/ummaa_project_data_samples/Baskets
Baskets,92298_1.jpg,jpg,4751890,4640.5,4752,4.5,5,Baskets/92298_1.jpg,/Users/jajohnst/Documents/teaching/2025-4-SI-676-NetworkedLAMS/ummaa_project_data_samples/Baskets
Baskets,92299_1.jpg,jpg,3808888,3719.6,3809,3.6,4,Baskets/92299_1.jpg,/Users/jajohnst/Documents/teaching/2025-4-SI-676-NetworkedLAMS/ummaa_project_data_samples/Baskets
Baskets,92300_1.jpg,jpg,3893236,3802,3893,3.7,4,Baskets/92300_1.jpg,/Users/jajohnst/Documents/teaching/2025-4-SI-676-NetworkedLAMS/ummaa_project_data_samples/Baskets
Baskets,92304_1.jpg,jpg,5026244,4908.4,5026,4.8,5,Baskets/92304_1.jpg,/Users/jajohnst/Documents/teaching/2025-4-SI-676-NetworkedLAMS/ummaa_project_data_samples/Baskets
Baskets,92305_1.jpg,jpg,4825181,4712.1,4825,4.6,5,Baskets/92305_1.jpg,/Users/jajohnst/Documents/teaching/2025-4-SI-676-NetworkedLAMS/ummaa_project_data_samples/Baskets
Other Ethnographic,24747_1.jpg,jpg,4049821,3954.9,4050,3.9,4,Other Ethnographic/24747_1.jpg,/Users/jajohnst/Documents/teaching/2025-4-SI-676-NetworkedLAMS/ummaa_project_data_samples/Other Ethnographic
Other Ethnographic,92117_1.jpg,jpg,3468847,3387.5,3469,3.3,3,Other Ethnographic/92117_1.jpg,/Users/jajohnst/Documents/teaching/2025-4-SI-676-NetworkedLAMS/ummaa_project_data_samples/Other Ethnographic
Other Ethnographic,2003-33-167_1.jpg,jpg,2719906,2656.2,2720,2.6,3,Other Ethnographic/2003-33-167_1.jpg,/Users/jajohnst/Documents/teaching/2025-4-SI-676-NetworkedLAMS/ummaa_project_data_samples/Other Ethnographic
Other Ethnographic,8560-b_2.jpg,jpg,1408542,1375.5,1409,1.3,1,Other Ethnographic/8560-b_2.jpg,/Users/jajohnst/Documents/teaching/2025-4-SI-676-NetworkedLAMS/ummaa_project_data_samples/Other Ethnographic
Other Ethnographic,8542_1.jpg,jpg,2967083,2897.5,2967,2.8,3,Other Ethnographic/8542_1.jpg,/Users/jajohnst/Documents/teaching/2025-4-SI-676-NetworkedLAMS/ummaa_project_data_samples/Other Ethnographic
Other Ethnographic,2003-33-141_1.jpg,jpg,3436866,3356.3,3437,3.3,3,Other Ethnographic/2003-33-141_1.jpg,/Users/jajohnst/Documents/teaching/2025-4-SI-676-NetworkedLAMS/ummaa_project_data_samples/Other Ethnographic
Other Ethnographic,2003-33-158_1.jpg,jpg,3761738,3673.6,3762,3.6,4,Other Ethnographic/2003-33-158_1.jpg,/Users/jajohnst/Documents/teaching/2025-4-SI-676-NetworkedLAMS/ummaa_project_data_samples/Other Ethnographic
Other Ethnographic,92115_1.jpg,jpg,4337345,4235.7,4337,4.1,4,Other Ethnographic/92115_1.jpg,/Users/jajohnst/Documents/teaching/2025-4-SI-676-NetworkedLAMS/ummaa_project_data_samples/Other Ethnographic
Other Ethnographic,24745_1.jpg,jpg,2469817,2411.9,2470,2.4,2,Other Ethnographic/24745_1.jpg,/Users/jajohnst/Documents/teaching/2025-4-SI-676-NetworkedLAMS/ummaa_project_data_samples/Other Ethnographic
Other Ethnographic,2003-33-161_1.jpg,jpg,3268758,3192.1,3269,3.1,3,Other Ethnographic/2003-33-161_1.jpg,/Users/jajohnst/Documents/teaching/2025-4-SI-676-NetworkedLAMS/ummaa_project_data_samples/Other Ethnographic
Other Ethnographic,2003-33-164-c_1.jpg,jpg,4027954,3933.5,4028,3.8,4,Other Ethnographic/2003-33-164-c_1.jpg,/Users/jajohnst/Documents/teaching/2025-4-SI-676-NetworkedLAMS/ummaa_project_data_samples/Other Ethnographic
Other Ethnographic,2003-33-177-b_1.jpg,jpg,4263016,4163.1,4263,4.1,4,Other Ethnographic/2003-33-177-b_1.jpg,/Users/jajohnst/Documents/teaching/2025-4-SI-676-NetworkedLAMS/ummaa_project_data_samples/Other Ethnographic
Other Ethnographic,92111_1.jpg,jpg,3646948,3561.5,3647,3.5,4,Other Ethnographic/92111_1.jpg,/Users/jajohnst/Documents/teaching/2025-4-SI-676-NetworkedLAMS/ummaa_project_data_samples/Other Ethnographic
Other Ethnographic,92135_1.jpg,jpg,2286762,2233.2,2287,2.2,2,Other Ethnographic/92135_1.jpg,/Users/jajohnst/Documents/teaching/2025-4-SI-676-NetworkedLAMS/ummaa_project_data_samples/Other Ethnographic
Other Ethnographic,24645_1.jpg,jpg,3356632,3278,3357,3.2,3,Other Ethnographic/24645_1.jpg,/Users/jajohnst/Documents/teaching/2025-4-SI-676-NetworkedLAMS/ummaa_project_data_samples/Other Ethnographic
Other Ethnographic,24758_1.jpg,jpg,2801620,2736,2802,2.7,3,Other Ethnographic/24758_1.jpg,/Users/jajohnst/Documents/teaching/2025-4-SI-676-NetworkedLAMS/ummaa_project_data_samples/Other Ethnographic
Other Ethnographic,92108_1.jpg,jpg,3864065,3773.5,3864,3.7,4,Other Ethnographic/92108_1.jpg,/Users/jajohnst/Documents/teaching/2025-4-SI-676-NetworkedLAMS/ummaa_project_data_samples/Other Ethnographic
Other Ethnographic,92137_1.jpg,jpg,2191999,2140.6,2192,2.1,2,Other Ethnographic/92137_1.jpg,/Users/jajohnst/Documents/teaching/2025-4-SI-676-NetworkedLAMS/ummaa_project_data_samples/Other Ethnographic
Other Ethnographic,2003-33-187_1.jpg,jpg,1427121,1393.7,1427,1.4,1,Other Ethnographic/2003-33-187_1.jpg,/Users/jajohnst/Documents/teaching/2025-4-SI-676-NetworkedLAMS/ummaa_project_data_samples/Other Ethnographic
Other Ethnographic,92113_1.jpg,jpg,3184231,3109.6,3184,3,3,Other Ethnographic/92113_1.jpg,/Users/jajohnst/Documents/teaching/2025-4-SI-676-NetworkedLAMS/ummaa_project_data_samples/Other Ethnographic
Other Ethnographic,8560_1.jpg,jpg,2078323,2029.6,2078,2,2,Other Ethnographic/8560_1.jpg,/Users/jajohnst/Documents/teaching/2025-4-SI-676-NetworkedLAMS/ummaa_project_data_samples/Other Ethnographic
Other Ethnographic,1989-74-38_1.jpg,jpg,3652304,3566.7,3652,3.5,4,Other Ethnographic/1989-74-38_1.jpg,/Users/jajohnst/Documents/teaching/2025-4-SI-676-NetworkedLAMS/ummaa_project_data_samples/Other Ethnographic
Other Ethnographic,1989-74-40_1.jpg,jpg,3540440,3457.5,3540,3.4,4,Other Ethnographic/1989-74-40_1.jpg,/Users/jajohnst/Documents/teaching/2025-4-SI-676-NetworkedLAMS/ummaa_project_data_samples/Other Ethnographic
Other Ethnographic,2003-33-164-a_1.jpg,jpg,3726966,3639.6,3727,3.6,4,Other Ethnographic/2003-33-164-a_1.jpg,/Users/jajohnst/Documents/teaching/2025-4-SI-676-NetworkedLAMS/ummaa_project_data_samples/Other Ethnographic
Other Ethnographic,92114_1.jpg,jpg,3894633,3803.4,3895,3.7,4,Other Ethnographic/92114_1.jpg,/Users/jajohnst/Documents/teaching/2025-4-SI-676-NetworkedLAMS/ummaa_project_data_samples/Other Ethnographic
Other Ethnographic,2003-33-159_1.jpg,jpg,3285560,3208.6,3286,3.1,3,Other Ethnographic/2003-33-159_1.jpg,/Users/jajohnst/Documents/teaching/2025-4-SI-676-NetworkedLAMS/ummaa_project_data_samples/Other Ethnographic
Other Ethnographic,2003-33-164-d_1.jpg,jpg,4511477,4405.7,4511,4.3,5,Other Ethnographic/2003-33-164-d_1.jpg,/Users/jajohnst/Documents/teaching/2025-4-SI-676-NetworkedLAMS/ummaa_project_data_samples/Other Ethnographic
Other Ethnographic,8565_1.jpg,jpg,2835084,2768.6,2835,2.7,3,Other Ethnographic/8565_1.jpg,/Users/jajohnst/Documents/teaching/2025-4-SI-676-NetworkedLAMS/ummaa_project_data_samples/Other Ethnographic
Other Ethnographic,92116_1.jpg,jpg,4121704,4025.1,4122,3.9,4,Other Ethnographic/92116_1.jpg,/Users/jajohnst/Documents/teaching/2025-4-SI-676-NetworkedLAMS/ummaa_project_data_samples/Other Ethnographic
Other Ethnographic,92136_1.jpg,jpg,2274457,2221.1,2274,2.2,2,Other Ethnographic/92136_1.jpg,/Users/jajohnst/Documents/teaching/2025-4-SI-676-NetworkedLAMS/ummaa_project_data_samples/Other Ethnographic
Other Ethnographic,1361_1.jpg,jpg,4132180,4035.3,4132,3.9,4,Other Ethnographic/1361_1.jpg,/Users/jajohnst/Documents/teaching/2025-4-SI-676-NetworkedLAMS/ummaa_project_data_samples/Other Ethnographic
Other Ethnographic,2003-33-177-a_1.jpg,jpg,4275684,4175.5,4276,4.1,4,Other Ethnographic/2003-33-177-a_1.jpg,/Users/jajohnst/Documents/teaching/2025-4-SI-676-NetworkedLAMS/ummaa_project_data_samples/Other Ethnographic
Other Ethnographic,1989-74-41_1.jpg,jpg,3772404,3684,3772,3.6,4,Other Ethnographic/1989-74-41_1.jpg,/Users/jajohnst/Documents/teaching/2025-4-SI-676-NetworkedLAMS/ummaa_project_data_samples/Other Ethnographic
Other Ethnographic,1989-74-39_1.jpg,jpg,4037888,3943.2,4038,3.9,4,Other Ethnographic/1989-74-39_1.jpg,/Users/jajohnst/Documents/teaching/2025-4-SI-676-NetworkedLAMS/ummaa_project_data_samples/Other Ethnographic
Other Ethnographic,8105-a_1.jpg,jpg,4535166,4428.9,4535,4.3,5,Other Ethnographic/8105-a_1.jpg,/Users/jajohnst/Documents/teaching/2025-4-SI-676-NetworkedLAMS/ummaa_project_data_samples/Other Ethnographic
Other Ethnographic,92112_1.jpg,jpg,3618015,3533.2,3618,3.5,4,Other Ethnographic/92112_1.jpg,/Users/jajohnst/Documents/teaching/2025-4-SI-676-NetworkedLAMS/ummaa_project_data_samples/Other Ethnographic
Other Ethnographic,92110_1.jpg,jpg,3569790,3486.1,3570,3.4,4,Other Ethnographic/92110_1.jpg,/Users/jajohnst/Documents/teaching/2025-4-SI-676-NetworkedLAMS/ummaa_project_data_samples/Other Ethnographic
Other Ethnographic,8137_1.jpg,jpg,2800107,2734.5,2800,2.7,3,Other Ethnographic/8137_1.jpg,/Users/jajohnst/Documents/teaching/2025-4-SI-676-NetworkedLAMS/ummaa_project_data_samples/Other Ethnographic
Other Ethnographic,2003-33-164-b_1.jpg,jpg,3852047,3761.8,3852,3.7,4,Other Ethnographic/2003-33-164-b_1.jpg,/Users/jajohnst/Documents/teaching/2025-4-SI-676-NetworkedLAMS/ummaa_project_data_samples/Other Ethnographic
Other Ethnographic,2003-33-160_1.jpg,jpg,3018251,2947.5,3018,2.9,3,Other Ethnographic/2003-33-160_1.jpg,/Users/jajohnst/Documents/teaching/2025-4-SI-676-NetworkedLAMS/ummaa_project_data_samples/Other Ethnographic
Other Ethnographic,92109_1.jpg,jpg,3472559,3391.2,3473,3.3,3,Other Ethnographic/92109_1.jpg,/Users/jajohnst/Documents/teaching/2025-4-SI-676-NetworkedLAMS/ummaa_project_data_samples/Other Ethnographic
Other Ethnographic,24764_1.jpg,jpg,3059136,2987.4,3059,2.9,3,Other Ethnographic/24764_1.jpg,/Users/jajohnst/Documents/teaching/2025-4-SI-676-NetworkedLAMS/ummaa_project_data_samples/Other Ethnographic
Other Ethnographic,2003-33-188_1.jpg,jpg,1344416,1312.9,1344,1.3,1,Other Ethnographic/2003-33-188_1.jpg,/Users/jajohnst/Documents/teaching/2025-4-SI-676-NetworkedLAMS/ummaa_project_data_samples/Other Ethnographic
Other Ethnographic,2003-33-195-b_1.jpg,jpg,3192280,3117.5,3192,3,3,Other Ethnographic/2003-33-195-b_1.jpg,/Users/jajohnst/Documents/teaching/2025-4-SI-676-NetworkedLAMS/ummaa_project_data_samples/Other Ethnographic
Other Ethnographic,8134-d_1.jpg,jpg,5718348,5584.3,5718,5.5,6,Other Ethnographic/8134-d_1.jpg,/Users/jajohnst/Documents/teaching/2025-4-SI-676-NetworkedLAMS/ummaa_project_data_samples/Other Ethnographic
Other Ethnographic,25710_1.jpg,jpg,2605269,2544.2,2605,2.5,3,Other Ethnographic/25710_1.jpg,/Users/jajohnst/Documents/teaching/2025-4-SI-676-NetworkedLAMS/ummaa_project_data_samples/Other Ethnographic
Other Ethnographic,92121_1.jpg,jpg,3923838,3831.9,3924,3.7,4,Other Ethnographic/92121_1.jpg,/Users/jajohnst/Documents/teaching/2025-4-SI-676-NetworkedLAMS/ummaa_project_data_samples/Other Ethnographic
Other Ethnographic,2003-33-171-b_1.jpg,jpg,3173377,3099,3173,3,3,Other Ethnographic/2003-33-171-b_1.jpg,/Users/jajohnst/Documents/teaching/2025-4-SI-676-NetworkedLAMS/ummaa_project_data_samples/Other Ethnographic
Other Ethnographic,2003-33-172-a_1.jpg,jpg,3098612,3026,3099,3,3,Other Ethnographic/2003-33-172-a_1.jpg,/Users/jajohnst/Documents/teaching/2025-4-SI-676-NetworkedLAMS/ummaa_project_data_samples/Other Ethnographic
Other Ethnographic,8280_1.jpg,jpg,3664978,3579.1,3665,3.5,4,Other Ethnographic/8280_1.jpg,/Users/jajohnst/Documents/teaching/2025-4-SI-676-NetworkedLAMS/ummaa_project_data_samples/Other Ethnographic
Other Ethnographic,17654_1.jpg,jpg,4832912,4719.6,4833,4.6,5,Other Ethnographic/17654_1.jpg,/Users/jajohnst/Documents/teaching/2025-4-SI-676-NetworkedLAMS/ummaa_project_data_samples/Other Ethnographic
Other Ethnographic,8535_1.jpg,jpg,5663294,5530.6,5663,5.4,6,Other Ethnographic/8535_1.jpg,/Users/jajohnst/Documents/teaching/2025-4-SI-676-NetworkedLAMS/ummaa_project_data_samples/Other Ethnographic
Other Ethnographic,2003-33-163-a_1.jpg,jpg,3549081,3465.9,3549,3.4,4,Other Ethnographic/2003-33-163-a_1.jpg,/Users/jajohnst/Documents/teaching/2025-4-SI-676-NetworkedLAMS/ummaa_project_data_samples/Other Ethnographic
Other Ethnographic,8134-b_1.jpg,jpg,5460495,5332.5,5460,5.2,5,Other Ethnographic/8134-b_1.jpg,/Users/jajohnst/Documents/teaching/2025-4-SI-676-NetworkedLAMS/ummaa_project_data_samples/Other Ethnographic
Other Ethnographic,2003-33-173_1.jpg,jpg,2735484,2671.4,2735,2.6,3,Other Ethnographic/2003-33-173_1.jpg,/Users/jajohnst/Documents/teaching/2025-4-SI-676-NetworkedLAMS/ummaa_project_data_samples/Other Ethnographic
Other Ethnographic,8100_1.jpg,jpg,5379024,5253,5379,5.1,5,Other Ethnographic/8100_1.jpg,/Users/jajohnst/Documents/teaching/2025-4-SI-676-NetworkedLAMS/ummaa_project_data_samples/Other Ethnographic
Other Ethnographic,8058_1.jpg,jpg,3698832,3612.1,3699,3.5,4,Other Ethnographic/8058_1.jpg,/Users/jajohnst/Documents/teaching/2025-4-SI-676-NetworkedLAMS/ummaa_project_data_samples/Other Ethnographic
Other Ethnographic,2003-33-172-e_1.jpg,jpg,2975931,2906.2,2976,2.8,3,Other Ethnographic/2003-33-172-e_1.jpg,/Users/jajohnst/Documents/teaching/2025-4-SI-676-NetworkedLAMS/ummaa_project_data_samples/Other Ethnographic
Other Ethnographic,2003-33-157_1.jpg,jpg,3476660,3395.2,3477,3.3,3,Other Ethnographic/2003-33-157_1.jpg,/Users/jajohnst/Documents/teaching/2025-4-SI-676-NetworkedLAMS/ummaa_project_data_samples/Other Ethnographic
Other Ethnographic,2003-33-195_1.jpg,jpg,3837456,3747.5,3837,3.7,4,Other Ethnographic/2003-33-195_1.jpg,/Users/jajohnst/Documents/teaching/2025-4-SI-676-NetworkedLAMS/ummaa_project_data_samples/Other Ethnographic
Other Ethnographic,92118_1.jpg,jpg,3959755,3866.9,3960,3.8,4,Other Ethnographic/92118_1.jpg,/Users/jajohnst/Documents/teaching/2025-4-SI-676-NetworkedLAMS/ummaa_project_data_samples/Other Ethnographic
Other Ethnographic,2003-33-155_1.jpg,jpg,3376922,3297.8,3377,3.2,3,Other Ethnographic/2003-33-155_1.jpg,/Users/jajohnst/Documents/teaching/2025-4-SI-676-NetworkedLAMS/ummaa_project_data_samples/Other Ethnographic
Other Ethnographic,8537_1.jpg,jpg,5078898,4959.9,5079,4.8,5,Other Ethnographic/8537_1.jpg,/Users/jajohnst/Documents/teaching/2025-4-SI-676-NetworkedLAMS/ummaa_project_data_samples/Other Ethnographic
Other Ethnographic,8138_1.jpg,jpg,3869298,3778.6,3869,3.7,4,Other Ethnographic/8138_1.jpg,/Users/jajohnst/Documents/teaching/2025-4-SI-676-NetworkedLAMS/ummaa_project_data_samples/Other Ethnographic
Other Ethnographic,2003-33-152_1.jpg,jpg,4572246,4465.1,4572,4.4,5,Other Ethnographic/2003-33-152_1.jpg,/Users/jajohnst/Documents/teaching/2025-4-SI-676-NetworkedLAMS/ummaa_project_data_samples/Other Ethnographic
Other Ethnographic,2003-33-171-a_1.jpg,jpg,3252588,3176.4,3253,3.1,3,Other Ethnographic/2003-33-171-a_1.jpg,/Users/jajohnst/Documents/teaching/2025-4-SI-676-NetworkedLAMS/ummaa_project_data_samples/Other Ethnographic
Other Ethnographic,2003-33-195-a_1.jpg,jpg,4125274,4028.6,4125,3.9,4,Other Ethnographic/2003-33-195-a_1.jpg,/Users/jajohnst/Documents/teaching/2025-4-SI-676-NetworkedLAMS/ummaa_project_data_samples/Other Ethnographic
Other Ethnographic,2003-33-149_1.jpg,jpg,4010652,3916.7,4011,3.8,4,Other Ethnographic/2003-33-149_1.jpg,/Users/jajohnst/Documents/teaching/2025-4-SI-676-NetworkedLAMS/ummaa_project_data_samples/Other Ethnographic
Other Ethnographic,2003-33-196-b_1.jpg,jpg,1920756,1875.7,1921,1.8,2,Other Ethnographic/2003-33-196-b_1.jpg,/Users/jajohnst/Documents/teaching/2025-4-SI-676-NetworkedLAMS/ummaa_project_data_samples/Other Ethnographic
Other Ethnographic,2003-33-172-b_1.jpg,jpg,3642384,3557,3642,3.5,4,Other Ethnographic/2003-33-172-b_1.jpg,/Users/jajohnst/Documents/teaching/2025-4-SI-676-NetworkedLAMS/ummaa_project_data_samples/Other Ethnographic
Other Ethnographic,2003-33-150_1.jpg,jpg,3963840,3870.9,3964,3.8,4,Other Ethnographic/2003-33-150_1.jpg,/Users/jajohnst/Documents/teaching/2025-4-SI-676-NetworkedLAMS/ummaa_project_data_samples/Other Ethnographic
Other Ethnographic,92120_1.jpg,jpg,3797948,3708.9,3798,3.6,4,Other Ethnographic/92120_1.jpg,/Users/jajohnst/Documents/teaching/2025-4-SI-676-NetworkedLAMS/ummaa_project_data_samples/Other Ethnographic
Other Ethnographic,2003-33-154_1.jpg,jpg,4716664,4606.1,4717,4.5,5,Other Ethnographic/2003-33-154_1.jpg,/Users/jajohnst/Documents/teaching/2025-4-SI-676-NetworkedLAMS/ummaa_project_data_samples/Other Ethnographic
Other Ethnographic,92119_1.jpg,jpg,4109730,4013.4,4110,3.9,4,Other Ethnographic/92119_1.jpg,/Users/jajohnst/Documents/teaching/2025-4-SI-676-NetworkedLAMS/ummaa_project_data_samples/Other Ethnographic
Other Ethnographic,8066_1.jpg,jpg,4600598,4492.8,4601,4.4,5,Other Ethnographic/8066_1.jpg,/Users/jajohnst/Documents/teaching/2025-4-SI-676-NetworkedLAMS/ummaa_project_data_samples/Other Ethnographic
Other Ethnographic,2003-33-163-b_1.jpg,jpg,4175998,4078.1,4176,4,4,Other Ethnographic/2003-33-163-b_1.jpg,/Users/jajohnst/Documents/teaching/2025-4-SI-676-NetworkedLAMS/ummaa_project_data_samples/Other Ethnographic
Other Ethnographic,8536_1.jpg,jpg,4998385,4881.2,4998,4.8,5,Other Ethnographic/8536_1.jpg,/Users/jajohnst/Documents/teaching/2025-4-SI-676-NetworkedLAMS/ummaa_project_data_samples/Other Ethnographic
Other Ethnographic,8134-a_1.jpg,jpg,5745775,5611.1,5746,5.5,6,Other Ethnographic/8134-a_1.jpg,/Users/jajohnst/Documents/teaching/2025-4-SI-676-NetworkedLAMS/ummaa_project_data_samples/Other Ethnographic
Other Ethnographic,8134-c_1.jpg,jpg,5671166,5538.2,5671,5.4,6,Other Ethnographic/8134-c_1.jpg,/Users/jajohnst/Documents/teaching/2025-4-SI-676-NetworkedLAMS/ummaa_project_data_samples/Other Ethnographic
Other Ethnographic,2003-33-196_1.jpg,jpg,4468811,4364.1,4469,4.3,4,Other Ethnographic/2003-33-196_1.jpg,/Users/jajohnst/Documents/teaching/2025-4-SI-676-NetworkedLAMS/ummaa_project_data_samples/Other Ethnographic
Other Ethnographic,2003-33-172-d_1.jpg,jpg,3277344,3200.5,3277,3.1,3,Other Ethnographic/2003-33-172-d_1.jpg,/Users/jajohnst/Documents/teaching/2025-4-SI-676-NetworkedLAMS/ummaa_project_data_samples/Other Ethnographic
Other Ethnographic,2003-33-156_1.jpg,jpg,3419432,3339.3,3419,3.3,3,Other Ethnographic/2003-33-156_1.jpg,/Users/jajohnst/Documents/teaching/2025-4-SI-676-NetworkedLAMS/ummaa_project_data_samples/Other Ethnographic
Other Ethnographic,8101_1.jpg,jpg,2373456,2317.8,2373,2.3,2,Other Ethnographic/8101_1.jpg,/Users/jajohnst/Documents/teaching/2025-4-SI-676-NetworkedLAMS/ummaa_project_data_samples/Other Ethnographic
Weapons & Armor,8010_1.jpg,jpg,28552,27.9,29,0,0,Weapons & Armor/8010_1.jpg,/Users/jajohnst/Documents/teaching/2025-4-SI-676-NetworkedLAMS/ummaa_project_data_samples/Weapons & Armor
Weapons & Armor,8311_1.jpg,jpg,25603,25,26,0,0,Weapons & Armor/8311_1.jpg,/Users/jajohnst/Documents/teaching/2025-4-SI-676-NetworkedLAMS/ummaa_project_data_samples/Weapons & Armor
Weapons & Armor,36803_3.jpg,jpg,37093,36.2,37,0,0,Weapons & Armor/36803_3.jpg,/Users/jajohnst/Documents/teaching/2025-4-SI-676-NetworkedLAMS/ummaa_project_data_samples/Weapons & Armor
Weapons & Armor,8559_1.jpg,jpg,38750,37.8,39,0,0,Weapons & Armor/8559_1.jpg,/Users/jajohnst/Documents/teaching/2025-4-SI-676-NetworkedLAMS/ummaa_project_data_samples/Weapons & Armor
Weapons & Armor,8401_1.jpg,jpg,41118,40.2,41,0,0,Weapons & Armor/8401_1.jpg,/Users/jajohnst/Documents/teaching/2025-4-SI-676-NetworkedLAMS/ummaa_project_data_samples/Weapons & Armor
Weapons & Armor,36801_1.jpg,jpg,27055,26.4,27,0,0,Weapons & Armor/36801_1.jpg,/Users/jajohnst/Documents/teaching/2025-4-SI-676-NetworkedLAMS/ummaa_project_data_samples/Weapons & Armor
Weapons & Armor,8215_1.jpg,jpg,38187,37.3,38,0,0,Weapons & Armor/8215_1.jpg,/Users/jajohnst/Documents/teaching/2025-4-SI-676-NetworkedLAMS/ummaa_project_data_samples/Weapons & Armor
Weapons & Armor,8009_1.jpg,jpg,27338,26.7,27,0,0,Weapons & Armor/8009_1.jpg,/Users/jajohnst/Documents/teaching/2025-4-SI-676-NetworkedLAMS/ummaa_project_data_samples/Weapons & Armor
Weapons & Armor,36803_2.jpg,jpg,39949,39,40,0,0,Weapons & Armor/36803_2.jpg,/Users/jajohnst/Documents/teaching/2025-4-SI-676-NetworkedLAMS/ummaa_project_data_samples/Weapons & Armor
Weapons & Armor,8308_1.jpg,jpg,24809,24.2,25,0,0,Weapons & Armor/8308_1.jpg,/Users/jajohnst/Documents/teaching/2025-4-SI-676-NetworkedLAMS/ummaa_project_data_samples/Weapons & Armor
Weapons & Armor,8313_2.jpg,jpg,25176,24.6,25,0,0,Weapons & Armor/8313_2.jpg,/Users/jajohnst/Documents/teaching/2025-4-SI-676-NetworkedLAMS/ummaa_project_data_samples/Weapons & Armor
Weapons & Armor,92096_1.jpg,jpg,29180,28.5,29,0,0,Weapons & Armor/92096_1.jpg,/Users/jajohnst/Documents/teaching/2025-4-SI-676-NetworkedLAMS/ummaa_project_data_samples/Weapons & Armor
Weapons & Armor,37339_2.jpg,jpg,35875,35,36,0,0,Weapons & Armor/37339_2.jpg,/Users/jajohnst/Documents/teaching/2025-4-SI-676-NetworkedLAMS/ummaa_project_data_samples/Weapons & Armor
Weapons & Armor,8290_1.jpg,jpg,37013,36.1,37,0,0,Weapons & Armor/8290_1.jpg,/Users/jajohnst/Documents/teaching/2025-4-SI-676-NetworkedLAMS/ummaa_project_data_samples/Weapons & Armor
Weapons & Armor,8010_2.jpg,jpg,28744,28.1,29,0,0,Weapons & Armor/8010_2.jpg,/Users/jajohnst/Documents/teaching/2025-4-SI-676-NetworkedLAMS/ummaa_project_data_samples/Weapons & Armor
Weapons & Armor,8311_2.jpg,jpg,25690,25.1,26,0,0,Weapons & Armor/8311_2.jpg,/Users/jajohnst/Documents/teaching/2025-4-SI-676-NetworkedLAMS/ummaa_project_data_samples/Weapons & Armor
Weapons & Armor,8308_3.jpg,jpg,35832,35,36,0,0,Weapons & Armor/8308_3.jpg,/Users/jajohnst/Documents/teaching/2025-4-SI-676-NetworkedLAMS/ummaa_project_data_samples/Weapons & Armor
Weapons & Armor,8559_2.jpg,jpg,36713,35.9,37,0,0,Weapons & Armor/8559_2.jpg,/Users/jajohnst/Documents/teaching/2025-4-SI-676-NetworkedLAMS/ummaa_project_data_samples/Weapons & Armor
Weapons & Armor,8401_2.jpg,jpg,40375,39.4,40,0,0,Weapons & Armor/8401_2.jpg,/Users/jajohnst/Documents/teaching/2025-4-SI-676-NetworkedLAMS/ummaa_project_data_samples/Weapons & Armor
Weapons & Armor,36801_2.jpg,jpg,26627,26,27,0,0,Weapons & Armor/36801_2.jpg,/Users/jajohnst/Documents/teaching/2025-4-SI-676-NetworkedLAMS/ummaa_project_data_samples/Weapons & Armor
Weapons & Armor,8215_2.jpg,jpg,38164,37.3,38,0,0,Weapons & Armor/8215_2.jpg,/Users/jajohnst/Documents/teaching/2025-4-SI-676-NetworkedLAMS/ummaa_project_data_samples/Weapons & Armor
Weapons & Armor,36801_3.jpg,jpg,41996,41,42,0,0,Weapons & Armor/36801_3.jpg,/Users/jajohnst/Documents/teaching/2025-4-SI-676-NetworkedLAMS/ummaa_project_data_samples/Weapons & Armor
Weapons & Armor,8009_2.jpg,jpg,27018,26.4,27,0,0,Weapons & Armor/8009_2.jpg,/Users/jajohnst/Documents/teaching/2025-4-SI-676-NetworkedLAMS/ummaa_project_data_samples/Weapons & Armor
Weapons & Armor,8308_2.jpg,jpg,24922,24.3,25,0,0,Weapons & Armor/8308_2.jpg,/Users/jajohnst/Documents/teaching/2025-4-SI-676-NetworkedLAMS/ummaa_project_data_samples/Weapons & Armor
Weapons & Armor,36803_1.jpg,jpg,40654,39.7,41,0,0,Weapons & Armor/36803_1.jpg,/Users/jajohnst/Documents/teaching/2025-4-SI-676-NetworkedLAMS/ummaa_project_data_samples/Weapons & Armor
Weapons & Armor,8313_1.jpg,jpg,25449,24.9,25,0,0,Weapons & Armor/8313_1.jpg,/Users/jajohnst/Documents/teaching/2025-4-SI-676-NetworkedLAMS/ummaa_project_data_samples/Weapons & Armor
Weapons & Armor,92096_2.jpg,jpg,29761,29.1,30,0,0,Weapons & Armor/92096_2.jpg,/Users/jajohnst/Documents/teaching/2025-4-SI-676-NetworkedLAMS/ummaa_project_data_samples/Weapons & Armor
Weapons & Armor,37339_1.jpg,jpg,35679,34.8,36,0,0,Weapons & Armor/37339_1.jpg,/Users/jajohnst/Documents/teaching/2025-4-SI-676-NetworkedLAMS/ummaa_project_data_samples/Weapons & Armor
Weapons & Armor,8290_2.jpg,jpg,36427,35.6,36,0,0,Weapons & Armor/8290_2.jpg,/Users/jajohnst/Documents/teaching/2025-4-SI-676-NetworkedLAMS/ummaa_project_data_samples/Weapons & Armor
Weapons & Armor,8010_3.jpg,jpg,34096,33.3,34,0,0,Weapons & Armor/8010_3.jpg,/Users/jajohnst/Documents/teaching/2025-4-SI-676-NetworkedLAMS/ummaa_project_data_samples/Weapons & Armor
Weapons & Armor,1989-74-21_2.jpg,jpg,177397,173.2,177,0.2,0,Weapons & Armor/1989-74-21_2.jpg,/Users/jajohnst/Documents/teaching/2025-4-SI-676-NetworkedLAMS/ummaa_project_data_samples/Weapons & Armor
Weapons & Armor,8173_1.jpg,jpg,191785,187.3,192,0.2,0,Weapons & Armor/8173_1.jpg,/Users/jajohnst/Documents/teaching/2025-4-SI-676-NetworkedLAMS/ummaa_project_data_samples/Weapons & Armor
Weapons & Armor,8544_2.jpg,jpg,27596,26.9,28,0,0,Weapons & Armor/8544_2.jpg,/Users/jajohnst/Documents/teaching/2025-4-SI-676-NetworkedLAMS/ummaa_project_data_samples/Weapons & Armor
Weapons & Armor,17659_2.jpg,jpg,40684,39.7,41,0,0,Weapons & Armor/17659_2.jpg,/Users/jajohnst/Documents/teaching/2025-4-SI-676-NetworkedLAMS/ummaa_project_data_samples/Weapons & Armor
Weapons & Armor,8374_2.jpg,jpg,53658,52.4,54,0.1,0,Weapons & Armor/8374_2.jpg,/Users/jajohnst/Documents/teaching/2025-4-SI-676-NetworkedLAMS/ummaa_project_data_samples/Weapons & Armor
Weapons & Armor,8525_2.jpg,jpg,38860,37.9,39,0,0,Weapons & Armor/8525_2.jpg,/Users/jajohnst/Documents/teaching/2025-4-SI-676-NetworkedLAMS/ummaa_project_data_samples/Weapons & Armor
Weapons & Armor,8197_1.jpg,jpg,32418,31.7,32,0,0,Weapons & Armor/8197_1.jpg,/Users/jajohnst/Documents/teaching/2025-4-SI-676-NetworkedLAMS/ummaa_project_data_samples/Weapons & Armor
Weapons & Armor,92090_1.jpg,jpg,36431,35.6,36,0,0,Weapons & Armor/92090_1.jpg,/Users/jajohnst/Documents/teaching/2025-4-SI-676-NetworkedLAMS/ummaa_project_data_samples/Weapons & Armor
Weapons & Armor,17666_1.jpg,jpg,181748,177.5,182,0.2,0,Weapons & Armor/17666_1.jpg,/Users/jajohnst/Documents/teaching/2025-4-SI-676-NetworkedLAMS/ummaa_project_data_samples/Weapons & Armor
Weapons & Armor,8029_2.jpg,jpg,33017,32.2,33,0,0,Weapons & Armor/8029_2.jpg,/Users/jajohnst/Documents/teaching/2025-4-SI-676-NetworkedLAMS/ummaa_project_data_samples/Weapons & Armor
Weapons & Armor,8171_2.jpg,jpg,170927,166.9,171,0.2,0,Weapons & Armor/8171_2.jpg,/Users/jajohnst/Documents/teaching/2025-4-SI-676-NetworkedLAMS/ummaa_project_data_samples/Weapons & Armor
Weapons & Armor,1989-74-21_1.jpg,jpg,180811,176.6,181,0.2,0,Weapons & Armor/1989-74-21_1.jpg,/Users/jajohnst/Documents/teaching/2025-4-SI-676-NetworkedLAMS/ummaa_project_data_samples/Weapons & Armor
Weapons & Armor,8173_2.jpg,jpg,157006,153.3,157,0.1,0,Weapons & Armor/8173_2.jpg,/Users/jajohnst/Documents/teaching/2025-4-SI-676-NetworkedLAMS/ummaa_project_data_samples/Weapons & Armor
Weapons & Armor,8544_1.jpg,jpg,27458,26.8,27,0,0,Weapons & Armor/8544_1.jpg,/Users/jajohnst/Documents/teaching/2025-4-SI-676-NetworkedLAMS/ummaa_project_data_samples/Weapons & Armor
Weapons & Armor,17659_1.jpg,jpg,41485,40.5,41,0,0,Weapons & Armor/17659_1.jpg,/Users/jajohnst/Documents/teaching/2025-4-SI-676-NetworkedLAMS/ummaa_project_data_samples/Weapons & Armor
Weapons & Armor,8374_1.jpg,jpg,53785,52.5,54,0.1,0,Weapons & Armor/8374_1.jpg,/Users/jajohnst/Documents/teaching/2025-4-SI-676-NetworkedLAMS/ummaa_project_data_samples/Weapons & Armor
Weapons & Armor,8197_2.jpg,jpg,32462,31.7,32,0,0,Weapons & Armor/8197_2.jpg,/Users/jajohnst/Documents/teaching/2025-4-SI-676-NetworkedLAMS/ummaa_project_data_samples/Weapons & Armor
Weapons & Armor,8525_1.jpg,jpg,38198,37.3,38,0,0,Weapons & Armor/8525_1.jpg,/Users/jajohnst/Documents/teaching/2025-4-SI-676-NetworkedLAMS/ummaa_project_data_samples/Weapons & Armor
Weapons & Armor,92090_2.jpg,jpg,36926,36.1,37,0,0,Weapons & Armor/92090_2.jpg,/Users/jajohnst/Documents/teaching/2025-4-SI-676-NetworkedLAMS/ummaa_project_data_samples/Weapons & Armor
Weapons & Armor,17666_2.jpg,jpg,192249,187.7,192,0.2,0,Weapons & Armor/17666_2.jpg,/Users/jajohnst/Documents/teaching/2025-4-SI-676-NetworkedLAMS/ummaa_project_data_samples/Weapons & Armor
Weapons & Armor,8029_1.jpg,jpg,33563,32.8,34,0,0,Weapons & Armor/8029_1.jpg,/Users/jajohnst/Documents/teaching/2025-4-SI-676-NetworkedLAMS/ummaa_project_data_samples/Weapons & Armor
Weapons & Armor,8173_3.jpg,jpg,34583,33.8,35,0,0,Weapons & Armor/8173_3.jpg,/Users/jajohnst/Documents/teaching/2025-4-SI-676-NetworkedLAMS/ummaa_project_data_samples/Weapons & Armor
Weapons & Armor,8171_1.jpg,jpg,163929,160.1,164,0.2,0,Weapons & Armor/8171_1.jpg,/Users/jajohnst/Documents/teaching/2025-4-SI-676-NetworkedLAMS/ummaa_project_data_samples/Weapons & Armor
Weapons & Armor,8368_2.jpg,jpg,36294,35.4,36,0,0,Weapons & Armor/8368_2.jpg,/Users/jajohnst/Documents/teaching/2025-4-SI-676-NetworkedLAMS/ummaa_project_data_samples/Weapons & Armor
Weapons & Armor,8008_3.jpg,jpg,57409,56.1,57,0.1,0,Weapons & Armor/8008_3.jpg,/Users/jajohnst/Documents/teaching/2025-4-SI-676-NetworkedLAMS/ummaa_project_data_samples/Weapons & Armor
Weapons & Armor,8543_1.jpg,jpg,26231,25.6,26,0,0,Weapons & Armor/8543_1.jpg,/Users/jajohnst/Documents/teaching/2025-4-SI-676-NetworkedLAMS/ummaa_project_data_samples/Weapons & Armor
Weapons & Armor,25725_1.jpg,jpg,38633,37.7,39,0,0,Weapons & Armor/25725_1.jpg,/Users/jajohnst/Documents/teaching/2025-4-SI-676-NetworkedLAMS/ummaa_project_data_samples/Weapons & Armor
Weapons & Armor,92097_3.jpg,jpg,60569,59.1,61,0.1,0,Weapons & Armor/92097_3.jpg,/Users/jajohnst/Documents/teaching/2025-4-SI-676-NetworkedLAMS/ummaa_project_data_samples/Weapons & Armor
Weapons & Armor,92095_1.jpg,jpg,37963,37.1,38,0,0,Weapons & Armor/92095_1.jpg,/Users/jajohnst/Documents/teaching/2025-4-SI-676-NetworkedLAMS/ummaa_project_data_samples/Weapons & Armor
Weapons & Armor,8310_2.jpg,jpg,24853,24.3,25,0,0,Weapons & Armor/8310_2.jpg,/Users/jajohnst/Documents/teaching/2025-4-SI-676-NetworkedLAMS/ummaa_project_data_samples/Weapons & Armor
Weapons & Armor,8373_1.jpg,jpg,37978,37.1,38,0,0,Weapons & Armor/8373_1.jpg,/Users/jajohnst/Documents/teaching/2025-4-SI-676-NetworkedLAMS/ummaa_project_data_samples/Weapons & Armor
Weapons & Armor,8291_2.jpg,jpg,35939,35.1,36,0,0,Weapons & Armor/8291_2.jpg,/Users/jajohnst/Documents/teaching/2025-4-SI-676-NetworkedLAMS/ummaa_project_data_samples/Weapons & Armor
Weapons & Armor,8312_1.jpg,jpg,25586,25,26,0,0,Weapons & Armor/8312_1.jpg,/Users/jajohnst/Documents/teaching/2025-4-SI-676-NetworkedLAMS/ummaa_project_data_samples/Weapons & Armor
Weapons & Armor,1989-74-19_2.jpg,jpg,169092,165.1,169,0.2,0,Weapons & Armor/1989-74-19_2.jpg,/Users/jajohnst/Documents/teaching/2025-4-SI-676-NetworkedLAMS/ummaa_project_data_samples/Weapons & Armor
Weapons & Armor,92097_2.jpg,jpg,47578,46.5,48,0,0,Weapons & Armor/92097_2.jpg,/Users/jajohnst/Documents/teaching/2025-4-SI-676-NetworkedLAMS/ummaa_project_data_samples/Weapons & Armor
Weapons & Armor,37338_1.jpg,jpg,34929,34.1,35,0,0,Weapons & Armor/37338_1.jpg,/Users/jajohnst/Documents/teaching/2025-4-SI-676-NetworkedLAMS/ummaa_project_data_samples/Weapons & Armor
Weapons & Armor,8008_2.jpg,jpg,39204,38.3,39,0,0,Weapons & Armor/8008_2.jpg,/Users/jajohnst/Documents/teaching/2025-4-SI-676-NetworkedLAMS/ummaa_project_data_samples/Weapons & Armor
Weapons & Armor,8309_2.jpg,jpg,25540,24.9,26,0,0,Weapons & Armor/8309_2.jpg,/Users/jajohnst/Documents/teaching/2025-4-SI-676-NetworkedLAMS/ummaa_project_data_samples/Weapons & Armor
Weapons & Armor,8368_3.jpg,jpg,38439,37.5,38,0,0,Weapons & Armor/8368_3.jpg,/Users/jajohnst/Documents/teaching/2025-4-SI-676-NetworkedLAMS/ummaa_project_data_samples/Weapons & Armor
Weapons & Armor,26066_1.jpg,jpg,36541,35.7,37,0,0,Weapons & Armor/26066_1.jpg,/Users/jajohnst/Documents/teaching/2025-4-SI-676-NetworkedLAMS/ummaa_project_data_samples/Weapons & Armor
Weapons & Armor,8368_1.jpg,jpg,37556,36.7,38,0,0,Weapons & Armor/8368_1.jpg,/Users/jajohnst/Documents/teaching/2025-4-SI-676-NetworkedLAMS/ummaa_project_data_samples/Weapons & Armor
Weapons & Armor,8543_2.jpg,jpg,26187,25.6,26,0,0,Weapons & Armor/8543_2.jpg,/Users/jajohnst/Documents/teaching/2025-4-SI-676-NetworkedLAMS/ummaa_project_data_samples/Weapons & Armor
Weapons & Armor,25725_2.jpg,jpg,36957,36.1,37,0,0,Weapons & Armor/25725_2.jpg,/Users/jajohnst/Documents/teaching/2025-4-SI-676-NetworkedLAMS/ummaa_project_data_samples/Weapons & Armor
Weapons & Armor,92095_2.jpg,jpg,38653,37.7,39,0,0,Weapons & Armor/92095_2.jpg,/Users/jajohnst/Documents/teaching/2025-4-SI-676-NetworkedLAMS/ummaa_project_data_samples/Weapons & Armor
Weapons & Armor,8373_2.jpg,jpg,37194,36.3,37,0,0,Weapons & Armor/8373_2.jpg,/Users/jajohnst/Documents/teaching/2025-4-SI-676-NetworkedLAMS/ummaa_project_data_samples/Weapons & Armor
Weapons & Armor,8310_1.jpg,jpg,24784,24.2,25,0,0,Weapons & Armor/8310_1.jpg,/Users/jajohnst/Documents/teaching/2025-4-SI-676-NetworkedLAMS/ummaa_project_data_samples/Weapons & Armor
Weapons & Armor,8373_3.jpg,jpg,51967,50.7,52,0,0,Weapons & Armor/8373_3.jpg,/Users/jajohnst/Documents/teaching/2025-4-SI-676-NetworkedLAMS/ummaa_project_data_samples/Weapons & Armor
Weapons & Armor,8291_1.jpg,jpg,37471,36.6,37,0,0,Weapons & Armor/8291_1.jpg,/Users/jajohnst/Documents/teaching/2025-4-SI-676-NetworkedLAMS/ummaa_project_data_samples/Weapons & Armor
Weapons & Armor,8312_2.jpg,jpg,25741,25.1,26,0,0,Weapons & Armor/8312_2.jpg,/Users/jajohnst/Documents/teaching/2025-4-SI-676-NetworkedLAMS/ummaa_project_data_samples/Weapons & Armor
Weapons & Armor,8391_4.jpg,jpg,33828,33,34,0,0,Weapons & Armor/8391_4.jpg,/Users/jajohnst/Documents/teaching/2025-4-SI-676-NetworkedLAMS/ummaa_project_data_samples/Weapons & Armor
Weapons & Armor,92097_1.jpg,jpg,47078,46,47,0,0,Weapons & Armor/92097_1.jpg,/Users/jajohnst/Documents/teaching/2025-4-SI-676-NetworkedLAMS/ummaa_project_data_samples/Weapons & Armor
Weapons & Armor,1989-74-19_1.jpg,jpg,182498,178.2,182,0.2,0,Weapons & Armor/1989-74-19_1.jpg,/Users/jajohnst/Documents/teaching/2025-4-SI-676-NetworkedLAMS/ummaa_project_data_samples/Weapons & Armor
Weapons & Armor,37338_2.jpg,jpg,35531,34.7,36,0,0,Weapons & Armor/37338_2.jpg,/Users/jajohnst/Documents/teaching/2025-4-SI-676-NetworkedLAMS/ummaa_project_data_samples/Weapons & Armor
Weapons & Armor,8008_1.jpg,jpg,39727,38.8,40,0,0,Weapons & Armor/8008_1.jpg,/Users/jajohnst/Documents/teaching/2025-4-SI-676-NetworkedLAMS/ummaa_project_data_samples/Weapons & Armor
Weapons & Armor,8309_1.jpg,jpg,26259,25.6,26,0,0,Weapons & Armor/8309_1.jpg,/Users/jajohnst/Documents/teaching/2025-4-SI-676-NetworkedLAMS/ummaa_project_data_samples/Weapons & Armor
Weapons & Armor,26066_2.jpg,jpg,35653,34.8,36,0,0,Weapons & Armor/26066_2.jpg,/Users/jajohnst/Documents/teaching/2025-4-SI-676-NetworkedLAMS/ummaa_project_data_samples/Weapons & Armor
Weapons & Armor,8330_1.jpg,jpg,29651,29,30,0,0,Weapons & Armor/8330_1.jpg,/Users/jajohnst/Documents/teaching/2025-4-SI-676-NetworkedLAMS/ummaa_project_data_samples/Weapons & Armor
Weapons & Armor,8375_1.jpg,jpg,36750,35.9,37,0,0,Weapons & Armor/8375_1.jpg,/Users/jajohnst/Documents/teaching/2025-4-SI-676-NetworkedLAMS/ummaa_project_data_samples/Weapons & Armor
Weapons & Armor,8033_3.jpg,jpg,61849,60.4,62,0.1,0,Weapons & Armor/8033_3.jpg,/Users/jajohnst/Documents/teaching/2025-4-SI-676-NetworkedLAMS/ummaa_project_data_samples/Weapons & Armor
Weapons & Armor,8526_2.jpg,jpg,39320,38.4,39,0,0,Weapons & Armor/8526_2.jpg,/Users/jajohnst/Documents/teaching/2025-4-SI-676-NetworkedLAMS/ummaa_project_data_samples/Weapons & Armor
Weapons & Armor,8545_1.jpg,jpg,24543,24,25,0,0,Weapons & Armor/8545_1.jpg,/Users/jajohnst/Documents/teaching/2025-4-SI-676-NetworkedLAMS/ummaa_project_data_samples/Weapons & Armor
Weapons & Armor,8172_2.jpg,jpg,155151,151.5,155,0.1,0,Weapons & Armor/8172_2.jpg,/Users/jajohnst/Documents/teaching/2025-4-SI-676-NetworkedLAMS/ummaa_project_data_samples/Weapons & Armor
Weapons & Armor,8422_3.jpg,jpg,44773,43.7,45,0,0,Weapons & Armor/8422_3.jpg,/Users/jajohnst/Documents/teaching/2025-4-SI-676-NetworkedLAMS/ummaa_project_data_samples/Weapons & Armor
Weapons & Armor,8406_2.jpg,jpg,45805,44.7,46,0,0,Weapons & Armor/8406_2.jpg,/Users/jajohnst/Documents/teaching/2025-4-SI-676-NetworkedLAMS/ummaa_project_data_samples/Weapons & Armor
Weapons & Armor,8234_1.jpg,jpg,41021,40.1,41,0,0,Weapons & Armor/8234_1.jpg,/Users/jajohnst/Documents/teaching/2025-4-SI-676-NetworkedLAMS/ummaa_project_data_samples/Weapons & Armor
Weapons & Armor,8170_1.jpg,jpg,175563,171.4,176,0.2,0,Weapons & Armor/8170_1.jpg,/Users/jajohnst/Documents/teaching/2025-4-SI-676-NetworkedLAMS/ummaa_project_data_samples/Weapons & Armor
Weapons & Armor,8391_1.jpg,jpg,22375,21.9,22,0,0,Weapons & Armor/8391_1.jpg,/Users/jajohnst/Documents/teaching/2025-4-SI-676-NetworkedLAMS/ummaa_project_data_samples/Weapons & Armor
Weapons & Armor,37346_1.jpg,jpg,28728,28.1,29,0,0,Weapons & Armor/37346_1.jpg,/Users/jajohnst/Documents/teaching/2025-4-SI-676-NetworkedLAMS/ummaa_project_data_samples/Weapons & Armor
Weapons & Armor,8422_2.jpg,jpg,37578,36.7,38,0,0,Weapons & Armor/8422_2.jpg,/Users/jajohnst/Documents/teaching/2025-4-SI-676-NetworkedLAMS/ummaa_project_data_samples/Weapons & Armor
Weapons & Armor,36804_1.jpg,jpg,31514,30.8,32,0,0,Weapons & Armor/36804_1.jpg,/Users/jajohnst/Documents/teaching/2025-4-SI-676-NetworkedLAMS/ummaa_project_data_samples/Weapons & Armor
Weapons & Armor,8008_4.jpg,jpg,57567,56.2,58,0.1,0,Weapons & Armor/8008_4.jpg,/Users/jajohnst/Documents/teaching/2025-4-SI-676-NetworkedLAMS/ummaa_project_data_samples/Weapons & Armor
Weapons & Armor,8314_1.jpg,jpg,25870,25.3,26,0,0,Weapons & Armor/8314_1.jpg,/Users/jajohnst/Documents/teaching/2025-4-SI-676-NetworkedLAMS/ummaa_project_data_samples/Weapons & Armor
Weapons & Armor,8033_2.jpg,jpg,37637,36.8,38,0,0,Weapons & Armor/8033_2.jpg,/Users/jajohnst/Documents/teaching/2025-4-SI-676-NetworkedLAMS/ummaa_project_data_samples/Weapons & Armor
Weapons & Armor,8196_2.jpg,jpg,22512,22,23,0,0,Weapons & Armor/8196_2.jpg,/Users/jajohnst/Documents/teaching/2025-4-SI-676-NetworkedLAMS/ummaa_project_data_samples/Weapons & Armor
Weapons & Armor,8375_2.jpg,jpg,38494,37.6,38,0,0,Weapons & Armor/8375_2.jpg,/Users/jajohnst/Documents/teaching/2025-4-SI-676-NetworkedLAMS/ummaa_project_data_samples/Weapons & Armor
Weapons & Armor,8330_2.jpg,jpg,28879,28.2,29,0,0,Weapons & Armor/8330_2.jpg,/Users/jajohnst/Documents/teaching/2025-4-SI-676-NetworkedLAMS/ummaa_project_data_samples/Weapons & Armor
Weapons & Armor,8545_2.jpg,jpg,26507,25.9,27,0,0,Weapons & Armor/8545_2.jpg,/Users/jajohnst/Documents/teaching/2025-4-SI-676-NetworkedLAMS/ummaa_project_data_samples/Weapons & Armor
Weapons & Armor,8526_1.jpg,jpg,39912,39,40,0,0,Weapons & Armor/8526_1.jpg,/Users/jajohnst/Documents/teaching/2025-4-SI-676-NetworkedLAMS/ummaa_project_data_samples/Weapons & Armor
Weapons & Armor,8172_1.jpg,jpg,137515,134.3,138,0.1,0,Weapons & Armor/8172_1.jpg,/Users/jajohnst/Documents/teaching/2025-4-SI-676-NetworkedLAMS/ummaa_project_data_samples/Weapons & Armor
Weapons & Armor,36804_3.jpg,jpg,42114,41.1,42,0,0,Weapons & Armor/36804_3.jpg,/Users/jajohnst/Documents/teaching/2025-4-SI-676-NetworkedLAMS/ummaa_project_data_samples/Weapons & Armor
Weapons & Armor,8391_3.jpg,jpg,33624,32.8,34,0,0,Weapons & Armor/8391_3.jpg,/Users/jajohnst/Documents/teaching/2025-4-SI-676-NetworkedLAMS/ummaa_project_data_samples/Weapons & Armor
Weapons & Armor,8406_1.jpg,jpg,47226,46.1,47,0,0,Weapons & Armor/8406_1.jpg,/Users/jajohnst/Documents/teaching/2025-4-SI-676-NetworkedLAMS/ummaa_project_data_samples/Weapons & Armor
Weapons & Armor,8234_2.jpg,jpg,40704,39.8,41,0,0,Weapons & Armor/8234_2.jpg,/Users/jajohnst/Documents/teaching/2025-4-SI-676-NetworkedLAMS/ummaa_project_data_samples/Weapons & Armor
Weapons & Armor,8170_2.jpg,jpg,185456,181.1,185,0.2,0,Weapons & Armor/8170_2.jpg,/Users/jajohnst/Documents/teaching/2025-4-SI-676-NetworkedLAMS/ummaa_project_data_samples/Weapons & Armor
Weapons & Armor,8391_2.jpg,jpg,23920,23.4,24,0,0,Weapons & Armor/8391_2.jpg,/Users/jajohnst/Documents/teaching/2025-4-SI-676-NetworkedLAMS/ummaa_project_data_samples/Weapons & Armor
Weapons & Armor,37346_2.jpg,jpg,28369,27.7,28,0,0,Weapons & Armor/37346_2.jpg,/Users/jajohnst/Documents/teaching/2025-4-SI-676-NetworkedLAMS/ummaa_project_data_samples/Weapons & Armor
Weapons & Armor,8422_1.jpg,jpg,38223,37.3,38,0,0,Weapons & Armor/8422_1.jpg,/Users/jajohnst/Documents/teaching/2025-4-SI-676-NetworkedLAMS/ummaa_project_data_samples/Weapons & Armor
Weapons & Armor,36804_2.jpg,jpg,31207,30.5,31,0,0,Weapons & Armor/36804_2.jpg,/Users/jajohnst/Documents/teaching/2025-4-SI-676-NetworkedLAMS/ummaa_project_data_samples/Weapons & Armor
Weapons & Armor,8314_2.jpg,jpg,25528,24.9,26,0,0,Weapons & Armor/8314_2.jpg,/Users/jajohnst/Documents/teaching/2025-4-SI-676-NetworkedLAMS/ummaa_project_data_samples/Weapons & Armor
Weapons & Armor,36803-b_string.jpg,jpg,76791,75,77,0.1,0,Weapons & Armor/36803-b_string.jpg,/Users/jajohnst/Documents/teaching/2025-4-SI-676-NetworkedLAMS/ummaa_project_data_samples/Weapons & Armor
Weapons & Armor,8033_1.jpg,jpg,37182,36.3,37,0,0,Weapons & Armor/8033_1.jpg,/Users/jajohnst/Documents/teaching/2025-4-SI-676-NetworkedLAMS/ummaa_project_data_samples/Weapons & Armor
Weapons & Armor,8375_3.jpg,jpg,71477,69.8,71,0.1,0,Weapons & Armor/8375_3.jpg,/Users/jajohnst/Documents/teaching/2025-4-SI-676-NetworkedLAMS/ummaa_project_data_samples/Weapons & Armor
Weapons & Armor,8196_1.jpg,jpg,23513,23,24,0,0,Weapons & Armor/8196_1.jpg,/Users/jajohnst/Documents/teaching/2025-4-SI-676-NetworkedLAMS/ummaa_project_data_samples/Weapons & Armor
Weapons & Armor,8141_2.jpg,jpg,28801,28.1,29,0,0,Weapons & Armor/8141_2.jpg,/Users/jajohnst/Documents/teaching/2025-4-SI-676-NetworkedLAMS/ummaa_project_data_samples/Weapons & Armor
Weapons & Armor,8301_3.jpg,jpg,46604,45.5,47,0,0,Weapons & Armor/8301_3.jpg,/Users/jajohnst/Documents/teaching/2025-4-SI-676-NetworkedLAMS/ummaa_project_data_samples/Weapons & Armor
Weapons & Armor,92105_1.jpg,jpg,26493,25.9,26,0,0,Weapons & Armor/92105_1.jpg,/Users/jajohnst/Documents/teaching/2025-4-SI-676-NetworkedLAMS/ummaa_project_data_samples/Weapons & Armor
Weapons & Armor,8651_2.jpg,jpg,29931,29.2,30,0,0,Weapons & Armor/8651_2.jpg,/Users/jajohnst/Documents/teaching/2025-4-SI-676-NetworkedLAMS/ummaa_project_data_samples/Weapons & Armor
Weapons & Armor,8002_1.jpg,jpg,25359,24.8,25,0,0,Weapons & Armor/8002_1.jpg,/Users/jajohnst/Documents/teaching/2025-4-SI-676-NetworkedLAMS/ummaa_project_data_samples/Weapons & Armor
Weapons & Armor,1989-74-7_1.jpg,jpg,29671,29,30,0,0,Weapons & Armor/1989-74-7_1.jpg,/Users/jajohnst/Documents/teaching/2025-4-SI-676-NetworkedLAMS/ummaa_project_data_samples/Weapons & Armor
Weapons & Armor,8303_1.jpg,jpg,23631,23.1,24,0,0,Weapons & Armor/8303_1.jpg,/Users/jajohnst/Documents/teaching/2025-4-SI-676-NetworkedLAMS/ummaa_project_data_samples/Weapons & Armor
Weapons & Armor,8651_3.jpg,jpg,53691,52.4,54,0.1,0,Weapons & Armor/8651_3.jpg,/Users/jajohnst/Documents/teaching/2025-4-SI-676-NetworkedLAMS/ummaa_project_data_samples/Weapons & Armor
Weapons & Armor,8327_1.jpg,jpg,28289,27.6,28,0,0,Weapons & Armor/8327_1.jpg,/Users/jajohnst/Documents/teaching/2025-4-SI-676-NetworkedLAMS/ummaa_project_data_samples/Weapons & Armor
Weapons & Armor,8301_2.jpg,jpg,24370,23.8,24,0,0,Weapons & Armor/8301_2.jpg,/Users/jajohnst/Documents/teaching/2025-4-SI-676-NetworkedLAMS/ummaa_project_data_samples/Weapons & Armor
Weapons & Armor,36799_1.jpg,jpg,26684,26.1,27,0,0,Weapons & Armor/36799_1.jpg,/Users/jajohnst/Documents/teaching/2025-4-SI-676-NetworkedLAMS/ummaa_project_data_samples/Weapons & Armor
Weapons & Armor,8198_2.jpg,jpg,35465,34.6,35,0,0,Weapons & Armor/8198_2.jpg,/Users/jajohnst/Documents/teaching/2025-4-SI-676-NetworkedLAMS/ummaa_project_data_samples/Weapons & Armor
Weapons & Armor,8009-b_1.jpg,jpg,27487,26.8,27,0,0,Weapons & Armor/8009-b_1.jpg,/Users/jajohnst/Documents/teaching/2025-4-SI-676-NetworkedLAMS/ummaa_project_data_samples/Weapons & Armor
Weapons & Armor,8305_4.jpg,jpg,35896,35.1,36,0,0,Weapons & Armor/8305_4.jpg,/Users/jajohnst/Documents/teaching/2025-4-SI-676-NetworkedLAMS/ummaa_project_data_samples/Weapons & Armor
Weapons & Armor,8141_1.jpg,jpg,29103,28.4,29,0,0,Weapons & Armor/8141_1.jpg,/Users/jajohnst/Documents/teaching/2025-4-SI-676-NetworkedLAMS/ummaa_project_data_samples/Weapons & Armor
Weapons & Armor,92105_2.jpg,jpg,26783,26.2,27,0,0,Weapons & Armor/92105_2.jpg,/Users/jajohnst/Documents/teaching/2025-4-SI-676-NetworkedLAMS/ummaa_project_data_samples/Weapons & Armor
Weapons & Armor,8651_1.jpg,jpg,29910,29.2,30,0,0,Weapons & Armor/8651_1.jpg,/Users/jajohnst/Documents/teaching/2025-4-SI-676-NetworkedLAMS/ummaa_project_data_samples/Weapons & Armor
Weapons & Armor,8002_2.jpg,jpg,25236,24.6,25,0,0,Weapons & Armor/8002_2.jpg,/Users/jajohnst/Documents/teaching/2025-4-SI-676-NetworkedLAMS/ummaa_project_data_samples/Weapons & Armor
Weapons & Armor,1989-74-7_2.jpg,jpg,29461,28.8,29,0,0,Weapons & Armor/1989-74-7_2.jpg,/Users/jajohnst/Documents/teaching/2025-4-SI-676-NetworkedLAMS/ummaa_project_data_samples/Weapons & Armor
Weapons & Armor,8303_2.jpg,jpg,23701,23.1,24,0,0,Weapons & Armor/8303_2.jpg,/Users/jajohnst/Documents/teaching/2025-4-SI-676-NetworkedLAMS/ummaa_project_data_samples/Weapons & Armor
Weapons & Armor,8303_3.jpg,jpg,36450,35.6,36,0,0,Weapons & Armor/8303_3.jpg,/Users/jajohnst/Documents/teaching/2025-4-SI-676-NetworkedLAMS/ummaa_project_data_samples/Weapons & Armor
Weapons & Armor,8301_1.jpg,jpg,24470,23.9,24,0,0,Weapons & Armor/8301_1.jpg,/Users/jajohnst/Documents/teaching/2025-4-SI-676-NetworkedLAMS/ummaa_project_data_samples/Weapons & Armor
Weapons & Armor,8327_2.jpg,jpg,27532,26.9,28,0,0,Weapons & Armor/8327_2.jpg,/Users/jajohnst/Documents/teaching/2025-4-SI-676-NetworkedLAMS/ummaa_project_data_samples/Weapons & Armor
Weapons & Armor,36799_2.jpg,jpg,25968,25.4,26,0,0,Weapons & Armor/36799_2.jpg,/Users/jajohnst/Documents/teaching/2025-4-SI-676-NetworkedLAMS/ummaa_project_data_samples/Weapons & Armor
Weapons & Armor,8364_4.jpg,jpg,31628,30.9,32,0,0,Weapons & Armor/8364_4.jpg,/Users/jajohnst/Documents/teaching/2025-4-SI-676-NetworkedLAMS/ummaa_project_data_samples/Weapons & Armor
Weapons & Armor,8198_1.jpg,jpg,36271,35.4,36,0,0,Weapons & Armor/8198_1.jpg,/Users/jajohnst/Documents/teaching/2025-4-SI-676-NetworkedLAMS/ummaa_project_data_samples/Weapons & Armor
Weapons & Armor,8009-b_2.jpg,jpg,27538,26.9,28,0,0,Weapons & Armor/8009-b_2.jpg,/Users/jajohnst/Documents/teaching/2025-4-SI-676-NetworkedLAMS/ummaa_project_data_samples/Weapons & Armor
Weapons & Armor,8041_1.jpg,jpg,46322,45.2,46,0,0,Weapons & Armor/8041_1.jpg,/Users/jajohnst/Documents/teaching/2025-4-SI-676-NetworkedLAMS/ummaa_project_data_samples/Weapons & Armor
Weapons & Armor,8004_1.jpg,jpg,28038,27.4,28,0,0,Weapons & Armor/8004_1.jpg,/Users/jajohnst/Documents/teaching/2025-4-SI-676-NetworkedLAMS/ummaa_project_data_samples/Weapons & Armor
Weapons & Armor,8305_1.jpg,jpg,24930,24.3,25,0,0,Weapons & Armor/8305_1.jpg,/Users/jajohnst/Documents/teaching/2025-4-SI-676-NetworkedLAMS/ummaa_project_data_samples/Weapons & Armor
Weapons & Armor,8323_2.jpg,jpg,30519,29.8,31,0,0,Weapons & Armor/8323_2.jpg,/Users/jajohnst/Documents/teaching/2025-4-SI-676-NetworkedLAMS/ummaa_project_data_samples/Weapons & Armor
Weapons & Armor,92101_3.jpg,jpg,33936,33.1,34,0,0,Weapons & Armor/92101_3.jpg,/Users/jajohnst/Documents/teaching/2025-4-SI-676-NetworkedLAMS/ummaa_project_data_samples/Weapons & Armor
Weapons & Armor,8006_3.jpg,jpg,43200,42.2,43,0,0,Weapons & Armor/8006_3.jpg,/Users/jajohnst/Documents/teaching/2025-4-SI-676-NetworkedLAMS/ummaa_project_data_samples/Weapons & Armor
Weapons & Armor,8307_3.jpg,jpg,40153,39.2,40,0,0,Weapons & Armor/8307_3.jpg,/Users/jajohnst/Documents/teaching/2025-4-SI-676-NetworkedLAMS/ummaa_project_data_samples/Weapons & Armor
Weapons & Armor,8651_4.jpg,jpg,45236,44.2,45,0,0,Weapons & Armor/8651_4.jpg,/Users/jajohnst/Documents/teaching/2025-4-SI-676-NetworkedLAMS/ummaa_project_data_samples/Weapons & Armor
Weapons & Armor,8415_1.jpg,jpg,40916,40,41,0,0,Weapons & Armor/8415_1.jpg,/Users/jajohnst/Documents/teaching/2025-4-SI-676-NetworkedLAMS/ummaa_project_data_samples/Weapons & Armor
Weapons & Armor,8039_1.jpg,jpg,33613,32.8,34,0,0,Weapons & Armor/8039_1.jpg,/Users/jajohnst/Documents/teaching/2025-4-SI-676-NetworkedLAMS/ummaa_project_data_samples/Weapons & Armor
Weapons & Armor,37334_2.jpg,jpg,37122,36.3,37,0,0,Weapons & Armor/37334_2.jpg,/Users/jajohnst/Documents/teaching/2025-4-SI-676-NetworkedLAMS/ummaa_project_data_samples/Weapons & Armor
Weapons & Armor,8301_4.jpg,jpg,34912,34.1,35,0,0,Weapons & Armor/8301_4.jpg,/Users/jajohnst/Documents/teaching/2025-4-SI-676-NetworkedLAMS/ummaa_project_data_samples/Weapons & Armor
Weapons & Armor,37336_1.jpg,jpg,26640,26,27,0,0,Weapons & Armor/37336_1.jpg,/Users/jajohnst/Documents/teaching/2025-4-SI-676-NetworkedLAMS/ummaa_project_data_samples/Weapons & Armor
Weapons & Armor,8364_1.jpg,jpg,30865,30.1,31,0,0,Weapons & Armor/8364_1.jpg,/Users/jajohnst/Documents/teaching/2025-4-SI-676-NetworkedLAMS/ummaa_project_data_samples/Weapons & Armor
Weapons & Armor,8321_1.jpg,jpg,35346,34.5,35,0,0,Weapons & Armor/8321_1.jpg,/Users/jajohnst/Documents/teaching/2025-4-SI-676-NetworkedLAMS/ummaa_project_data_samples/Weapons & Armor
Weapons & Armor,8307_2.jpg,jpg,23456,22.9,23,0,0,Weapons & Armor/8307_2.jpg,/Users/jajohnst/Documents/teaching/2025-4-SI-676-NetworkedLAMS/ummaa_project_data_samples/Weapons & Armor
Weapons & Armor,8020_1.jpg,jpg,45641,44.6,46,0,0,Weapons & Armor/8020_1.jpg,/Users/jajohnst/Documents/teaching/2025-4-SI-676-NetworkedLAMS/ummaa_project_data_samples/Weapons & Armor
Weapons & Armor,8006_2.jpg,jpg,33384,32.6,33,0,0,Weapons & Armor/8006_2.jpg,/Users/jajohnst/Documents/teaching/2025-4-SI-676-NetworkedLAMS/ummaa_project_data_samples/Weapons & Armor
Weapons & Armor,92101_2.jpg,jpg,45749,44.7,46,0,0,Weapons & Armor/92101_2.jpg,/Users/jajohnst/Documents/teaching/2025-4-SI-676-NetworkedLAMS/ummaa_project_data_samples/Weapons & Armor
Weapons & Armor,8004_2.jpg,jpg,27616,27,28,0,0,Weapons & Armor/8004_2.jpg,/Users/jajohnst/Documents/teaching/2025-4-SI-676-NetworkedLAMS/ummaa_project_data_samples/Weapons & Armor
Weapons & Armor,8041_2.jpg,jpg,47108,46,47,0,0,Weapons & Armor/8041_2.jpg,/Users/jajohnst/Documents/teaching/2025-4-SI-676-NetworkedLAMS/ummaa_project_data_samples/Weapons & Armor
Weapons & Armor,PXL_20221110_191055323.jpg,jpg,113252,110.6,113,0.1,0,Weapons & Armor/PXL_20221110_191055323.jpg,/Users/jajohnst/Documents/teaching/2025-4-SI-676-NetworkedLAMS/ummaa_project_data_samples/Weapons & Armor
Weapons & Armor,8323_1.jpg,jpg,31242,30.5,31,0,0,Weapons & Armor/8323_1.jpg,/Users/jajohnst/Documents/teaching/2025-4-SI-676-NetworkedLAMS/ummaa_project_data_samples/Weapons & Armor
Weapons & Armor,8305_2.jpg,jpg,24911,24.3,25,0,0,Weapons & Armor/8305_2.jpg,/Users/jajohnst/Documents/teaching/2025-4-SI-676-NetworkedLAMS/ummaa_project_data_samples/Weapons & Armor
Weapons & Armor,8020_3.jpg,jpg,65821,64.3,66,0.1,0,Weapons & Armor/8020_3.jpg,/Users/jajohnst/Documents/teaching/2025-4-SI-676-NetworkedLAMS/ummaa_project_data_samples/Weapons & Armor
Weapons & Armor,8364_3.jpg,jpg,33050,32.3,33,0,0,Weapons & Armor/8364_3.jpg,/Users/jajohnst/Documents/teaching/2025-4-SI-676-NetworkedLAMS/ummaa_project_data_samples/Weapons & Armor
Weapons & Armor,8415_2.jpg,jpg,41512,40.5,42,0,0,Weapons & Armor/8415_2.jpg,/Users/jajohnst/Documents/teaching/2025-4-SI-676-NetworkedLAMS/ummaa_project_data_samples/Weapons & Armor
Weapons & Armor,37334_1.jpg,jpg,37294,36.4,37,0,0,Weapons & Armor/37334_1.jpg,/Users/jajohnst/Documents/teaching/2025-4-SI-676-NetworkedLAMS/ummaa_project_data_samples/Weapons & Armor
Weapons & Armor,8039_2.jpg,jpg,33188,32.4,33,0,0,Weapons & Armor/8039_2.jpg,/Users/jajohnst/Documents/teaching/2025-4-SI-676-NetworkedLAMS/ummaa_project_data_samples/Weapons & Armor
Weapons & Armor,37336_2.jpg,jpg,26703,26.1,27,0,0,Weapons & Armor/37336_2.jpg,/Users/jajohnst/Documents/teaching/2025-4-SI-676-NetworkedLAMS/ummaa_project_data_samples/Weapons & Armor
Weapons & Armor,8307_1.jpg,jpg,23888,23.3,24,0,0,Weapons & Armor/8307_1.jpg,/Users/jajohnst/Documents/teaching/2025-4-SI-676-NetworkedLAMS/ummaa_project_data_samples/Weapons & Armor
Weapons & Armor,8321_2.jpg,jpg,34939,34.1,35,0,0,Weapons & Armor/8321_2.jpg,/Users/jajohnst/Documents/teaching/2025-4-SI-676-NetworkedLAMS/ummaa_project_data_samples/Weapons & Armor
Weapons & Armor,8364_2.jpg,jpg,33282,32.5,33,0,0,Weapons & Armor/8364_2.jpg,/Users/jajohnst/Documents/teaching/2025-4-SI-676-NetworkedLAMS/ummaa_project_data_samples/Weapons & Armor
Weapons & Armor,8006_1.jpg,jpg,33381,32.6,33,0,0,Weapons & Armor/8006_1.jpg,/Users/jajohnst/Documents/teaching/2025-4-SI-676-NetworkedLAMS/ummaa_project_data_samples/Weapons & Armor
Weapons & Armor,8020_2.jpg,jpg,45831,44.8,46,0,0,Weapons & Armor/8020_2.jpg,/Users/jajohnst/Documents/teaching/2025-4-SI-676-NetworkedLAMS/ummaa_project_data_samples/Weapons & Armor
Weapons & Armor,8305_3.jpg,jpg,47124,46,47,0,0,Weapons & Armor/8305_3.jpg,/Users/jajohnst/Documents/teaching/2025-4-SI-676-NetworkedLAMS/ummaa_project_data_samples/Weapons & Armor
Weapons & Armor,92101_1.jpg,jpg,44223,43.2,44,0,0,Weapons & Armor/92101_1.jpg,/Users/jajohnst/Documents/teaching/2025-4-SI-676-NetworkedLAMS/ummaa_project_data_samples/Weapons & Armor
Weapons & Armor,8004_3.jpg,jpg,34198,33.4,34,0,0,Weapons & Armor/8004_3.jpg,/Users/jajohnst/Documents/teaching/2025-4-SI-676-NetworkedLAMS/ummaa_project_data_samples/Weapons & Armor
Weapons & Armor,8025_1.jpg,jpg,48868,47.7,49,0,0,Weapons & Armor/8025_1.jpg,/Users/jajohnst/Documents/teaching/2025-4-SI-676-NetworkedLAMS/ummaa_project_data_samples/Weapons & Armor
Weapons & Armor,8003_2.jpg,jpg,29211,28.5,29,0,0,Weapons & Armor/8003_2.jpg,/Users/jajohnst/Documents/teaching/2025-4-SI-676-NetworkedLAMS/ummaa_project_data_samples/Weapons & Armor
Weapons & Armor,1986-20-7_1.jpg,jpg,43776,42.8,44,0,0,Weapons & Armor/1986-20-7_1.jpg,/Users/jajohnst/Documents/teaching/2025-4-SI-676-NetworkedLAMS/ummaa_project_data_samples/Weapons & Armor
Weapons & Armor,8324_1.jpg,jpg,34571,33.8,35,0,0,Weapons & Armor/8324_1.jpg,/Users/jajohnst/Documents/teaching/2025-4-SI-676-NetworkedLAMS/ummaa_project_data_samples/Weapons & Armor
Weapons & Armor,8302_2.jpg,jpg,23454,22.9,23,0,0,Weapons & Armor/8302_2.jpg,/Users/jajohnst/Documents/teaching/2025-4-SI-676-NetworkedLAMS/ummaa_project_data_samples/Weapons & Armor
Weapons & Armor,8363_3.jpg,jpg,27001,26.4,27,0,0,Weapons & Armor/8363_3.jpg,/Users/jajohnst/Documents/teaching/2025-4-SI-676-NetworkedLAMS/ummaa_project_data_samples/Weapons & Armor
Weapons & Armor,92104_2.jpg,jpg,34872,34.1,35,0,0,Weapons & Armor/92104_2.jpg,/Users/jajohnst/Documents/teaching/2025-4-SI-676-NetworkedLAMS/ummaa_project_data_samples/Weapons & Armor
Weapons & Armor,8436_3.jpg,jpg,36878,36,37,0,0,Weapons & Armor/8436_3.jpg,/Users/jajohnst/Documents/teaching/2025-4-SI-676-NetworkedLAMS/ummaa_project_data_samples/Weapons & Armor
Weapons & Armor,8005_4.jpg,jpg,33534,32.7,34,0,0,Weapons & Armor/8005_4.jpg,/Users/jajohnst/Documents/teaching/2025-4-SI-676-NetworkedLAMS/ummaa_project_data_samples/Weapons & Armor
Weapons & Armor,8304_4.jpg,jpg,35483,34.7,35,0,0,Weapons & Armor/8304_4.jpg,/Users/jajohnst/Documents/teaching/2025-4-SI-676-NetworkedLAMS/ummaa_project_data_samples/Weapons & Armor
Weapons & Armor,8018_1.jpg,jpg,28505,27.8,29,0,0,Weapons & Armor/8018_1.jpg,/Users/jajohnst/Documents/teaching/2025-4-SI-676-NetworkedLAMS/ummaa_project_data_samples/Weapons & Armor
Weapons & Armor,8199_1.jpg,jpg,23899,23.3,24,0,0,Weapons & Armor/8199_1.jpg,/Users/jajohnst/Documents/teaching/2025-4-SI-676-NetworkedLAMS/ummaa_project_data_samples/Weapons & Armor
Weapons & Armor,8365_4.jpg,jpg,29673,29,30,0,0,Weapons & Armor/8365_4.jpg,/Users/jajohnst/Documents/teaching/2025-4-SI-676-NetworkedLAMS/ummaa_project_data_samples/Weapons & Armor
Weapons & Armor,8436_2.jpg,jpg,34679,33.9,35,0,0,Weapons & Armor/8436_2.jpg,/Users/jajohnst/Documents/teaching/2025-4-SI-676-NetworkedLAMS/ummaa_project_data_samples/Weapons & Armor
Weapons & Armor,8363_2.jpg,jpg,27028,26.4,27,0,0,Weapons & Armor/8363_2.jpg,/Users/jajohnst/Documents/teaching/2025-4-SI-676-NetworkedLAMS/ummaa_project_data_samples/Weapons & Armor
Weapons & Armor,8326_2.jpg,jpg,29095,28.4,29,0,0,Weapons & Armor/8326_2.jpg,/Users/jajohnst/Documents/teaching/2025-4-SI-676-NetworkedLAMS/ummaa_project_data_samples/Weapons & Armor
Weapons & Armor,8001_1.jpg,jpg,45009,44,45,0,0,Weapons & Armor/8001_1.jpg,/Users/jajohnst/Documents/teaching/2025-4-SI-676-NetworkedLAMS/ummaa_project_data_samples/Weapons & Armor
Weapons & Armor,8003_3.jpg,jpg,44580,43.5,45,0,0,Weapons & Armor/8003_3.jpg,/Users/jajohnst/Documents/teaching/2025-4-SI-676-NetworkedLAMS/ummaa_project_data_samples/Weapons & Armor
Weapons & Armor,8003_1.jpg,jpg,29954,29.3,30,0,0,Weapons & Armor/8003_1.jpg,/Users/jajohnst/Documents/teaching/2025-4-SI-676-NetworkedLAMS/ummaa_project_data_samples/Weapons & Armor
Weapons & Armor,8025_2.jpg,jpg,49157,48,49,0,0,Weapons & Armor/8025_2.jpg,/Users/jajohnst/Documents/teaching/2025-4-SI-676-NetworkedLAMS/ummaa_project_data_samples/Weapons & Armor
Weapons & Armor,1986-20-7_2.jpg,jpg,44080,43,44,0,0,Weapons & Armor/1986-20-7_2.jpg,/Users/jajohnst/Documents/teaching/2025-4-SI-676-NetworkedLAMS/ummaa_project_data_samples/Weapons & Armor
Weapons & Armor,8302_1.jpg,jpg,23390,22.8,23,0,0,Weapons & Armor/8302_1.jpg,/Users/jajohnst/Documents/teaching/2025-4-SI-676-NetworkedLAMS/ummaa_project_data_samples/Weapons & Armor
Weapons & Armor,8324_2.jpg,jpg,33575,32.8,34,0,0,Weapons & Armor/8324_2.jpg,/Users/jajohnst/Documents/teaching/2025-4-SI-676-NetworkedLAMS/ummaa_project_data_samples/Weapons & Armor
Weapons & Armor,8001_3.jpg,jpg,42439,41.4,42,0,0,Weapons & Armor/8001_3.jpg,/Users/jajohnst/Documents/teaching/2025-4-SI-676-NetworkedLAMS/ummaa_project_data_samples/Weapons & Armor
Weapons & Armor,92104_1.jpg,jpg,34732,33.9,35,0,0,Weapons & Armor/92104_1.jpg,/Users/jajohnst/Documents/teaching/2025-4-SI-676-NetworkedLAMS/ummaa_project_data_samples/Weapons & Armor
Weapons & Armor,8018_2.jpg,jpg,28716,28,29,0,0,Weapons & Armor/8018_2.jpg,/Users/jajohnst/Documents/teaching/2025-4-SI-676-NetworkedLAMS/ummaa_project_data_samples/Weapons & Armor
Weapons & Armor,8199_2.jpg,jpg,23773,23.2,24,0,0,Weapons & Armor/8199_2.jpg,/Users/jajohnst/Documents/teaching/2025-4-SI-676-NetworkedLAMS/ummaa_project_data_samples/Weapons & Armor
Weapons & Armor,8018_3.jpg,jpg,33270,32.5,33,0,0,Weapons & Armor/8018_3.jpg,/Users/jajohnst/Documents/teaching/2025-4-SI-676-NetworkedLAMS/ummaa_project_data_samples/Weapons & Armor
Weapons & Armor,8436_1.jpg,jpg,35309,34.5,35,0,0,Weapons & Armor/8436_1.jpg,/Users/jajohnst/Documents/teaching/2025-4-SI-676-NetworkedLAMS/ummaa_project_data_samples/Weapons & Armor
Weapons & Armor,8007_4.jpg,jpg,40598,39.6,41,0,0,Weapons & Armor/8007_4.jpg,/Users/jajohnst/Documents/teaching/2025-4-SI-676-NetworkedLAMS/ummaa_project_data_samples/Weapons & Armor
Weapons & Armor,8326_1.jpg,jpg,29475,28.8,29,0,0,Weapons & Armor/8326_1.jpg,/Users/jajohnst/Documents/teaching/2025-4-SI-676-NetworkedLAMS/ummaa_project_data_samples/Weapons & Armor
Weapons & Armor,8363_1.jpg,jpg,26716,26.1,27,0,0,Weapons & Armor/8363_1.jpg,/Users/jajohnst/Documents/teaching/2025-4-SI-676-NetworkedLAMS/ummaa_project_data_samples/Weapons & Armor
Weapons & Armor,8001_2.jpg,jpg,43082,42.1,43,0,0,Weapons & Armor/8001_2.jpg,/Users/jajohnst/Documents/teaching/2025-4-SI-676-NetworkedLAMS/ummaa_project_data_samples/Weapons & Armor
Weapons & Armor,8414_2.jpg,jpg,37660,36.8,38,0,0,Weapons & Armor/8414_2.jpg,/Users/jajohnst/Documents/teaching/2025-4-SI-676-NetworkedLAMS/ummaa_project_data_samples/Weapons & Armor
Weapons & Armor,8003_4.jpg,jpg,35060,34.2,35,0,0,Weapons & Armor/8003_4.jpg,/Users/jajohnst/Documents/teaching/2025-4-SI-676-NetworkedLAMS/ummaa_project_data_samples/Weapons & Armor
Weapons & Armor,37335_1.jpg,jpg,24812,24.2,25,0,0,Weapons & Armor/37335_1.jpg,/Users/jajohnst/Documents/teaching/2025-4-SI-676-NetworkedLAMS/ummaa_project_data_samples/Weapons & Armor
Weapons & Armor,8436_5.jpg,jpg,40579,39.6,41,0,0,Weapons & Armor/8436_5.jpg,/Users/jajohnst/Documents/teaching/2025-4-SI-676-NetworkedLAMS/ummaa_project_data_samples/Weapons & Armor
Weapons & Armor,8021_3.jpg,jpg,32959,32.2,33,0,0,Weapons & Armor/8021_3.jpg,/Users/jajohnst/Documents/teaching/2025-4-SI-676-NetworkedLAMS/ummaa_project_data_samples/Weapons & Armor
Weapons & Armor,92102_2.jpg,jpg,26181,25.6,26,0,0,Weapons & Armor/92102_2.jpg,/Users/jajohnst/Documents/teaching/2025-4-SI-676-NetworkedLAMS/ummaa_project_data_samples/Weapons & Armor
Weapons & Armor,8365_3.jpg,jpg,30382,29.7,30,0,0,Weapons & Armor/8365_3.jpg,/Users/jajohnst/Documents/teaching/2025-4-SI-676-NetworkedLAMS/ummaa_project_data_samples/Weapons & Armor
Weapons & Armor,8023_1.jpg,jpg,32020,31.3,32,0,0,Weapons & Armor/8023_1.jpg,/Users/jajohnst/Documents/teaching/2025-4-SI-676-NetworkedLAMS/ummaa_project_data_samples/Weapons & Armor
Weapons & Armor,8005_2.jpg,jpg,27157,26.5,27,0,0,Weapons & Armor/8005_2.jpg,/Users/jajohnst/Documents/teaching/2025-4-SI-676-NetworkedLAMS/ummaa_project_data_samples/Weapons & Armor
Weapons & Armor,8304_2.jpg,jpg,24852,24.3,25,0,0,Weapons & Armor/8304_2.jpg,/Users/jajohnst/Documents/teaching/2025-4-SI-676-NetworkedLAMS/ummaa_project_data_samples/Weapons & Armor
Weapons & Armor,8304_3.jpg,jpg,47300,46.2,47,0,0,Weapons & Armor/8304_3.jpg,/Users/jajohnst/Documents/teaching/2025-4-SI-676-NetworkedLAMS/ummaa_project_data_samples/Weapons & Armor
Weapons & Armor,8005_3.jpg,jpg,42410,41.4,42,0,0,Weapons & Armor/8005_3.jpg,/Users/jajohnst/Documents/teaching/2025-4-SI-676-NetworkedLAMS/ummaa_project_data_samples/Weapons & Armor
Weapons & Armor,8306_1.jpg,jpg,23818,23.3,24,0,0,Weapons & Armor/8306_1.jpg,/Users/jajohnst/Documents/teaching/2025-4-SI-676-NetworkedLAMS/ummaa_project_data_samples/Weapons & Armor
Weapons & Armor,8365_2.jpg,jpg,30462,29.7,30,0,0,Weapons & Armor/8365_2.jpg,/Users/jajohnst/Documents/teaching/2025-4-SI-676-NetworkedLAMS/ummaa_project_data_samples/Weapons & Armor
Weapons & Armor,8320_2.jpg,jpg,34980,34.2,35,0,0,Weapons & Armor/8320_2.jpg,/Users/jajohnst/Documents/teaching/2025-4-SI-676-NetworkedLAMS/ummaa_project_data_samples/Weapons & Armor
Weapons & Armor,8007_1.jpg,jpg,26805,26.2,27,0,0,Weapons & Armor/8007_1.jpg,/Users/jajohnst/Documents/teaching/2025-4-SI-676-NetworkedLAMS/ummaa_project_data_samples/Weapons & Armor
Weapons & Armor,8021_2.jpg,jpg,34212,33.4,34,0,0,Weapons & Armor/8021_2.jpg,/Users/jajohnst/Documents/teaching/2025-4-SI-676-NetworkedLAMS/ummaa_project_data_samples/Weapons & Armor
Weapons & Armor,8436_4.jpg,jpg,42130,41.1,42,0,0,Weapons & Armor/8436_4.jpg,/Users/jajohnst/Documents/teaching/2025-4-SI-676-NetworkedLAMS/ummaa_project_data_samples/Weapons & Armor
Weapons & Armor,8363_4.jpg,jpg,26750,26.1,27,0,0,Weapons & Armor/8363_4.jpg,/Users/jajohnst/Documents/teaching/2025-4-SI-676-NetworkedLAMS/ummaa_project_data_samples/Weapons & Armor
Weapons & Armor,37337_2.jpg,jpg,25987,25.4,26,0,0,Weapons & Armor/37337_2.jpg,/Users/jajohnst/Documents/teaching/2025-4-SI-676-NetworkedLAMS/ummaa_project_data_samples/Weapons & Armor
Weapons & Armor,8414_1.jpg,jpg,39692,38.8,40,0,0,Weapons & Armor/8414_1.jpg,/Users/jajohnst/Documents/teaching/2025-4-SI-676-NetworkedLAMS/ummaa_project_data_samples/Weapons & Armor
Weapons & Armor,37335_2.jpg,jpg,24481,23.9,24,0,0,Weapons & Armor/37335_2.jpg,/Users/jajohnst/Documents/teaching/2025-4-SI-676-NetworkedLAMS/ummaa_project_data_samples/Weapons & Armor
Weapons & Armor,8436_6.jpg,jpg,36987,36.1,37,0,0,Weapons & Armor/8436_6.jpg,/Users/jajohnst/Documents/teaching/2025-4-SI-676-NetworkedLAMS/ummaa_project_data_samples/Weapons & Armor
Weapons & Armor,8007_3.jpg,jpg,37791,36.9,38,0,0,Weapons & Armor/8007_3.jpg,/Users/jajohnst/Documents/teaching/2025-4-SI-676-NetworkedLAMS/ummaa_project_data_samples/Weapons & Armor
Weapons & Armor,8306_3.jpg,jpg,35487,34.7,35,0,0,Weapons & Armor/8306_3.jpg,/Users/jajohnst/Documents/teaching/2025-4-SI-676-NetworkedLAMS/ummaa_project_data_samples/Weapons & Armor
Weapons & Armor,92102_1.jpg,jpg,25990,25.4,26,0,0,Weapons & Armor/92102_1.jpg,/Users/jajohnst/Documents/teaching/2025-4-SI-676-NetworkedLAMS/ummaa_project_data_samples/Weapons & Armor
Weapons & Armor,8005_1.jpg,jpg,26979,26.3,27,0,0,Weapons & Armor/8005_1.jpg,/Users/jajohnst/Documents/teaching/2025-4-SI-676-NetworkedLAMS/ummaa_project_data_samples/Weapons & Armor
Weapons & Armor,8023_2.jpg,jpg,31674,30.9,32,0,0,Weapons & Armor/8023_2.jpg,/Users/jajohnst/Documents/teaching/2025-4-SI-676-NetworkedLAMS/ummaa_project_data_samples/Weapons & Armor
Weapons & Armor,8304_1.jpg,jpg,24703,24.1,25,0,0,Weapons & Armor/8304_1.jpg,/Users/jajohnst/Documents/teaching/2025-4-SI-676-NetworkedLAMS/ummaa_project_data_samples/Weapons & Armor
Weapons & Armor,8023_3.jpg,jpg,38132,37.2,38,0,0,Weapons & Armor/8023_3.jpg,/Users/jajohnst/Documents/teaching/2025-4-SI-676-NetworkedLAMS/ummaa_project_data_samples/Weapons & Armor
Weapons & Armor,8320_1.jpg,jpg,35151,34.3,35,0,0,Weapons & Armor/8320_1.jpg,/Users/jajohnst/Documents/teaching/2025-4-SI-676-NetworkedLAMS/ummaa_project_data_samples/Weapons & Armor
Weapons & Armor,8365_1.jpg,jpg,28833,28.2,29,0,0,Weapons & Armor/8365_1.jpg,/Users/jajohnst/Documents/teaching/2025-4-SI-676-NetworkedLAMS/ummaa_project_data_samples/Weapons & Armor
Weapons & Armor,8306_2.jpg,jpg,23616,23.1,24,0,0,Weapons & Armor/8306_2.jpg,/Users/jajohnst/Documents/teaching/2025-4-SI-676-NetworkedLAMS/ummaa_project_data_samples/Weapons & Armor
Weapons & Armor,8021_1.jpg,jpg,34324,33.5,34,0,0,Weapons & Armor/8021_1.jpg,/Users/jajohnst/Documents/teaching/2025-4-SI-676-NetworkedLAMS/ummaa_project_data_samples/Weapons & Armor
Weapons & Armor,8007_2.jpg,jpg,26474,25.9,26,0,0,Weapons & Armor/8007_2.jpg,/Users/jajohnst/Documents/teaching/2025-4-SI-676-NetworkedLAMS/ummaa_project_data_samples/Weapons & Armor
Weapons & Armor,37337_1.jpg,jpg,26564,25.9,27,0,0,Weapons & Armor/37337_1.jpg,/Users/jajohnst/Documents/teaching/2025-4-SI-676-NetworkedLAMS/ummaa_project_data_samples/Weapons & Armor
Weapons & Armor,37335_3.jpg,jpg,39087,38.2,39,0,0,Weapons & Armor/37335_3.jpg,/Users/jajohnst/Documents/teaching/2025-4-SI-676-NetworkedLAMS/ummaa_project_data_samples/Weapons & Armor
Pipes,25667_1.jpg,jpg,4838057,4724.7,4838,4.6,5,Pipes/25667_1.jpg,/Users/jajohnst/Documents/teaching/2025-4-SI-676-NetworkedLAMS/ummaa_project_data_samples/Pipes
Pipes,24763_1.jpg,jpg,4562022,4455.1,4562,4.4,5,Pipes/24763_1.jpg,/Users/jajohnst/Documents/teaching/2025-4-SI-676-NetworkedLAMS/ummaa_project_data_samples/Pipes
Pipes,24761_1.jpg,jpg,4062208,3967,4062,3.9,4,Pipes/24761_1.jpg,/Users/jajohnst/Documents/teaching/2025-4-SI-676-NetworkedLAMS/ummaa_project_data_samples/Pipes
Pipes,92131_1.jpg,jpg,4701499,4591.3,4701,4.5,5,Pipes/92131_1.jpg,/Users/jajohnst/Documents/teaching/2025-4-SI-676-NetworkedLAMS/ummaa_project_data_samples/Pipes
Pipes,24739_1.jpg,jpg,2169368,2118.5,2169,2.1,2,Pipes/24739_1.jpg,/Users/jajohnst/Documents/teaching/2025-4-SI-676-NetworkedLAMS/ummaa_project_data_samples/Pipes
Pipes,24741_1.jpg,jpg,4190294,4092.1,4190,4,4,Pipes/24741_1.jpg,/Users/jajohnst/Documents/teaching/2025-4-SI-676-NetworkedLAMS/ummaa_project_data_samples/Pipes
Pipes,24765_1.jpg,jpg,4519725,4413.8,4520,4.3,5,Pipes/24765_1.jpg,/Users/jajohnst/Documents/teaching/2025-4-SI-676-NetworkedLAMS/ummaa_project_data_samples/Pipes
Pipes,24767_1.jpg,jpg,4139947,4042.9,4140,3.9,4,Pipes/24767_1.jpg,/Users/jajohnst/Documents/teaching/2025-4-SI-676-NetworkedLAMS/ummaa_project_data_samples/Pipes
Pipes,24743_1.jpg,jpg,4177226,4079.3,4177,4,4,Pipes/24743_1.jpg,/Users/jajohnst/Documents/teaching/2025-4-SI-676-NetworkedLAMS/ummaa_project_data_samples/Pipes
Pipes,24760_1.jpg,jpg,4003596,3909.8,4004,3.8,4,Pipes/24760_1.jpg,/Users/jajohnst/Documents/teaching/2025-4-SI-676-NetworkedLAMS/ummaa_project_data_samples/Pipes
Pipes,24744_1.jpg,jpg,3737647,3650,3738,3.6,4,Pipes/24744_1.jpg,/Users/jajohnst/Documents/teaching/2025-4-SI-676-NetworkedLAMS/ummaa_project_data_samples/Pipes
Pipes,24746_1.jpg,jpg,2204141,2152.5,2204,2.1,2,Pipes/24746_1.jpg,/Users/jajohnst/Documents/teaching/2025-4-SI-676-NetworkedLAMS/ummaa_project_data_samples/Pipes
Pipes,24762_1.jpg,jpg,4354479,4252.4,4354,4.2,4,Pipes/24762_1.jpg,/Users/jajohnst/Documents/teaching/2025-4-SI-676-NetworkedLAMS/ummaa_project_data_samples/Pipes
Pipes,24766_1.jpg,jpg,4427476,4323.7,4427,4.2,4,Pipes/24766_1.jpg,/Users/jajohnst/Documents/teaching/2025-4-SI-676-NetworkedLAMS/ummaa_project_data_samples/Pipes
Pipes,24742_1.jpg,jpg,4190035,4091.8,4190,4,4,Pipes/24742_1.jpg,/Users/jajohnst/Documents/teaching/2025-4-SI-676-NetworkedLAMS/ummaa_project_data_samples/Pipes
Pipes,24740_1.jpg,jpg,4188063,4089.9,4188,4,4,Pipes/24740_1.jpg,/Users/jajohnst/Documents/teaching/2025-4-SI-676-NetworkedLAMS/ummaa_project_data_samples/Pipes
Pipes,24738_1.jpg,jpg,4235537,4136.3,4236,4,4,Pipes/24738_1.jpg,/Users/jajohnst/Documents/teaching/2025-4-SI-676-NetworkedLAMS/ummaa_project_data_samples/Pipes
Pipes,24759_1.jpg,jpg,4189321,4091.1,4189,4,4,Pipes/24759_1.jpg,/Users/jajohnst/Documents/teaching/2025-4-SI-676-NetworkedLAMS/ummaa_project_data_samples/Pipes
Pipes,24768_1.jpg,jpg,4377247,4274.7,4377,4.2,4,Pipes/24768_1.jpg,/Users/jajohnst/Documents/teaching/2025-4-SI-676-NetworkedLAMS/ummaa_project_data_samples/Pipes
Pipes,17658-e_1.jpg,jpg,1382565,1350.2,1383,1.3,1,Pipes/17658-e_1.jpg,/Users/jajohnst/Documents/teaching/2025-4-SI-676-NetworkedLAMS/ummaa_project_data_samples/Pipes
Pipes,24757_1.jpg,jpg,3676933,3590.8,3677,3.5,4,Pipes/24757_1.jpg,/Users/jajohnst/Documents/teaching/2025-4-SI-676-NetworkedLAMS/ummaa_project_data_samples/Pipes
Pipes,24753_1.jpg,jpg,3641632,3556.3,3642,3.5,4,Pipes/24753_1.jpg,/Users/jajohnst/Documents/teaching/2025-4-SI-676-NetworkedLAMS/ummaa_project_data_samples/Pipes
Pipes,17658-c_1.jpg,jpg,1178215,1150.6,1178,1.1,1,Pipes/17658-c_1.jpg,/Users/jajohnst/Documents/teaching/2025-4-SI-676-NetworkedLAMS/ummaa_project_data_samples/Pipes
Pipes,17658-a_1.jpg,jpg,2479039,2420.9,2479,2.4,2,Pipes/17658-a_1.jpg,/Users/jajohnst/Documents/teaching/2025-4-SI-676-NetworkedLAMS/ummaa_project_data_samples/Pipes
Pipes,17658-f_1.jpg,jpg,1510473,1475.1,1510,1.4,2,Pipes/17658-f_1.jpg,/Users/jajohnst/Documents/teaching/2025-4-SI-676-NetworkedLAMS/ummaa_project_data_samples/Pipes
Pipes,24756_1.jpg,jpg,4269910,4169.8,4270,4.1,4,Pipes/24756_1.jpg,/Users/jajohnst/Documents/teaching/2025-4-SI-676-NetworkedLAMS/ummaa_project_data_samples/Pipes
Pipes,24754_1.jpg,jpg,3562970,3479.5,3563,3.4,4,Pipes/24754_1.jpg,/Users/jajohnst/Documents/teaching/2025-4-SI-676-NetworkedLAMS/ummaa_project_data_samples/Pipes
Pipes,24769_1.jpg,jpg,4215842,4117,4216,4,4,Pipes/24769_1.jpg,/Users/jajohnst/Documents/teaching/2025-4-SI-676-NetworkedLAMS/ummaa_project_data_samples/Pipes
Pipes,17658-d_1.jpg,jpg,1469627,1435.2,1470,1.4,1,Pipes/17658-d_1.jpg,/Users/jajohnst/Documents/teaching/2025-4-SI-676-NetworkedLAMS/ummaa_project_data_samples/Pipes
Pipes,24770_1.jpg,jpg,4191833,4093.6,4192,4,4,Pipes/24770_1.jpg,/Users/jajohnst/Documents/teaching/2025-4-SI-676-NetworkedLAMS/ummaa_project_data_samples/Pipes
Pipes,24749_1.jpg,jpg,4126177,4029.5,4126,3.9,4,Pipes/24749_1.jpg,/Users/jajohnst/Documents/teaching/2025-4-SI-676-NetworkedLAMS/ummaa_project_data_samples/Pipes
Pipes,24752_1.jpg,jpg,4143983,4046.9,4144,4,4,Pipes/24752_1.jpg,/Users/jajohnst/Documents/teaching/2025-4-SI-676-NetworkedLAMS/ummaa_project_data_samples/Pipes
Pipes,17658-b_1.jpg,jpg,1829064,1786.2,1829,1.7,2,Pipes/17658-b_1.jpg,/Users/jajohnst/Documents/teaching/2025-4-SI-676-NetworkedLAMS/ummaa_project_data_samples/Pipes
Textiles,2002-3-6.jpg,jpg,3629142,3544.1,3629,3.5,4,Textiles/2002-3-6.jpg,/Users/jajohnst/Documents/teaching/2025-4-SI-676-NetworkedLAMS/ummaa_project_data_samples/Textiles
Textiles,2002-3-7.jpg,jpg,6995894,6831.9,6996,6.7,7,Textiles/2002-3-7.jpg,/Users/jajohnst/Documents/teaching/2025-4-SI-676-NetworkedLAMS/ummaa_project_data_samples/Textiles
Textiles,2002-3-5.jpg,jpg,5174852,5053.6,5175,4.9,5,Textiles/2002-3-5.jpg,/Users/jajohnst/Documents/teaching/2025-4-SI-676-NetworkedLAMS/ummaa_project_data_samples/Textiles
Textiles,2002-3-4.jpg,jpg,14038771,13709.7,14039,13.4,14,Textiles/2002-3-4.jpg,/Users/jajohnst/Documents/teaching/2025-4-SI-676-NetworkedLAMS/ummaa_project_data_samples/Textiles
Textiles,2002-3-40.jpg,jpg,9869808,9638.5,9870,9.4,10,Textiles/2002-3-40.jpg,/Users/jajohnst/Documents/teaching/2025-4-SI-676-NetworkedLAMS/ummaa_project_data_samples/Textiles
Textiles,2002-3-1.jpg,jpg,4451798,4347.5,4452,4.2,4,Textiles/2002-3-1.jpg,/Users/jajohnst/Documents/teaching/2025-4-SI-676-NetworkedLAMS/ummaa_project_data_samples/Textiles
Textiles,2002-3-3.jpg,jpg,7721780,7540.8,7722,7.4,8,Textiles/2002-3-3.jpg,/Users/jajohnst/Documents/teaching/2025-4-SI-676-NetworkedLAMS/ummaa_project_data_samples/Textiles
Textiles,2002-3-25.jpg,jpg,5663415,5530.7,5663,5.4,6,Textiles/2002-3-25.jpg,/Users/jajohnst/Documents/teaching/2025-4-SI-676-NetworkedLAMS/ummaa_project_data_samples/Textiles
Textiles,2002-3-31.jpg,jpg,6628351,6473,6628,6.3,7,Textiles/2002-3-31.jpg,/Users/jajohnst/Documents/teaching/2025-4-SI-676-NetworkedLAMS/ummaa_project_data_samples/Textiles
Textiles,2002-3-19.jpg,jpg,4188837,4090.7,4189,4,4,Textiles/2002-3-19.jpg,/Users/jajohnst/Documents/teaching/2025-4-SI-676-NetworkedLAMS/ummaa_project_data_samples/Textiles
Textiles,2002-3-18.jpg,jpg,6054686,5912.8,6055,5.8,6,Textiles/2002-3-18.jpg,/Users/jajohnst/Documents/teaching/2025-4-SI-676-NetworkedLAMS/ummaa_project_data_samples/Textiles
Textiles,2002-3-30.jpg,jpg,9354311,9135.1,9354,8.9,9,Textiles/2002-3-30.jpg,/Users/jajohnst/Documents/teaching/2025-4-SI-676-NetworkedLAMS/ummaa_project_data_samples/Textiles
Textiles,2002-3-24.jpg,jpg,13057970,12751.9,13058,12.5,13,Textiles/2002-3-24.jpg,/Users/jajohnst/Documents/teaching/2025-4-SI-676-NetworkedLAMS/ummaa_project_data_samples/Textiles
Textiles,2002-3-32.jpg,jpg,10343317,10100.9,10343,9.9,10,Textiles/2002-3-32.jpg,/Users/jajohnst/Documents/teaching/2025-4-SI-676-NetworkedLAMS/ummaa_project_data_samples/Textiles
Textiles,2002-3-26.jpg,jpg,4398185,4295.1,4398,4.2,4,Textiles/2002-3-26.jpg,/Users/jajohnst/Documents/teaching/2025-4-SI-676-NetworkedLAMS/ummaa_project_data_samples/Textiles
Textiles,2002-3-27.jpg,jpg,5765740,5630.6,5766,5.5,6,Textiles/2002-3-27.jpg,/Users/jajohnst/Documents/teaching/2025-4-SI-676-NetworkedLAMS/ummaa_project_data_samples/Textiles
Textiles,2002-3-33.jpg,jpg,10719075,10467.8,10719,10.2,11,Textiles/2002-3-33.jpg,/Users/jajohnst/Documents/teaching/2025-4-SI-676-NetworkedLAMS/ummaa_project_data_samples/Textiles
Textiles,2002-3-37.jpg,jpg,4362140,4259.9,4362,4.2,4,Textiles/2002-3-37.jpg,/Users/jajohnst/Documents/teaching/2025-4-SI-676-NetworkedLAMS/ummaa_project_data_samples/Textiles
Textiles,2002-3-23.jpg,jpg,5175279,5054,5175,4.9,5,Textiles/2002-3-23.jpg,/Users/jajohnst/Documents/teaching/2025-4-SI-676-NetworkedLAMS/ummaa_project_data_samples/Textiles
Textiles,2002-3-22.jpg,jpg,11126876,10866.1,11127,10.6,11,Textiles/2002-3-22.jpg,/Users/jajohnst/Documents/teaching/2025-4-SI-676-NetworkedLAMS/ummaa_project_data_samples/Textiles
Textiles,2002-3-36.jpg,jpg,5284613,5160.8,5285,5,5,Textiles/2002-3-36.jpg,/Users/jajohnst/Documents/teaching/2025-4-SI-676-NetworkedLAMS/ummaa_project_data_samples/Textiles
Textiles,2002-3-20.jpg,jpg,5890685,5752.6,5891,5.6,6,Textiles/2002-3-20.jpg,/Users/jajohnst/Documents/teaching/2025-4-SI-676-NetworkedLAMS/ummaa_project_data_samples/Textiles
Textiles,2002-3-35.jpg,jpg,5083700,4964.6,5084,4.8,5,Textiles/2002-3-35.jpg,/Users/jajohnst/Documents/teaching/2025-4-SI-676-NetworkedLAMS/ummaa_project_data_samples/Textiles
Textiles,2002-3-10.jpg,jpg,4155623,4058.2,4156,4,4,Textiles/2002-3-10.jpg,/Users/jajohnst/Documents/teaching/2025-4-SI-676-NetworkedLAMS/ummaa_project_data_samples/Textiles
Textiles,2002-3-38.jpg,jpg,3992404,3898.8,3992,3.8,4,Textiles/2002-3-38.jpg,/Users/jajohnst/Documents/teaching/2025-4-SI-676-NetworkedLAMS/ummaa_project_data_samples/Textiles
Textiles,2002-3-39.jpg,jpg,8723641,8519.2,8724,8.3,9,Textiles/2002-3-39.jpg,/Users/jajohnst/Documents/teaching/2025-4-SI-676-NetworkedLAMS/ummaa_project_data_samples/Textiles
Textiles,2002-3-11.jpg,jpg,5873721,5736.1,5874,5.6,6,Textiles/2002-3-11.jpg,/Users/jajohnst/Documents/teaching/2025-4-SI-676-NetworkedLAMS/ummaa_project_data_samples/Textiles
Textiles,2002-3-29.jpg,jpg,4966038,4849.6,4966,4.7,5,Textiles/2002-3-29.jpg,/Users/jajohnst/Documents/teaching/2025-4-SI-676-NetworkedLAMS/ummaa_project_data_samples/Textiles
Textiles,2002-3-28.jpg,jpg,6007337,5866.5,6007,5.7,6,Textiles/2002-3-28.jpg,/Users/jajohnst/Documents/teaching/2025-4-SI-676-NetworkedLAMS/ummaa_project_data_samples/Textiles
Textiles,2002-3-9.jpg,jpg,6314229,6166.2,6314,6,6,Textiles/2002-3-9.jpg,/Users/jajohnst/Documents/teaching/2025-4-SI-676-NetworkedLAMS/ummaa_project_data_samples/Textiles
Textiles,2002-3-8.jpg,jpg,4498672,4393.2,4499,4.3,4,Textiles/2002-3-8.jpg,/Users/jajohnst/Documents/teaching/2025-4-SI-676-NetworkedLAMS/ummaa_project_data_samples/Textiles
Herbarium Sheets,4000-1-13001_1.jpg,jpg,57033,55.7,57,0.1,0,Herbarium Sheets/4000-1-13001_1.jpg,/Users/jajohnst/Documents/teaching/2025-4-SI-676-NetworkedLAMS/ummaa_project_data_samples/Herbarium Sheets
Herbarium Sheets,4000-1-11050_2.jpg,jpg,77626,75.8,78,0.1,0,Herbarium Sheets/4000-1-11050_2.jpg,/Users/jajohnst/Documents/teaching/2025-4-SI-676-NetworkedLAMS/ummaa_project_data_samples/Herbarium Sheets
Herbarium Sheets,4000-1-10870_1.jpg,jpg,78174,76.3,78,0.1,0,Herbarium Sheets/4000-1-10870_1.jpg,/Users/jajohnst/Documents/teaching/2025-4-SI-676-NetworkedLAMS/ummaa_project_data_samples/Herbarium Sheets
Herbarium Sheets,4000-1-10076_1.jpg,jpg,70892,69.2,71,0.1,0,Herbarium Sheets/4000-1-10076_1.jpg,/Users/jajohnst/Documents/teaching/2025-4-SI-676-NetworkedLAMS/ummaa_project_data_samples/Herbarium Sheets
Herbarium Sheets,4000-1-10835_1.jpg,jpg,80447,78.6,80,0.1,0,Herbarium Sheets/4000-1-10835_1.jpg,/Users/jajohnst/Documents/teaching/2025-4-SI-676-NetworkedLAMS/ummaa_project_data_samples/Herbarium Sheets
Herbarium Sheets,4000-1-11033_1.jpg,jpg,80748,78.9,81,0.1,0,Herbarium Sheets/4000-1-11033_1.jpg,/Users/jajohnst/Documents/teaching/2025-4-SI-676-NetworkedLAMS/ummaa_project_data_samples/Herbarium Sheets
Herbarium Sheets,4000-1-6839_1.jpg,jpg,54543,53.3,55,0.1,0,Herbarium Sheets/4000-1-6839_1.jpg,/Users/jajohnst/Documents/teaching/2025-4-SI-676-NetworkedLAMS/ummaa_project_data_samples/Herbarium Sheets
Herbarium Sheets,4000-1-11076_1.jpg,jpg,75697,73.9,76,0.1,0,Herbarium Sheets/4000-1-11076_1.jpg,/Users/jajohnst/Documents/teaching/2025-4-SI-676-NetworkedLAMS/ummaa_project_data_samples/Herbarium Sheets
Herbarium Sheets,4000-1-10646_1.jpg,jpg,83386,81.4,83,0.1,0,Herbarium Sheets/4000-1-10646_1.jpg,/Users/jajohnst/Documents/teaching/2025-4-SI-676-NetworkedLAMS/ummaa_project_data_samples/Herbarium Sheets
Herbarium Sheets,4000-1-10603_1.jpg,jpg,63314,61.8,63,0.1,0,Herbarium Sheets/4000-1-10603_1.jpg,/Users/jajohnst/Documents/teaching/2025-4-SI-676-NetworkedLAMS/ummaa_project_data_samples/Herbarium Sheets
Herbarium Sheets,4000-1-7122_1.jpg,jpg,39463,38.5,39,0,0,Herbarium Sheets/4000-1-7122_1.jpg,/Users/jajohnst/Documents/teaching/2025-4-SI-676-NetworkedLAMS/ummaa_project_data_samples/Herbarium Sheets
Herbarium Sheets,4000-1-10547_1.jpg,jpg,85580,83.6,86,0.1,0,Herbarium Sheets/4000-1-10547_1.jpg,/Users/jajohnst/Documents/teaching/2025-4-SI-676-NetworkedLAMS/ummaa_project_data_samples/Herbarium Sheets
Herbarium Sheets,4000-1-10502_1.jpg,jpg,72723,71,73,0.1,0,Herbarium Sheets/4000-1-10502_1.jpg,/Users/jajohnst/Documents/teaching/2025-4-SI-676-NetworkedLAMS/ummaa_project_data_samples/Herbarium Sheets
Herbarium Sheets,4000-1-10686_1.jpg,jpg,52522,51.3,53,0.1,0,Herbarium Sheets/4000-1-10686_1.jpg,/Users/jajohnst/Documents/teaching/2025-4-SI-676-NetworkedLAMS/ummaa_project_data_samples/Herbarium Sheets
Herbarium Sheets,4000-1-10587_1.jpg,jpg,80897,79,81,0.1,0,Herbarium Sheets/4000-1-10587_1.jpg,/Users/jajohnst/Documents/teaching/2025-4-SI-676-NetworkedLAMS/ummaa_project_data_samples/Herbarium Sheets
Herbarium Sheets,4000-1-10808_1.jpg,jpg,60339,58.9,60,0.1,0,Herbarium Sheets/4000-1-10808_1.jpg,/Users/jajohnst/Documents/teaching/2025-4-SI-676-NetworkedLAMS/ummaa_project_data_samples/Herbarium Sheets
Herbarium Sheets,4000-1-6822_2.jpg,jpg,104128,101.7,104,0.1,0,Herbarium Sheets/4000-1-6822_2.jpg,/Users/jajohnst/Documents/teaching/2025-4-SI-676-NetworkedLAMS/ummaa_project_data_samples/Herbarium Sheets
Herbarium Sheets,4000-1-6867_2.jpg,jpg,99507,97.2,100,0.1,0,Herbarium Sheets/4000-1-6867_2.jpg,/Users/jajohnst/Documents/teaching/2025-4-SI-676-NetworkedLAMS/ummaa_project_data_samples/Herbarium Sheets
Herbarium Sheets,4000-1-6841_1.jpg,jpg,69966,68.3,70,0.1,0,Herbarium Sheets/4000-1-6841_1.jpg,/Users/jajohnst/Documents/teaching/2025-4-SI-676-NetworkedLAMS/ummaa_project_data_samples/Herbarium Sheets
Herbarium Sheets,4000-1-10684_2.jpg,jpg,75737,74,76,0.1,0,Herbarium Sheets/4000-1-10684_2.jpg,/Users/jajohnst/Documents/teaching/2025-4-SI-676-NetworkedLAMS/ummaa_project_data_samples/Herbarium Sheets
Herbarium Sheets,4000-1-11092_1.jpg,jpg,109549,107,110,0.1,0,Herbarium Sheets/4000-1-11092_1.jpg,/Users/jajohnst/Documents/teaching/2025-4-SI-676-NetworkedLAMS/ummaa_project_data_samples/Herbarium Sheets
Herbarium Sheets,4000-1-10894_1.jpg,jpg,52547,51.3,53,0.1,0,Herbarium Sheets/4000-1-10894_1.jpg,/Users/jajohnst/Documents/teaching/2025-4-SI-676-NetworkedLAMS/ummaa_project_data_samples/Herbarium Sheets
Herbarium Sheets,4000-1-10092_1.jpg,jpg,84535,82.6,85,0.1,0,Herbarium Sheets/4000-1-10092_1.jpg,/Users/jajohnst/Documents/teaching/2025-4-SI-676-NetworkedLAMS/ummaa_project_data_samples/Herbarium Sheets
Herbarium Sheets,4000-1-10869_1.jpg,jpg,65208,63.7,65,0.1,0,Herbarium Sheets/4000-1-10869_1.jpg,/Users/jajohnst/Documents/teaching/2025-4-SI-676-NetworkedLAMS/ummaa_project_data_samples/Herbarium Sheets
Herbarium Sheets,4000-1-7063_1.jpg,jpg,93933,91.7,94,0.1,0,Herbarium Sheets/4000-1-7063_1.jpg,/Users/jajohnst/Documents/teaching/2025-4-SI-676-NetworkedLAMS/ummaa_project_data_samples/Herbarium Sheets
Herbarium Sheets,4000-1-6843_2.jpg,jpg,104546,102.1,105,0.1,0,Herbarium Sheets/4000-1-6843_2.jpg,/Users/jajohnst/Documents/teaching/2025-4-SI-676-NetworkedLAMS/ummaa_project_data_samples/Herbarium Sheets
Herbarium Sheets,4000-1-6865_1.jpg,jpg,61186,59.8,61,0.1,0,Herbarium Sheets/4000-1-6865_1.jpg,/Users/jajohnst/Documents/teaching/2025-4-SI-676-NetworkedLAMS/ummaa_project_data_samples/Herbarium Sheets
Herbarium Sheets,4000-1-6820_1.jpg,jpg,79780,77.9,80,0.1,0,Herbarium Sheets/4000-1-6820_1.jpg,/Users/jajohnst/Documents/teaching/2025-4-SI-676-NetworkedLAMS/ummaa_project_data_samples/Herbarium Sheets
Herbarium Sheets,4000-1-11074_2.jpg,jpg,77842,76,78,0.1,0,Herbarium Sheets/4000-1-11074_2.jpg,/Users/jajohnst/Documents/teaching/2025-4-SI-676-NetworkedLAMS/ummaa_project_data_samples/Herbarium Sheets
Herbarium Sheets,4000-1-10854_1.jpg,jpg,74221,72.5,74,0.1,0,Herbarium Sheets/4000-1-10854_1.jpg,/Users/jajohnst/Documents/teaching/2025-4-SI-676-NetworkedLAMS/ummaa_project_data_samples/Herbarium Sheets
Herbarium Sheets,4000-1-10052_1.jpg,jpg,79766,77.9,80,0.1,0,Herbarium Sheets/4000-1-10052_1.jpg,/Users/jajohnst/Documents/teaching/2025-4-SI-676-NetworkedLAMS/ummaa_project_data_samples/Herbarium Sheets
Herbarium Sheets,4000-1-10811_1.jpg,jpg,58326,57,58,0.1,0,Herbarium Sheets/4000-1-10811_1.jpg,/Users/jajohnst/Documents/teaching/2025-4-SI-676-NetworkedLAMS/ummaa_project_data_samples/Herbarium Sheets
Herbarium Sheets,4000-1-11017_1.jpg,jpg,70438,68.8,70,0.1,0,Herbarium Sheets/4000-1-11017_1.jpg,/Users/jajohnst/Documents/teaching/2025-4-SI-676-NetworkedLAMS/ummaa_project_data_samples/Herbarium Sheets
Herbarium Sheets,4000-1-10837_2.jpg,jpg,86752,84.7,87,0.1,0,Herbarium Sheets/4000-1-10837_2.jpg,/Users/jajohnst/Documents/teaching/2025-4-SI-676-NetworkedLAMS/ummaa_project_data_samples/Herbarium Sheets
Herbarium Sheets,4000-1-11052_1.jpg,jpg,91641,89.5,92,0.1,0,Herbarium Sheets/4000-1-11052_1.jpg,/Users/jajohnst/Documents/teaching/2025-4-SI-676-NetworkedLAMS/ummaa_project_data_samples/Herbarium Sheets
Herbarium Sheets,4000-1-6858_1.jpg,jpg,53284,52,53,0.1,0,Herbarium Sheets/4000-1-6858_1.jpg,/Users/jajohnst/Documents/teaching/2025-4-SI-676-NetworkedLAMS/ummaa_project_data_samples/Herbarium Sheets
Herbarium Sheets,4000-1-10089_2.jpg,jpg,87639,85.6,88,0.1,0,Herbarium Sheets/4000-1-10089_2.jpg,/Users/jajohnst/Documents/teaching/2025-4-SI-676-NetworkedLAMS/ummaa_project_data_samples/Herbarium Sheets
Herbarium Sheets,4000-1-10563_1.jpg,jpg,70855,69.2,71,0.1,0,Herbarium Sheets/4000-1-10563_1.jpg,/Users/jajohnst/Documents/teaching/2025-4-SI-676-NetworkedLAMS/ummaa_project_data_samples/Herbarium Sheets
Herbarium Sheets,4000-1-10526_1.jpg,jpg,73544,71.8,74,0.1,0,Herbarium Sheets/4000-1-10526_1.jpg,/Users/jajohnst/Documents/teaching/2025-4-SI-676-NetworkedLAMS/ummaa_project_data_samples/Herbarium Sheets
Herbarium Sheets,4000-1-7106_1.jpg,jpg,24563,24,25,0,0,Herbarium Sheets/4000-1-7106_1.jpg,/Users/jajohnst/Documents/teaching/2025-4-SI-676-NetworkedLAMS/ummaa_project_data_samples/Herbarium Sheets
Herbarium Sheets,4000-1-10662_1.jpg,jpg,70494,68.8,70,0.1,0,Herbarium Sheets/4000-1-10662_1.jpg,/Users/jajohnst/Documents/teaching/2025-4-SI-676-NetworkedLAMS/ummaa_project_data_samples/Herbarium Sheets
Herbarium Sheets,4000-1-10627_1.jpg,jpg,86273,84.3,86,0.1,0,Herbarium Sheets/4000-1-10627_1.jpg,/Users/jajohnst/Documents/teaching/2025-4-SI-676-NetworkedLAMS/ummaa_project_data_samples/Herbarium Sheets
Herbarium Sheets,4000-1-10644_2.jpg,jpg,86078,84.1,86,0.1,0,Herbarium Sheets/4000-1-10644_2.jpg,/Users/jajohnst/Documents/teaching/2025-4-SI-676-NetworkedLAMS/ummaa_project_data_samples/Herbarium Sheets
Herbarium Sheets,4000-1-10856_1.jpg,jpg,69500,67.9,70,0.1,0,Herbarium Sheets/4000-1-10856_1.jpg,/Users/jajohnst/Documents/teaching/2025-4-SI-676-NetworkedLAMS/ummaa_project_data_samples/Herbarium Sheets
Herbarium Sheets,4000-1-6839_2.jpg,jpg,101297,98.9,101,0.1,0,Herbarium Sheets/4000-1-6839_2.jpg,/Users/jajohnst/Documents/teaching/2025-4-SI-676-NetworkedLAMS/ummaa_project_data_samples/Herbarium Sheets
Herbarium Sheets,4000-1-10050_1.jpg,jpg,82264,80.3,82,0.1,0,Herbarium Sheets/4000-1-10050_1.jpg,/Users/jajohnst/Documents/teaching/2025-4-SI-676-NetworkedLAMS/ummaa_project_data_samples/Herbarium Sheets
Herbarium Sheets,4000-1-10813_1.jpg,jpg,89382,87.3,89,0.1,0,Herbarium Sheets/4000-1-10813_1.jpg,/Users/jajohnst/Documents/teaching/2025-4-SI-676-NetworkedLAMS/ummaa_project_data_samples/Herbarium Sheets
Herbarium Sheets,4000-1-11015_1.jpg,jpg,66037,64.5,66,0.1,0,Herbarium Sheets/4000-1-11015_1.jpg,/Users/jajohnst/Documents/teaching/2025-4-SI-676-NetworkedLAMS/ummaa_project_data_samples/Herbarium Sheets
Herbarium Sheets,4000-1-11050_1.jpg,jpg,70287,68.6,70,0.1,0,Herbarium Sheets/4000-1-11050_1.jpg,/Users/jajohnst/Documents/teaching/2025-4-SI-676-NetworkedLAMS/ummaa_project_data_samples/Herbarium Sheets
Herbarium Sheets,4000-1-10870_2.jpg,jpg,84743,82.8,85,0.1,0,Herbarium Sheets/4000-1-10870_2.jpg,/Users/jajohnst/Documents/teaching/2025-4-SI-676-NetworkedLAMS/ummaa_project_data_samples/Herbarium Sheets
Herbarium Sheets,4000-1-10660_1.jpg,jpg,80428,78.5,80,0.1,0,Herbarium Sheets/4000-1-10660_1.jpg,/Users/jajohnst/Documents/teaching/2025-4-SI-676-NetworkedLAMS/ummaa_project_data_samples/Herbarium Sheets
Herbarium Sheets,4000-1-10625_1.jpg,jpg,69519,67.9,70,0.1,0,Herbarium Sheets/4000-1-10625_1.jpg,/Users/jajohnst/Documents/teaching/2025-4-SI-676-NetworkedLAMS/ummaa_project_data_samples/Herbarium Sheets
Herbarium Sheets,4000-1-7104_1.jpg,jpg,41055,40.1,41,0,0,Herbarium Sheets/4000-1-7104_1.jpg,/Users/jajohnst/Documents/teaching/2025-4-SI-676-NetworkedLAMS/ummaa_project_data_samples/Herbarium Sheets
Herbarium Sheets,4000-1-10561_1.jpg,jpg,84651,82.7,85,0.1,0,Herbarium Sheets/4000-1-10561_1.jpg,/Users/jajohnst/Documents/teaching/2025-4-SI-676-NetworkedLAMS/ummaa_project_data_samples/Herbarium Sheets
Herbarium Sheets,4000-1-10524_1.jpg,jpg,71189,69.5,71,0.1,0,Herbarium Sheets/4000-1-10524_1.jpg,/Users/jajohnst/Documents/teaching/2025-4-SI-676-NetworkedLAMS/ummaa_project_data_samples/Herbarium Sheets
Herbarium Sheets,4000-1-10519_1.jpg,jpg,77532,75.7,78,0.1,0,Herbarium Sheets/4000-1-10519_1.jpg,/Users/jajohnst/Documents/teaching/2025-4-SI-676-NetworkedLAMS/ummaa_project_data_samples/Herbarium Sheets
Herbarium Sheets,4000-1-10618_1.jpg,jpg,65780,64.2,66,0.1,0,Herbarium Sheets/4000-1-10618_1.jpg,/Users/jajohnst/Documents/teaching/2025-4-SI-676-NetworkedLAMS/ummaa_project_data_samples/Herbarium Sheets
Herbarium Sheets,4000-1-6841_2.jpg,jpg,100554,98.2,101,0.1,0,Herbarium Sheets/4000-1-6841_2.jpg,/Users/jajohnst/Documents/teaching/2025-4-SI-676-NetworkedLAMS/ummaa_project_data_samples/Herbarium Sheets
Herbarium Sheets,4000-1-6867_1.jpg,jpg,87991,85.9,88,0.1,0,Herbarium Sheets/4000-1-6867_1.jpg,/Users/jajohnst/Documents/teaching/2025-4-SI-676-NetworkedLAMS/ummaa_project_data_samples/Herbarium Sheets
Herbarium Sheets,4000-1-6822_1.jpg,jpg,57964,56.6,58,0.1,0,Herbarium Sheets/4000-1-6822_1.jpg,/Users/jajohnst/Documents/teaching/2025-4-SI-676-NetworkedLAMS/ummaa_project_data_samples/Herbarium Sheets
Herbarium Sheets,4000-1-11028_1.jpg,jpg,121361,118.5,121,0.1,0,Herbarium Sheets/4000-1-11028_1.jpg,/Users/jajohnst/Documents/teaching/2025-4-SI-676-NetworkedLAMS/ummaa_project_data_samples/Herbarium Sheets
Herbarium Sheets,4000-1-11090_1.jpg,jpg,39603,38.7,40,0,0,Herbarium Sheets/4000-1-11090_1.jpg,/Users/jajohnst/Documents/teaching/2025-4-SI-676-NetworkedLAMS/ummaa_project_data_samples/Herbarium Sheets
Herbarium Sheets,4000-1-10896_1.jpg,jpg,82432,80.5,82,0.1,0,Herbarium Sheets/4000-1-10896_1.jpg,/Users/jajohnst/Documents/teaching/2025-4-SI-676-NetworkedLAMS/ummaa_project_data_samples/Herbarium Sheets
Herbarium Sheets,4000-1-10090_1.jpg,jpg,68245,66.6,68,0.1,0,Herbarium Sheets/4000-1-10090_1.jpg,/Users/jajohnst/Documents/teaching/2025-4-SI-676-NetworkedLAMS/ummaa_project_data_samples/Herbarium Sheets
Herbarium Sheets,4000-1-10585_1.jpg,jpg,82088,80.2,82,0.1,0,Herbarium Sheets/4000-1-10585_1.jpg,/Users/jajohnst/Documents/teaching/2025-4-SI-676-NetworkedLAMS/ummaa_project_data_samples/Herbarium Sheets
Herbarium Sheets,4000-1-10679_1.jpg,jpg,73019,71.3,73,0.1,0,Herbarium Sheets/4000-1-10679_1.jpg,/Users/jajohnst/Documents/teaching/2025-4-SI-676-NetworkedLAMS/ummaa_project_data_samples/Herbarium Sheets
Herbarium Sheets,4000-1-10684_1.jpg,jpg,67257,65.7,67,0.1,0,Herbarium Sheets/4000-1-10684_1.jpg,/Users/jajohnst/Documents/teaching/2025-4-SI-676-NetworkedLAMS/ummaa_project_data_samples/Herbarium Sheets
Herbarium Sheets,4000-1-10578_1.jpg,jpg,74981,73.2,75,0.1,0,Herbarium Sheets/4000-1-10578_1.jpg,/Users/jajohnst/Documents/teaching/2025-4-SI-676-NetworkedLAMS/ummaa_project_data_samples/Herbarium Sheets
Herbarium Sheets,4000-1-10092_2.jpg,jpg,90814,88.7,91,0.1,0,Herbarium Sheets/4000-1-10092_2.jpg,/Users/jajohnst/Documents/teaching/2025-4-SI-676-NetworkedLAMS/ummaa_project_data_samples/Herbarium Sheets
Herbarium Sheets,4000-1-10049_1.jpg,jpg,89850,87.7,90,0.1,0,Herbarium Sheets/4000-1-10049_1.jpg,/Users/jajohnst/Documents/teaching/2025-4-SI-676-NetworkedLAMS/ummaa_project_data_samples/Herbarium Sheets
Herbarium Sheets,4000-1-6820_2.jpg,jpg,110031,107.5,110,0.1,0,Herbarium Sheets/4000-1-6820_2.jpg,/Users/jajohnst/Documents/teaching/2025-4-SI-676-NetworkedLAMS/ummaa_project_data_samples/Herbarium Sheets
Herbarium Sheets,4000-1-6865_2.jpg,jpg,103286,100.9,103,0.1,0,Herbarium Sheets/4000-1-6865_2.jpg,/Users/jajohnst/Documents/teaching/2025-4-SI-676-NetworkedLAMS/ummaa_project_data_samples/Herbarium Sheets
Herbarium Sheets,4000-1-6843_1.jpg,jpg,68082,66.5,68,0.1,0,Herbarium Sheets/4000-1-6843_1.jpg,/Users/jajohnst/Documents/teaching/2025-4-SI-676-NetworkedLAMS/ummaa_project_data_samples/Herbarium Sheets
Herbarium Sheets,4000-1-11049_1.jpg,jpg,82498,80.6,82,0.1,0,Herbarium Sheets/4000-1-11049_1.jpg,/Users/jajohnst/Documents/teaching/2025-4-SI-676-NetworkedLAMS/ummaa_project_data_samples/Herbarium Sheets
Herbarium Sheets,4000-1-6858_2.jpg,jpg,100108,97.8,100,0.1,0,Herbarium Sheets/4000-1-6858_2.jpg,/Users/jajohnst/Documents/teaching/2025-4-SI-676-NetworkedLAMS/ummaa_project_data_samples/Herbarium Sheets
Herbarium Sheets,4000-1-7078_1.jpg,jpg,44322,43.3,44,0,0,Herbarium Sheets/4000-1-7078_1.jpg,/Users/jajohnst/Documents/teaching/2025-4-SI-676-NetworkedLAMS/ummaa_project_data_samples/Herbarium Sheets
Herbarium Sheets,4000-1-10872_1.jpg,jpg,72833,71.1,73,0.1,0,Herbarium Sheets/4000-1-10872_1.jpg,/Users/jajohnst/Documents/teaching/2025-4-SI-676-NetworkedLAMS/ummaa_project_data_samples/Herbarium Sheets
Herbarium Sheets,4000-1-10074_1.jpg,jpg,99800,97.5,100,0.1,0,Herbarium Sheets/4000-1-10074_1.jpg,/Users/jajohnst/Documents/teaching/2025-4-SI-676-NetworkedLAMS/ummaa_project_data_samples/Herbarium Sheets
Herbarium Sheets,4000-1-10837_1.jpg,jpg,77721,75.9,78,0.1,0,Herbarium Sheets/4000-1-10837_1.jpg,/Users/jajohnst/Documents/teaching/2025-4-SI-676-NetworkedLAMS/ummaa_project_data_samples/Herbarium Sheets
Herbarium Sheets,4000-1-11031_1.jpg,jpg,62482,61,62,0.1,0,Herbarium Sheets/4000-1-11031_1.jpg,/Users/jajohnst/Documents/teaching/2025-4-SI-676-NetworkedLAMS/ummaa_project_data_samples/Herbarium Sheets
Herbarium Sheets,4000-1-11074_1.jpg,jpg,75219,73.5,75,0.1,0,Herbarium Sheets/4000-1-11074_1.jpg,/Users/jajohnst/Documents/teaching/2025-4-SI-676-NetworkedLAMS/ummaa_project_data_samples/Herbarium Sheets
Herbarium Sheets,4000-1-13003_1.jpg,jpg,83523,81.6,84,0.1,0,Herbarium Sheets/4000-1-13003_1.jpg,/Users/jajohnst/Documents/teaching/2025-4-SI-676-NetworkedLAMS/ummaa_project_data_samples/Herbarium Sheets
Herbarium Sheets,4000-1-11089_1.jpg,jpg,66279,64.7,66,0.1,0,Herbarium Sheets/4000-1-11089_1.jpg,/Users/jajohnst/Documents/teaching/2025-4-SI-676-NetworkedLAMS/ummaa_project_data_samples/Herbarium Sheets
Herbarium Sheets,4000-1-10089_1.jpg,jpg,72888,71.2,73,0.1,0,Herbarium Sheets/4000-1-10089_1.jpg,/Users/jajohnst/Documents/teaching/2025-4-SI-676-NetworkedLAMS/ummaa_project_data_samples/Herbarium Sheets
Herbarium Sheets,4000-1-7085_1.jpg,jpg,47003,45.9,47,0,0,Herbarium Sheets/4000-1-7085_1.jpg,/Users/jajohnst/Documents/teaching/2025-4-SI-676-NetworkedLAMS/ummaa_project_data_samples/Herbarium Sheets
Herbarium Sheets,4000-1-10545_1.jpg,jpg,87641,85.6,88,0.1,0,Herbarium Sheets/4000-1-10545_1.jpg,/Users/jajohnst/Documents/teaching/2025-4-SI-676-NetworkedLAMS/ummaa_project_data_samples/Herbarium Sheets
Herbarium Sheets,4000-1-7106_2.jpg,jpg,35902,35.1,36,0,0,Herbarium Sheets/4000-1-7106_2.jpg,/Users/jajohnst/Documents/teaching/2025-4-SI-676-NetworkedLAMS/ummaa_project_data_samples/Herbarium Sheets
Herbarium Sheets,4000-1-7120_1.jpg,jpg,47132,46,47,0,0,Herbarium Sheets/4000-1-7120_1.jpg,/Users/jajohnst/Documents/teaching/2025-4-SI-676-NetworkedLAMS/ummaa_project_data_samples/Herbarium Sheets
Herbarium Sheets,4000-1-10644_1.jpg,jpg,81375,79.5,81,0.1,0,Herbarium Sheets/4000-1-10644_1.jpg,/Users/jajohnst/Documents/teaching/2025-4-SI-676-NetworkedLAMS/ummaa_project_data_samples/Herbarium Sheets
Herbarium Sheets,4000-1-10601_1.jpg,jpg,86718,84.7,87,0.1,0,Herbarium Sheets/4000-1-10601_1.jpg,/Users/jajohnst/Documents/teaching/2025-4-SI-676-NetworkedLAMS/ummaa_project_data_samples/Herbarium Sheets
Herbarium Sheets,4000-1-6824_2.jpg,jpg,107314,104.8,107,0.1,0,Herbarium Sheets/4000-1-6824_2.jpg,/Users/jajohnst/Documents/teaching/2025-4-SI-676-NetworkedLAMS/ummaa_project_data_samples/Herbarium Sheets
Herbarium Sheets,4000-1-6861_2.jpg,jpg,106968,104.5,107,0.1,0,Herbarium Sheets/4000-1-6861_2.jpg,/Users/jajohnst/Documents/teaching/2025-4-SI-676-NetworkedLAMS/ummaa_project_data_samples/Herbarium Sheets
Herbarium Sheets,4000-1-6847_1.jpg,jpg,88823,86.7,89,0.1,0,Herbarium Sheets/4000-1-6847_1.jpg,/Users/jajohnst/Documents/teaching/2025-4-SI-676-NetworkedLAMS/ummaa_project_data_samples/Herbarium Sheets
Herbarium Sheets,4000-1-11008_1.jpg,jpg,67045,65.5,67,0.1,0,Herbarium Sheets/4000-1-11008_1.jpg,/Users/jajohnst/Documents/teaching/2025-4-SI-676-NetworkedLAMS/ummaa_project_data_samples/Herbarium Sheets
Herbarium Sheets,4000-1-10890_2.jpg,jpg,107698,105.2,108,0.1,0,Herbarium Sheets/4000-1-10890_2.jpg,/Users/jajohnst/Documents/teaching/2025-4-SI-676-NetworkedLAMS/ummaa_project_data_samples/Herbarium Sheets
Herbarium Sheets,4000-1-10680_1.jpg,jpg,75718,73.9,76,0.1,0,Herbarium Sheets/4000-1-10680_1.jpg,/Users/jajohnst/Documents/teaching/2025-4-SI-676-NetworkedLAMS/ummaa_project_data_samples/Herbarium Sheets
Herbarium Sheets,4000-1-10539_1.jpg,jpg,103383,101,103,0.1,0,Herbarium Sheets/4000-1-10539_1.jpg,/Users/jajohnst/Documents/teaching/2025-4-SI-676-NetworkedLAMS/ummaa_project_data_samples/Herbarium Sheets
Herbarium Sheets,4000-1-10581_1.jpg,jpg,68010,66.4,68,0.1,0,Herbarium Sheets/4000-1-10581_1.jpg,/Users/jajohnst/Documents/teaching/2025-4-SI-676-NetworkedLAMS/ummaa_project_data_samples/Herbarium Sheets
Herbarium Sheets,4000-1-7119_1.jpg,jpg,31299,30.6,31,0,0,Herbarium Sheets/4000-1-7119_1.jpg,/Users/jajohnst/Documents/teaching/2025-4-SI-676-NetworkedLAMS/ummaa_project_data_samples/Herbarium Sheets
Herbarium Sheets,4000-1-10638_1.jpg,jpg,74760,73,75,0.1,0,Herbarium Sheets/4000-1-10638_1.jpg,/Users/jajohnst/Documents/teaching/2025-4-SI-676-NetworkedLAMS/ummaa_project_data_samples/Herbarium Sheets
Herbarium Sheets,4000-1-7124_1.jpg,jpg,45180,44.1,45,0,0,Herbarium Sheets/4000-1-7124_1.jpg,/Users/jajohnst/Documents/teaching/2025-4-SI-676-NetworkedLAMS/ummaa_project_data_samples/Herbarium Sheets
Herbarium Sheets,4000-1-10640_1.jpg,jpg,79930,78.1,80,0.1,0,Herbarium Sheets/4000-1-10640_1.jpg,/Users/jajohnst/Documents/teaching/2025-4-SI-676-NetworkedLAMS/ummaa_project_data_samples/Herbarium Sheets
Herbarium Sheets,4000-1-10605_1.jpg,jpg,76622,74.8,77,0.1,0,Herbarium Sheets/4000-1-10605_1.jpg,/Users/jajohnst/Documents/teaching/2025-4-SI-676-NetworkedLAMS/ummaa_project_data_samples/Herbarium Sheets
Herbarium Sheets,4000-1-10541_1.jpg,jpg,62787,61.3,63,0.1,0,Herbarium Sheets/4000-1-10541_1.jpg,/Users/jajohnst/Documents/teaching/2025-4-SI-676-NetworkedLAMS/ummaa_project_data_samples/Herbarium Sheets
Herbarium Sheets,4000-1-10504_1.jpg,jpg,87237,85.2,87,0.1,0,Herbarium Sheets/4000-1-10504_1.jpg,/Users/jajohnst/Documents/teaching/2025-4-SI-676-NetworkedLAMS/ummaa_project_data_samples/Herbarium Sheets
Herbarium Sheets,4000-1-7081_1.jpg,jpg,53993,52.7,54,0.1,0,Herbarium Sheets/4000-1-7081_1.jpg,/Users/jajohnst/Documents/teaching/2025-4-SI-676-NetworkedLAMS/ummaa_project_data_samples/Herbarium Sheets
Herbarium Sheets,4000-1-10035_1.jpg,jpg,80056,78.2,80,0.1,0,Herbarium Sheets/4000-1-10035_1.jpg,/Users/jajohnst/Documents/teaching/2025-4-SI-676-NetworkedLAMS/ummaa_project_data_samples/Herbarium Sheets
Herbarium Sheets,4000-1-10876_1.jpg,jpg,81195,79.3,81,0.1,0,Herbarium Sheets/4000-1-10876_1.jpg,/Users/jajohnst/Documents/teaching/2025-4-SI-676-NetworkedLAMS/ummaa_project_data_samples/Herbarium Sheets
Herbarium Sheets,4000-1-10070_1.jpg,jpg,84750,82.8,85,0.1,0,Herbarium Sheets/4000-1-10070_1.jpg,/Users/jajohnst/Documents/teaching/2025-4-SI-676-NetworkedLAMS/ummaa_project_data_samples/Herbarium Sheets
Herbarium Sheets,4000-1-10833_1.jpg,jpg,92201,90,92,0.1,0,Herbarium Sheets/4000-1-10833_1.jpg,/Users/jajohnst/Documents/teaching/2025-4-SI-676-NetworkedLAMS/ummaa_project_data_samples/Herbarium Sheets
Herbarium Sheets,4000-1-11035_1.jpg,jpg,51064,49.9,51,0,0,Herbarium Sheets/4000-1-11035_1.jpg,/Users/jajohnst/Documents/teaching/2025-4-SI-676-NetworkedLAMS/ummaa_project_data_samples/Herbarium Sheets
Herbarium Sheets,4000-1-11070_1.jpg,jpg,65647,64.1,66,0.1,0,Herbarium Sheets/4000-1-11070_1.jpg,/Users/jajohnst/Documents/teaching/2025-4-SI-676-NetworkedLAMS/ummaa_project_data_samples/Herbarium Sheets
Herbarium Sheets,4000-1-10565_1.jpg,jpg,114832,112.1,115,0.1,0,Herbarium Sheets/4000-1-10565_1.jpg,/Users/jajohnst/Documents/teaching/2025-4-SI-676-NetworkedLAMS/ummaa_project_data_samples/Herbarium Sheets
Herbarium Sheets,4000-1-10520_1.jpg,jpg,70395,68.7,70,0.1,0,Herbarium Sheets/4000-1-10520_1.jpg,/Users/jajohnst/Documents/teaching/2025-4-SI-676-NetworkedLAMS/ummaa_project_data_samples/Herbarium Sheets
Herbarium Sheets,4000-1-10699_1.jpg,jpg,71779,70.1,72,0.1,0,Herbarium Sheets/4000-1-10699_1.jpg,/Users/jajohnst/Documents/teaching/2025-4-SI-676-NetworkedLAMS/ummaa_project_data_samples/Herbarium Sheets
Herbarium Sheets,4000-1-10664_1.jpg,jpg,74556,72.8,75,0.1,0,Herbarium Sheets/4000-1-10664_1.jpg,/Users/jajohnst/Documents/teaching/2025-4-SI-676-NetworkedLAMS/ummaa_project_data_samples/Herbarium Sheets
Herbarium Sheets,4000-1-10621_1.jpg,jpg,63202,61.7,63,0.1,0,Herbarium Sheets/4000-1-10621_1.jpg,/Users/jajohnst/Documents/teaching/2025-4-SI-676-NetworkedLAMS/ummaa_project_data_samples/Herbarium Sheets
Herbarium Sheets,4000-1-7100_1.jpg,jpg,48869,47.7,49,0,0,Herbarium Sheets/4000-1-7100_1.jpg,/Users/jajohnst/Documents/teaching/2025-4-SI-676-NetworkedLAMS/ummaa_project_data_samples/Herbarium Sheets
Herbarium Sheets,4000-1-10598_1.jpg,jpg,122259,119.4,122,0.1,0,Herbarium Sheets/4000-1-10598_1.jpg,/Users/jajohnst/Documents/teaching/2025-4-SI-676-NetworkedLAMS/ummaa_project_data_samples/Herbarium Sheets
Herbarium Sheets,4000-1-11072_2.jpg,jpg,107873,105.3,108,0.1,0,Herbarium Sheets/4000-1-11072_2.jpg,/Users/jajohnst/Documents/teaching/2025-4-SI-676-NetworkedLAMS/ummaa_project_data_samples/Herbarium Sheets
Herbarium Sheets,4000-1-10852_1.jpg,jpg,77637,75.8,78,0.1,0,Herbarium Sheets/4000-1-10852_1.jpg,/Users/jajohnst/Documents/teaching/2025-4-SI-676-NetworkedLAMS/ummaa_project_data_samples/Herbarium Sheets
Herbarium Sheets,4000-1-10054_1.jpg,jpg,65602,64.1,66,0.1,0,Herbarium Sheets/4000-1-10054_1.jpg,/Users/jajohnst/Documents/teaching/2025-4-SI-676-NetworkedLAMS/ummaa_project_data_samples/Herbarium Sheets
Herbarium Sheets,4000-1-10817_1.jpg,jpg,75542,73.8,76,0.1,0,Herbarium Sheets/4000-1-10817_1.jpg,/Users/jajohnst/Documents/teaching/2025-4-SI-676-NetworkedLAMS/ummaa_project_data_samples/Herbarium Sheets
Herbarium Sheets,4000-1-11011_1.jpg,jpg,99513,97.2,100,0.1,0,Herbarium Sheets/4000-1-11011_1.jpg,/Users/jajohnst/Documents/teaching/2025-4-SI-676-NetworkedLAMS/ummaa_project_data_samples/Herbarium Sheets
Herbarium Sheets,4000-1-10072_2.jpg,jpg,89612,87.5,90,0.1,0,Herbarium Sheets/4000-1-10072_2.jpg,/Users/jajohnst/Documents/teaching/2025-4-SI-676-NetworkedLAMS/ummaa_project_data_samples/Herbarium Sheets
Herbarium Sheets,4000-1-11054_1.jpg,jpg,85350,83.3,85,0.1,0,Herbarium Sheets/4000-1-11054_1.jpg,/Users/jajohnst/Documents/teaching/2025-4-SI-676-NetworkedLAMS/ummaa_project_data_samples/Herbarium Sheets
Herbarium Sheets,4000-1-11094_1.jpg,jpg,54356,53.1,54,0.1,0,Herbarium Sheets/4000-1-11094_1.jpg,/Users/jajohnst/Documents/teaching/2025-4-SI-676-NetworkedLAMS/ummaa_project_data_samples/Herbarium Sheets
Herbarium Sheets,4000-1-10892_1.jpg,jpg,65855,64.3,66,0.1,0,Herbarium Sheets/4000-1-10892_1.jpg,/Users/jajohnst/Documents/teaching/2025-4-SI-676-NetworkedLAMS/ummaa_project_data_samples/Herbarium Sheets
Herbarium Sheets,4000-1-7098_1.jpg,jpg,38213,37.3,38,0,0,Herbarium Sheets/4000-1-7098_1.jpg,/Users/jajohnst/Documents/teaching/2025-4-SI-676-NetworkedLAMS/ummaa_project_data_samples/Herbarium Sheets
Herbarium Sheets,4000-1-10094_1.jpg,jpg,60507,59.1,61,0.1,0,Herbarium Sheets/4000-1-10094_1.jpg,/Users/jajohnst/Documents/teaching/2025-4-SI-676-NetworkedLAMS/ummaa_project_data_samples/Herbarium Sheets
Herbarium Sheets,4000-1-10069_1.jpg,jpg,54381,53.1,54,0.1,0,Herbarium Sheets/4000-1-10069_1.jpg,/Users/jajohnst/Documents/teaching/2025-4-SI-676-NetworkedLAMS/ummaa_project_data_samples/Herbarium Sheets
Herbarium Sheets,4000-1-7065_1.jpg,jpg,58648,57.3,59,0.1,0,Herbarium Sheets/4000-1-7065_1.jpg,/Users/jajohnst/Documents/teaching/2025-4-SI-676-NetworkedLAMS/ummaa_project_data_samples/Herbarium Sheets
Herbarium Sheets,4000-1-6845_2.jpg,jpg,106511,104,107,0.1,0,Herbarium Sheets/4000-1-6845_2.jpg,/Users/jajohnst/Documents/teaching/2025-4-SI-676-NetworkedLAMS/ummaa_project_data_samples/Herbarium Sheets
Herbarium Sheets,4000-1-10849_2.jpg,jpg,81389,79.5,81,0.1,0,Herbarium Sheets/4000-1-10849_2.jpg,/Users/jajohnst/Documents/teaching/2025-4-SI-676-NetworkedLAMS/ummaa_project_data_samples/Herbarium Sheets
Herbarium Sheets,4000-1-6863_1.jpg,jpg,80046,78.2,80,0.1,0,Herbarium Sheets/4000-1-6863_1.jpg,/Users/jajohnst/Documents/teaching/2025-4-SI-676-NetworkedLAMS/ummaa_project_data_samples/Herbarium Sheets
Herbarium Sheets,4000-1-11069_1.jpg,jpg,85503,83.5,86,0.1,0,Herbarium Sheets/4000-1-11069_1.jpg,/Users/jajohnst/Documents/teaching/2025-4-SI-676-NetworkedLAMS/ummaa_project_data_samples/Herbarium Sheets
Herbarium Sheets,4000-1-6826_1.jpg,jpg,86915,84.9,87,0.1,0,Herbarium Sheets/4000-1-6826_1.jpg,/Users/jajohnst/Documents/teaching/2025-4-SI-676-NetworkedLAMS/ummaa_project_data_samples/Herbarium Sheets
Herbarium Sheets,4000-1-10659_1.jpg,jpg,73614,71.9,74,0.1,0,Herbarium Sheets/4000-1-10659_1.jpg,/Users/jajohnst/Documents/teaching/2025-4-SI-676-NetworkedLAMS/ummaa_project_data_samples/Herbarium Sheets
Herbarium Sheets,4000-1-10558_1.jpg,jpg,81471,79.6,81,0.1,0,Herbarium Sheets/4000-1-10558_1.jpg,/Users/jajohnst/Documents/teaching/2025-4-SI-676-NetworkedLAMS/ummaa_project_data_samples/Herbarium Sheets
Herbarium Sheets,4000-1-7067_1.jpg,jpg,63116,61.6,63,0.1,0,Herbarium Sheets/4000-1-7067_1.jpg,/Users/jajohnst/Documents/teaching/2025-4-SI-676-NetworkedLAMS/ummaa_project_data_samples/Herbarium Sheets
Herbarium Sheets,4000-1-6847_2.jpg,jpg,106204,103.7,106,0.1,0,Herbarium Sheets/4000-1-6847_2.jpg,/Users/jajohnst/Documents/teaching/2025-4-SI-676-NetworkedLAMS/ummaa_project_data_samples/Herbarium Sheets
Herbarium Sheets,4000-1-6861_1.jpg,jpg,59093,57.7,59,0.1,0,Herbarium Sheets/4000-1-6861_1.jpg,/Users/jajohnst/Documents/teaching/2025-4-SI-676-NetworkedLAMS/ummaa_project_data_samples/Herbarium Sheets
Herbarium Sheets,4000-1-6824_1.jpg,jpg,46824,45.7,47,0,0,Herbarium Sheets/4000-1-6824_1.jpg,/Users/jajohnst/Documents/teaching/2025-4-SI-676-NetworkedLAMS/ummaa_project_data_samples/Herbarium Sheets
Herbarium Sheets,4000-1-11096_1.jpg,jpg,50852,49.7,51,0,0,Herbarium Sheets/4000-1-11096_1.jpg,/Users/jajohnst/Documents/teaching/2025-4-SI-676-NetworkedLAMS/ummaa_project_data_samples/Herbarium Sheets
Herbarium Sheets,4000-1-10890_1.jpg,jpg,108705,106.2,109,0.1,0,Herbarium Sheets/4000-1-10890_1.jpg,/Users/jajohnst/Documents/teaching/2025-4-SI-676-NetworkedLAMS/ummaa_project_data_samples/Herbarium Sheets
Herbarium Sheets,4000-1-10096_1.jpg,jpg,56313,55,56,0.1,0,Herbarium Sheets/4000-1-10096_1.jpg,/Users/jajohnst/Documents/teaching/2025-4-SI-676-NetworkedLAMS/ummaa_project_data_samples/Herbarium Sheets
Herbarium Sheets,4000-1-10638_2.jpg,jpg,81177,79.3,81,0.1,0,Herbarium Sheets/4000-1-10638_2.jpg,/Users/jajohnst/Documents/teaching/2025-4-SI-676-NetworkedLAMS/ummaa_project_data_samples/Herbarium Sheets
Herbarium Sheets,4000-1-7102_1.jpg,jpg,52322,51.1,52,0,0,Herbarium Sheets/4000-1-7102_1.jpg,/Users/jajohnst/Documents/teaching/2025-4-SI-676-NetworkedLAMS/ummaa_project_data_samples/Herbarium Sheets
Herbarium Sheets,4000-1-10666_1.jpg,jpg,83517,81.6,84,0.1,0,Herbarium Sheets/4000-1-10666_1.jpg,/Users/jajohnst/Documents/teaching/2025-4-SI-676-NetworkedLAMS/ummaa_project_data_samples/Herbarium Sheets
Herbarium Sheets,4000-1-10623_1.jpg,jpg,83515,81.6,84,0.1,0,Herbarium Sheets/4000-1-10623_1.jpg,/Users/jajohnst/Documents/teaching/2025-4-SI-676-NetworkedLAMS/ummaa_project_data_samples/Herbarium Sheets
Herbarium Sheets,4000-1-10640_2.jpg,jpg,92551,90.4,93,0.1,0,Herbarium Sheets/4000-1-10640_2.jpg,/Users/jajohnst/Documents/teaching/2025-4-SI-676-NetworkedLAMS/ummaa_project_data_samples/Herbarium Sheets
Herbarium Sheets,4000-1-10567_1.jpg,jpg,70313,68.7,70,0.1,0,Herbarium Sheets/4000-1-10567_1.jpg,/Users/jajohnst/Documents/teaching/2025-4-SI-676-NetworkedLAMS/ummaa_project_data_samples/Herbarium Sheets
Herbarium Sheets,4000-1-10522_1.jpg,jpg,84327,82.4,84,0.1,0,Herbarium Sheets/4000-1-10522_1.jpg,/Users/jajohnst/Documents/teaching/2025-4-SI-676-NetworkedLAMS/ummaa_project_data_samples/Herbarium Sheets
Herbarium Sheets,4000-1-10850_1.jpg,jpg,84699,82.7,85,0.1,0,Herbarium Sheets/4000-1-10850_1.jpg,/Users/jajohnst/Documents/teaching/2025-4-SI-676-NetworkedLAMS/ummaa_project_data_samples/Herbarium Sheets
Herbarium Sheets,4000-1-10056_1.jpg,jpg,89763,87.7,90,0.1,0,Herbarium Sheets/4000-1-10056_1.jpg,/Users/jajohnst/Documents/teaching/2025-4-SI-676-NetworkedLAMS/ummaa_project_data_samples/Herbarium Sheets
Herbarium Sheets,4000-1-10815_1.jpg,jpg,82394,80.5,82,0.1,0,Herbarium Sheets/4000-1-10815_1.jpg,/Users/jajohnst/Documents/teaching/2025-4-SI-676-NetworkedLAMS/ummaa_project_data_samples/Herbarium Sheets
Herbarium Sheets,4000-1-11013_1.jpg,jpg,73998,72.3,74,0.1,0,Herbarium Sheets/4000-1-11013_1.jpg,/Users/jajohnst/Documents/teaching/2025-4-SI-676-NetworkedLAMS/ummaa_project_data_samples/Herbarium Sheets
Herbarium Sheets,4000-1-10833_2.jpg,jpg,99728,97.4,100,0.1,0,Herbarium Sheets/4000-1-10833_2.jpg,/Users/jajohnst/Documents/teaching/2025-4-SI-676-NetworkedLAMS/ummaa_project_data_samples/Herbarium Sheets
Herbarium Sheets,4000-1-11056_1.jpg,jpg,73367,71.6,73,0.1,0,Herbarium Sheets/4000-1-11056_1.jpg,/Users/jajohnst/Documents/teaching/2025-4-SI-676-NetworkedLAMS/ummaa_project_data_samples/Herbarium Sheets
Herbarium Sheets,4000-1-10543_1.jpg,jpg,78187,76.4,78,0.1,0,Herbarium Sheets/4000-1-10543_1.jpg,/Users/jajohnst/Documents/teaching/2025-4-SI-676-NetworkedLAMS/ummaa_project_data_samples/Herbarium Sheets
Herbarium Sheets,4000-1-10506_1.jpg,jpg,87004,85,87,0.1,0,Herbarium Sheets/4000-1-10506_1.jpg,/Users/jajohnst/Documents/teaching/2025-4-SI-676-NetworkedLAMS/ummaa_project_data_samples/Herbarium Sheets
Herbarium Sheets,4000-1-10642_1.jpg,jpg,90224,88.1,90,0.1,0,Herbarium Sheets/4000-1-10642_1.jpg,/Users/jajohnst/Documents/teaching/2025-4-SI-676-NetworkedLAMS/ummaa_project_data_samples/Herbarium Sheets
Herbarium Sheets,4000-1-10607_1.jpg,jpg,98956,96.6,99,0.1,0,Herbarium Sheets/4000-1-10607_1.jpg,/Users/jajohnst/Documents/teaching/2025-4-SI-676-NetworkedLAMS/ummaa_project_data_samples/Herbarium Sheets
Herbarium Sheets,4000-1-10598_2.jpg,jpg,116262,113.5,116,0.1,0,Herbarium Sheets/4000-1-10598_2.jpg,/Users/jajohnst/Documents/teaching/2025-4-SI-676-NetworkedLAMS/ummaa_project_data_samples/Herbarium Sheets
Herbarium Sheets,4000-1-7126_1.jpg,jpg,31917,31.2,32,0,0,Herbarium Sheets/4000-1-7126_1.jpg,/Users/jajohnst/Documents/teaching/2025-4-SI-676-NetworkedLAMS/ummaa_project_data_samples/Herbarium Sheets
Herbarium Sheets,4000-1-10508-c_1.jpg,jpg,102981,100.6,103,0.1,0,Herbarium Sheets/4000-1-10508-c_1.jpg,/Users/jajohnst/Documents/teaching/2025-4-SI-676-NetworkedLAMS/ummaa_project_data_samples/Herbarium Sheets
Herbarium Sheets,4000-1-10037_1.jpg,jpg,82825,80.9,83,0.1,0,Herbarium Sheets/4000-1-10037_1.jpg,/Users/jajohnst/Documents/teaching/2025-4-SI-676-NetworkedLAMS/ummaa_project_data_samples/Herbarium Sheets
Herbarium Sheets,4000-1-10874_1.jpg,jpg,107948,105.4,108,0.1,0,Herbarium Sheets/4000-1-10874_1.jpg,/Users/jajohnst/Documents/teaching/2025-4-SI-676-NetworkedLAMS/ummaa_project_data_samples/Herbarium Sheets
Herbarium Sheets,4000-1-10072_1.jpg,jpg,83570,81.6,84,0.1,0,Herbarium Sheets/4000-1-10072_1.jpg,/Users/jajohnst/Documents/teaching/2025-4-SI-676-NetworkedLAMS/ummaa_project_data_samples/Herbarium Sheets
Herbarium Sheets,4000-1-10831_1.jpg,jpg,105197,102.7,105,0.1,0,Herbarium Sheets/4000-1-10831_1.jpg,/Users/jajohnst/Documents/teaching/2025-4-SI-676-NetworkedLAMS/ummaa_project_data_samples/Herbarium Sheets
Herbarium Sheets,4000-1-11037_1.jpg,jpg,58685,57.3,59,0.1,0,Herbarium Sheets/4000-1-11037_1.jpg,/Users/jajohnst/Documents/teaching/2025-4-SI-676-NetworkedLAMS/ummaa_project_data_samples/Herbarium Sheets
Herbarium Sheets,4000-1-10054_2.jpg,jpg,89061,87,89,0.1,0,Herbarium Sheets/4000-1-10054_2.jpg,/Users/jajohnst/Documents/teaching/2025-4-SI-676-NetworkedLAMS/ummaa_project_data_samples/Herbarium Sheets
Herbarium Sheets,4000-1-11072_1.jpg,jpg,108768,106.2,109,0.1,0,Herbarium Sheets/4000-1-11072_1.jpg,/Users/jajohnst/Documents/teaching/2025-4-SI-676-NetworkedLAMS/ummaa_project_data_samples/Herbarium Sheets
Herbarium Sheets,4000-1-7083_1.jpg,jpg,72866,71.2,73,0.1,0,Herbarium Sheets/4000-1-7083_1.jpg,/Users/jajohnst/Documents/teaching/2025-4-SI-676-NetworkedLAMS/ummaa_project_data_samples/Herbarium Sheets
Herbarium Sheets,4000-1-6826_2.jpg,jpg,107579,105.1,108,0.1,0,Herbarium Sheets/4000-1-6826_2.jpg,/Users/jajohnst/Documents/teaching/2025-4-SI-676-NetworkedLAMS/ummaa_project_data_samples/Herbarium Sheets
Herbarium Sheets,4000-1-10849_1.jpg,jpg,72902,71.2,73,0.1,0,Herbarium Sheets/4000-1-10849_1.jpg,/Users/jajohnst/Documents/teaching/2025-4-SI-676-NetworkedLAMS/ummaa_project_data_samples/Herbarium Sheets
Herbarium Sheets,4000-1-6863_2.jpg,jpg,104121,101.7,104,0.1,0,Herbarium Sheets/4000-1-6863_2.jpg,/Users/jajohnst/Documents/teaching/2025-4-SI-676-NetworkedLAMS/ummaa_project_data_samples/Herbarium Sheets
Herbarium Sheets,4000-1-6845_1.jpg,jpg,56341,55,56,0.1,0,Herbarium Sheets/4000-1-6845_1.jpg,/Users/jajohnst/Documents/teaching/2025-4-SI-676-NetworkedLAMS/ummaa_project_data_samples/Herbarium Sheets
Herbarium Sheets,4000-1-10659_2.jpg,jpg,84974,83,85,0.1,0,Herbarium Sheets/4000-1-10659_2.jpg,/Users/jajohnst/Documents/teaching/2025-4-SI-676-NetworkedLAMS/ummaa_project_data_samples/Herbarium Sheets
Herbarium Sheets,4000-1-10583_1.jpg,jpg,87597,85.5,88,0.1,0,Herbarium Sheets/4000-1-10583_1.jpg,/Users/jajohnst/Documents/teaching/2025-4-SI-676-NetworkedLAMS/ummaa_project_data_samples/Herbarium Sheets
Herbarium Sheets,4000-1-10682_1.jpg,jpg,81749,79.8,82,0.1,0,Herbarium Sheets/4000-1-10682_1.jpg,/Users/jajohnst/Documents/teaching/2025-4-SI-676-NetworkedLAMS/ummaa_project_data_samples/Herbarium Sheets
Herbarium Sheets,4000-1-6840_2.jpg,jpg,105808,103.3,106,0.1,0,Herbarium Sheets/4000-1-6840_2.jpg,/Users/jajohnst/Documents/teaching/2025-4-SI-676-NetworkedLAMS/ummaa_project_data_samples/Herbarium Sheets
Herbarium Sheets,4000-1-11029_1.jpg,jpg,78086,76.3,78,0.1,0,Herbarium Sheets/4000-1-11029_1.jpg,/Users/jajohnst/Documents/teaching/2025-4-SI-676-NetworkedLAMS/ummaa_project_data_samples/Herbarium Sheets
Herbarium Sheets,4000-1-6823_1.jpg,jpg,60287,58.9,60,0.1,0,Herbarium Sheets/4000-1-6823_1.jpg,/Users/jajohnst/Documents/teaching/2025-4-SI-676-NetworkedLAMS/ummaa_project_data_samples/Herbarium Sheets
Herbarium Sheets,4000-1-6866_1.jpg,jpg,101716,99.3,102,0.1,0,Herbarium Sheets/4000-1-6866_1.jpg,/Users/jajohnst/Documents/teaching/2025-4-SI-676-NetworkedLAMS/ummaa_project_data_samples/Herbarium Sheets
Herbarium Sheets,4000-1-11091_1.jpg,jpg,69880,68.2,70,0.1,0,Herbarium Sheets/4000-1-11091_1.jpg,/Users/jajohnst/Documents/teaching/2025-4-SI-676-NetworkedLAMS/ummaa_project_data_samples/Herbarium Sheets
Herbarium Sheets,4000-1-10091_1.jpg,jpg,71733,70.1,72,0.1,0,Herbarium Sheets/4000-1-10091_1.jpg,/Users/jajohnst/Documents/teaching/2025-4-SI-676-NetworkedLAMS/ummaa_project_data_samples/Herbarium Sheets
Herbarium Sheets,4000-1-10897_1.jpg,jpg,67715,66.1,68,0.1,0,Herbarium Sheets/4000-1-10897_1.jpg,/Users/jajohnst/Documents/teaching/2025-4-SI-676-NetworkedLAMS/ummaa_project_data_samples/Herbarium Sheets
Herbarium Sheets,4000-1-10518_1.jpg,jpg,56360,55,56,0.1,0,Herbarium Sheets/4000-1-10518_1.jpg,/Users/jajohnst/Documents/teaching/2025-4-SI-676-NetworkedLAMS/ummaa_project_data_samples/Herbarium Sheets
Herbarium Sheets,4000-1-10619_1.jpg,jpg,73476,71.8,73,0.1,0,Herbarium Sheets/4000-1-10619_1.jpg,/Users/jajohnst/Documents/teaching/2025-4-SI-676-NetworkedLAMS/ummaa_project_data_samples/Herbarium Sheets
Herbarium Sheets,4000-1-10624_1.jpg,jpg,70255,68.6,70,0.1,0,Herbarium Sheets/4000-1-10624_1.jpg,/Users/jajohnst/Documents/teaching/2025-4-SI-676-NetworkedLAMS/ummaa_project_data_samples/Herbarium Sheets
Herbarium Sheets,4000-1-10661_1.jpg,jpg,60772,59.3,61,0.1,0,Herbarium Sheets/4000-1-10661_1.jpg,/Users/jajohnst/Documents/teaching/2025-4-SI-676-NetworkedLAMS/ummaa_project_data_samples/Herbarium Sheets
Herbarium Sheets,4000-1-7105_1.jpg,jpg,62406,60.9,62,0.1,0,Herbarium Sheets/4000-1-7105_1.jpg,/Users/jajohnst/Documents/teaching/2025-4-SI-676-NetworkedLAMS/ummaa_project_data_samples/Herbarium Sheets
Herbarium Sheets,4000-1-10525_1.jpg,jpg,79500,77.6,80,0.1,0,Herbarium Sheets/4000-1-10525_1.jpg,/Users/jajohnst/Documents/teaching/2025-4-SI-676-NetworkedLAMS/ummaa_project_data_samples/Herbarium Sheets
Herbarium Sheets,4000-1-10560_1.jpg,jpg,62864,61.4,63,0.1,0,Herbarium Sheets/4000-1-10560_1.jpg,/Users/jajohnst/Documents/teaching/2025-4-SI-676-NetworkedLAMS/ummaa_project_data_samples/Herbarium Sheets
Herbarium Sheets,4000-1-10503_2.jpg,jpg,102808,100.4,103,0.1,0,Herbarium Sheets/4000-1-10503_2.jpg,/Users/jajohnst/Documents/teaching/2025-4-SI-676-NetworkedLAMS/ummaa_project_data_samples/Herbarium Sheets
Herbarium Sheets,4000-1-6838_2.jpg,jpg,101983,99.6,102,0.1,0,Herbarium Sheets/4000-1-6838_2.jpg,/Users/jajohnst/Documents/teaching/2025-4-SI-676-NetworkedLAMS/ummaa_project_data_samples/Herbarium Sheets
Herbarium Sheets,4000-1-10812_1.jpg,jpg,90664,88.5,91,0.1,0,Herbarium Sheets/4000-1-10812_1.jpg,/Users/jajohnst/Documents/teaching/2025-4-SI-676-NetworkedLAMS/ummaa_project_data_samples/Herbarium Sheets
Herbarium Sheets,4000-1-10051_1.jpg,jpg,116349,113.6,116,0.1,0,Herbarium Sheets/4000-1-10051_1.jpg,/Users/jajohnst/Documents/teaching/2025-4-SI-676-NetworkedLAMS/ummaa_project_data_samples/Herbarium Sheets
Herbarium Sheets,4000-1-10857_1.jpg,jpg,65485,64,65,0.1,0,Herbarium Sheets/4000-1-10857_1.jpg,/Users/jajohnst/Documents/teaching/2025-4-SI-676-NetworkedLAMS/ummaa_project_data_samples/Herbarium Sheets
Herbarium Sheets,4000-1-11051_1.jpg,jpg,83034,81.1,83,0.1,0,Herbarium Sheets/4000-1-11051_1.jpg,/Users/jajohnst/Documents/teaching/2025-4-SI-676-NetworkedLAMS/ummaa_project_data_samples/Herbarium Sheets
Herbarium Sheets,4000-1-11014_1.jpg,jpg,102053,99.7,102,0.1,0,Herbarium Sheets/4000-1-11014_1.jpg,/Users/jajohnst/Documents/teaching/2025-4-SI-676-NetworkedLAMS/ummaa_project_data_samples/Herbarium Sheets
Herbarium Sheets,4000-1-10077_2.jpg,jpg,108460,105.9,108,0.1,0,Herbarium Sheets/4000-1-10077_2.jpg,/Users/jajohnst/Documents/teaching/2025-4-SI-676-NetworkedLAMS/ummaa_project_data_samples/Herbarium Sheets
Herbarium Sheets,4000-1-10501_1.jpg,jpg,71636,70,72,0.1,0,Herbarium Sheets/4000-1-10501_1.jpg,/Users/jajohnst/Documents/teaching/2025-4-SI-676-NetworkedLAMS/ummaa_project_data_samples/Herbarium Sheets
Herbarium Sheets,4000-1-10544_1.jpg,jpg,98401,96.1,98,0.1,0,Herbarium Sheets/4000-1-10544_1.jpg,/Users/jajohnst/Documents/teaching/2025-4-SI-676-NetworkedLAMS/ummaa_project_data_samples/Herbarium Sheets
Herbarium Sheets,4000-1-7107_2.jpg,jpg,47185,46.1,47,0,0,Herbarium Sheets/4000-1-7107_2.jpg,/Users/jajohnst/Documents/teaching/2025-4-SI-676-NetworkedLAMS/ummaa_project_data_samples/Herbarium Sheets
Herbarium Sheets,4000-1-7121_1.jpg,jpg,31410,30.7,31,0,0,Herbarium Sheets/4000-1-7121_1.jpg,/Users/jajohnst/Documents/teaching/2025-4-SI-676-NetworkedLAMS/ummaa_project_data_samples/Herbarium Sheets
Herbarium Sheets,4000-1-10600_1.jpg,jpg,61396,60,61,0.1,0,Herbarium Sheets/4000-1-10600_1.jpg,/Users/jajohnst/Documents/teaching/2025-4-SI-676-NetworkedLAMS/ummaa_project_data_samples/Herbarium Sheets
Herbarium Sheets,4000-1-10645_1.jpg,jpg,93411,91.2,93,0.1,0,Herbarium Sheets/4000-1-10645_1.jpg,/Users/jajohnst/Documents/teaching/2025-4-SI-676-NetworkedLAMS/ummaa_project_data_samples/Herbarium Sheets
Herbarium Sheets,4000-1-11016_2.jpg,jpg,84608,82.6,85,0.1,0,Herbarium Sheets/4000-1-11016_2.jpg,/Users/jajohnst/Documents/teaching/2025-4-SI-676-NetworkedLAMS/ummaa_project_data_samples/Herbarium Sheets
Herbarium Sheets,4000-1-10836_1.jpg,jpg,82192,80.3,82,0.1,0,Herbarium Sheets/4000-1-10836_1.jpg,/Users/jajohnst/Documents/teaching/2025-4-SI-676-NetworkedLAMS/ummaa_project_data_samples/Herbarium Sheets
Herbarium Sheets,4000-1-10075_1.jpg,jpg,80355,78.5,80,0.1,0,Herbarium Sheets/4000-1-10075_1.jpg,/Users/jajohnst/Documents/teaching/2025-4-SI-676-NetworkedLAMS/ummaa_project_data_samples/Herbarium Sheets
Herbarium Sheets,4000-1-6859_2.jpg,jpg,101387,99,101,0.1,0,Herbarium Sheets/4000-1-6859_2.jpg,/Users/jajohnst/Documents/teaching/2025-4-SI-676-NetworkedLAMS/ummaa_project_data_samples/Herbarium Sheets
Herbarium Sheets,4000-1-11053_2.jpg,jpg,103325,100.9,103,0.1,0,Herbarium Sheets/4000-1-11053_2.jpg,/Users/jajohnst/Documents/teaching/2025-4-SI-676-NetworkedLAMS/ummaa_project_data_samples/Herbarium Sheets
Herbarium Sheets,4000-1-10873_1.jpg,jpg,66385,64.8,66,0.1,0,Herbarium Sheets/4000-1-10873_1.jpg,/Users/jajohnst/Documents/teaching/2025-4-SI-676-NetworkedLAMS/ummaa_project_data_samples/Herbarium Sheets
Herbarium Sheets,4000-1-7079_1.jpg,jpg,64031,62.5,64,0.1,0,Herbarium Sheets/4000-1-7079_1.jpg,/Users/jajohnst/Documents/teaching/2025-4-SI-676-NetworkedLAMS/ummaa_project_data_samples/Herbarium Sheets
Herbarium Sheets,4000-1-11075_1.jpg,jpg,62491,61,62,0.1,0,Herbarium Sheets/4000-1-11075_1.jpg,/Users/jajohnst/Documents/teaching/2025-4-SI-676-NetworkedLAMS/ummaa_project_data_samples/Herbarium Sheets
Herbarium Sheets,4000-1-10855_2.jpg,jpg,83222,81.3,83,0.1,0,Herbarium Sheets/4000-1-10855_2.jpg,/Users/jajohnst/Documents/teaching/2025-4-SI-676-NetworkedLAMS/ummaa_project_data_samples/Herbarium Sheets
Herbarium Sheets,4000-1-11030_1.jpg,jpg,59728,58.3,60,0.1,0,Herbarium Sheets/4000-1-11030_1.jpg,/Users/jajohnst/Documents/teaching/2025-4-SI-676-NetworkedLAMS/ummaa_project_data_samples/Herbarium Sheets
Herbarium Sheets,4000-1-13002_1.jpg,jpg,105552,103.1,106,0.1,0,Herbarium Sheets/4000-1-13002_1.jpg,/Users/jajohnst/Documents/teaching/2025-4-SI-676-NetworkedLAMS/ummaa_project_data_samples/Herbarium Sheets
Herbarium Sheets,4000-1-11088_1.jpg,jpg,71915,70.2,72,0.1,0,Herbarium Sheets/4000-1-11088_1.jpg,/Users/jajohnst/Documents/teaching/2025-4-SI-676-NetworkedLAMS/ummaa_project_data_samples/Herbarium Sheets
Herbarium Sheets,4000-1-7084_1.jpg,jpg,74398,72.7,74,0.1,0,Herbarium Sheets/4000-1-7084_1.jpg,/Users/jajohnst/Documents/teaching/2025-4-SI-676-NetworkedLAMS/ummaa_project_data_samples/Herbarium Sheets
Herbarium Sheets,4000-1-10088_1.jpg,jpg,85000,83,85,0.1,0,Herbarium Sheets/4000-1-10088_1.jpg,/Users/jajohnst/Documents/teaching/2025-4-SI-676-NetworkedLAMS/ummaa_project_data_samples/Herbarium Sheets
Herbarium Sheets,4000-1-6864_2.jpg,jpg,103602,101.2,104,0.1,0,Herbarium Sheets/4000-1-6864_2.jpg,/Users/jajohnst/Documents/teaching/2025-4-SI-676-NetworkedLAMS/ummaa_project_data_samples/Herbarium Sheets
Herbarium Sheets,4000-1-10048_1.jpg,jpg,78892,77,79,0.1,0,Herbarium Sheets/4000-1-10048_1.jpg,/Users/jajohnst/Documents/teaching/2025-4-SI-676-NetworkedLAMS/ummaa_project_data_samples/Herbarium Sheets
Herbarium Sheets,4000-1-6821_2.jpg,jpg,106165,103.7,106,0.1,0,Herbarium Sheets/4000-1-6821_2.jpg,/Users/jajohnst/Documents/teaching/2025-4-SI-676-NetworkedLAMS/ummaa_project_data_samples/Herbarium Sheets
Herbarium Sheets,4000-1-11048_1.jpg,jpg,63959,62.5,64,0.1,0,Herbarium Sheets/4000-1-11048_1.jpg,/Users/jajohnst/Documents/teaching/2025-4-SI-676-NetworkedLAMS/ummaa_project_data_samples/Herbarium Sheets
Herbarium Sheets,4000-1-6842_1.jpg,jpg,57845,56.5,58,0.1,0,Herbarium Sheets/4000-1-6842_1.jpg,/Users/jajohnst/Documents/teaching/2025-4-SI-676-NetworkedLAMS/ummaa_project_data_samples/Herbarium Sheets
Herbarium Sheets,4000-1-10584_1.jpg,jpg,99138,96.8,99,0.1,0,Herbarium Sheets/4000-1-10584_1.jpg,/Users/jajohnst/Documents/teaching/2025-4-SI-676-NetworkedLAMS/ummaa_project_data_samples/Herbarium Sheets
Herbarium Sheets,4000-1-10678_1.jpg,jpg,50905,49.7,51,0,0,Herbarium Sheets/4000-1-10678_1.jpg,/Users/jajohnst/Documents/teaching/2025-4-SI-676-NetworkedLAMS/ummaa_project_data_samples/Herbarium Sheets
Herbarium Sheets,4000-1-10685_1.jpg,jpg,78656,76.8,79,0.1,0,Herbarium Sheets/4000-1-10685_1.jpg,/Users/jajohnst/Documents/teaching/2025-4-SI-676-NetworkedLAMS/ummaa_project_data_samples/Herbarium Sheets
Herbarium Sheets,4000-1-10579_1.jpg,jpg,76460,74.7,76,0.1,0,Herbarium Sheets/4000-1-10579_1.jpg,/Users/jajohnst/Documents/teaching/2025-4-SI-676-NetworkedLAMS/ummaa_project_data_samples/Herbarium Sheets
Herbarium Sheets,4000-1-6866_2.jpg,jpg,104082,101.6,104,0.1,0,Herbarium Sheets/4000-1-6866_2.jpg,/Users/jajohnst/Documents/teaching/2025-4-SI-676-NetworkedLAMS/ummaa_project_data_samples/Herbarium Sheets
Herbarium Sheets,4000-1-10809_1.jpg,jpg,35621,34.8,36,0,0,Herbarium Sheets/4000-1-10809_1.jpg,/Users/jajohnst/Documents/teaching/2025-4-SI-676-NetworkedLAMS/ummaa_project_data_samples/Herbarium Sheets
Herbarium Sheets,4000-1-11029_2.jpg,jpg,94368,92.2,94,0.1,0,Herbarium Sheets/4000-1-11029_2.jpg,/Users/jajohnst/Documents/teaching/2025-4-SI-676-NetworkedLAMS/ummaa_project_data_samples/Herbarium Sheets
Herbarium Sheets,4000-1-6823_2.jpg,jpg,105801,103.3,106,0.1,0,Herbarium Sheets/4000-1-6823_2.jpg,/Users/jajohnst/Documents/teaching/2025-4-SI-676-NetworkedLAMS/ummaa_project_data_samples/Herbarium Sheets
Herbarium Sheets,4000-1-6840_1.jpg,jpg,62821,61.3,63,0.1,0,Herbarium Sheets/4000-1-6840_1.jpg,/Users/jajohnst/Documents/teaching/2025-4-SI-676-NetworkedLAMS/ummaa_project_data_samples/Herbarium Sheets
Herbarium Sheets,4000-1-10687_1.jpg,jpg,89591,87.5,90,0.1,0,Herbarium Sheets/4000-1-10687_1.jpg,/Users/jajohnst/Documents/teaching/2025-4-SI-676-NetworkedLAMS/ummaa_project_data_samples/Herbarium Sheets
Herbarium Sheets,4000-1-10586_1.jpg,jpg,81424,79.5,81,0.1,0,Herbarium Sheets/4000-1-10586_1.jpg,/Users/jajohnst/Documents/teaching/2025-4-SI-676-NetworkedLAMS/ummaa_project_data_samples/Herbarium Sheets
Herbarium Sheets,4000-1-10602_1.jpg,jpg,72049,70.4,72,0.1,0,Herbarium Sheets/4000-1-10602_1.jpg,/Users/jajohnst/Documents/teaching/2025-4-SI-676-NetworkedLAMS/ummaa_project_data_samples/Herbarium Sheets
Herbarium Sheets,4000-1-10647_1.jpg,jpg,81349,79.4,81,0.1,0,Herbarium Sheets/4000-1-10647_1.jpg,/Users/jajohnst/Documents/teaching/2025-4-SI-676-NetworkedLAMS/ummaa_project_data_samples/Herbarium Sheets
Herbarium Sheets,4000-1-7123_1.jpg,jpg,34865,34,35,0,0,Herbarium Sheets/4000-1-7123_1.jpg,/Users/jajohnst/Documents/teaching/2025-4-SI-676-NetworkedLAMS/ummaa_project_data_samples/Herbarium Sheets
Herbarium Sheets,4000-1-10503_1.jpg,jpg,95608,93.4,96,0.1,0,Herbarium Sheets/4000-1-10503_1.jpg,/Users/jajohnst/Documents/teaching/2025-4-SI-676-NetworkedLAMS/ummaa_project_data_samples/Herbarium Sheets
Herbarium Sheets,4000-1-10546_1.jpg,jpg,85549,83.5,86,0.1,0,Herbarium Sheets/4000-1-10546_1.jpg,/Users/jajohnst/Documents/teaching/2025-4-SI-676-NetworkedLAMS/ummaa_project_data_samples/Herbarium Sheets
Herbarium Sheets,4000-1-7086_1.jpg,jpg,65031,63.5,65,0.1,0,Herbarium Sheets/4000-1-7086_1.jpg,/Users/jajohnst/Documents/teaching/2025-4-SI-676-NetworkedLAMS/ummaa_project_data_samples/Herbarium Sheets
Herbarium Sheets,4000-1-11014_2.jpg,jpg,109576,107,110,0.1,0,Herbarium Sheets/4000-1-11014_2.jpg,/Users/jajohnst/Documents/teaching/2025-4-SI-676-NetworkedLAMS/ummaa_project_data_samples/Herbarium Sheets
Herbarium Sheets,4000-1-10834_1.jpg,jpg,95552,93.3,96,0.1,0,Herbarium Sheets/4000-1-10834_1.jpg,/Users/jajohnst/Documents/teaching/2025-4-SI-676-NetworkedLAMS/ummaa_project_data_samples/Herbarium Sheets
Herbarium Sheets,4000-1-10077_1.jpg,jpg,104849,102.4,105,0.1,0,Herbarium Sheets/4000-1-10077_1.jpg,/Users/jajohnst/Documents/teaching/2025-4-SI-676-NetworkedLAMS/ummaa_project_data_samples/Herbarium Sheets
Herbarium Sheets,4000-1-10871_1.jpg,jpg,70802,69.1,71,0.1,0,Herbarium Sheets/4000-1-10871_1.jpg,/Users/jajohnst/Documents/teaching/2025-4-SI-676-NetworkedLAMS/ummaa_project_data_samples/Herbarium Sheets
Herbarium Sheets,4000-1-11077_1.jpg,jpg,73438,71.7,73,0.1,0,Herbarium Sheets/4000-1-11077_1.jpg,/Users/jajohnst/Documents/teaching/2025-4-SI-676-NetworkedLAMS/ummaa_project_data_samples/Herbarium Sheets
Herbarium Sheets,4000-1-6838_1.jpg,jpg,84243,82.3,84,0.1,0,Herbarium Sheets/4000-1-6838_1.jpg,/Users/jajohnst/Documents/teaching/2025-4-SI-676-NetworkedLAMS/ummaa_project_data_samples/Herbarium Sheets
Herbarium Sheets,4000-1-11032_1.jpg,jpg,81849,79.9,82,0.1,0,Herbarium Sheets/4000-1-11032_1.jpg,/Users/jajohnst/Documents/teaching/2025-4-SI-676-NetworkedLAMS/ummaa_project_data_samples/Herbarium Sheets
Herbarium Sheets,4000-1-10051_2.jpg,jpg,126888,123.9,127,0.1,0,Herbarium Sheets/4000-1-10051_2.jpg,/Users/jajohnst/Documents/teaching/2025-4-SI-676-NetworkedLAMS/ummaa_project_data_samples/Herbarium Sheets
Herbarium Sheets,4000-1-10527_1.jpg,jpg,55635,54.3,56,0.1,0,Herbarium Sheets/4000-1-10527_1.jpg,/Users/jajohnst/Documents/teaching/2025-4-SI-676-NetworkedLAMS/ummaa_project_data_samples/Herbarium Sheets
Herbarium Sheets,4000-1-10562_1.jpg,jpg,68099,66.5,68,0.1,0,Herbarium Sheets/4000-1-10562_1.jpg,/Users/jajohnst/Documents/teaching/2025-4-SI-676-NetworkedLAMS/ummaa_project_data_samples/Herbarium Sheets
Herbarium Sheets,4000-1-7107_1.jpg,jpg,29863,29.2,30,0,0,Herbarium Sheets/4000-1-7107_1.jpg,/Users/jajohnst/Documents/teaching/2025-4-SI-676-NetworkedLAMS/ummaa_project_data_samples/Herbarium Sheets
Herbarium Sheets,4000-1-10626_1.jpg,jpg,88027,86,88,0.1,0,Herbarium Sheets/4000-1-10626_1.jpg,/Users/jajohnst/Documents/teaching/2025-4-SI-676-NetworkedLAMS/ummaa_project_data_samples/Herbarium Sheets
Herbarium Sheets,4000-1-10663_1.jpg,jpg,78155,76.3,78,0.1,0,Herbarium Sheets/4000-1-10663_1.jpg,/Users/jajohnst/Documents/teaching/2025-4-SI-676-NetworkedLAMS/ummaa_project_data_samples/Herbarium Sheets
Herbarium Sheets,4000-1-10810_1.jpg,jpg,90237,88.1,90,0.1,0,Herbarium Sheets/4000-1-10810_1.jpg,/Users/jajohnst/Documents/teaching/2025-4-SI-676-NetworkedLAMS/ummaa_project_data_samples/Herbarium Sheets
Herbarium Sheets,4000-1-10053_1.jpg,jpg,78235,76.4,78,0.1,0,Herbarium Sheets/4000-1-10053_1.jpg,/Users/jajohnst/Documents/teaching/2025-4-SI-676-NetworkedLAMS/ummaa_project_data_samples/Herbarium Sheets
Herbarium Sheets,4000-1-10855_1.jpg,jpg,81094,79.2,81,0.1,0,Herbarium Sheets/4000-1-10855_1.jpg,/Users/jajohnst/Documents/teaching/2025-4-SI-676-NetworkedLAMS/ummaa_project_data_samples/Herbarium Sheets
Herbarium Sheets,4000-1-6859_1.jpg,jpg,58003,56.6,58,0.1,0,Herbarium Sheets/4000-1-6859_1.jpg,/Users/jajohnst/Documents/teaching/2025-4-SI-676-NetworkedLAMS/ummaa_project_data_samples/Herbarium Sheets
Herbarium Sheets,4000-1-11053_1.jpg,jpg,97024,94.8,97,0.1,0,Herbarium Sheets/4000-1-11053_1.jpg,/Users/jajohnst/Documents/teaching/2025-4-SI-676-NetworkedLAMS/ummaa_project_data_samples/Herbarium Sheets
Herbarium Sheets,4000-1-11016_1.jpg,jpg,67431,65.9,67,0.1,0,Herbarium Sheets/4000-1-11016_1.jpg,/Users/jajohnst/Documents/teaching/2025-4-SI-676-NetworkedLAMS/ummaa_project_data_samples/Herbarium Sheets
Herbarium Sheets,4000-1-11093_1.jpg,jpg,68142,66.5,68,0.1,0,Herbarium Sheets/4000-1-11093_1.jpg,/Users/jajohnst/Documents/teaching/2025-4-SI-676-NetworkedLAMS/ummaa_project_data_samples/Herbarium Sheets
Herbarium Sheets,4000-1-10093_1.jpg,jpg,85172,83.2,85,0.1,0,Herbarium Sheets/4000-1-10093_1.jpg,/Users/jajohnst/Documents/teaching/2025-4-SI-676-NetworkedLAMS/ummaa_project_data_samples/Herbarium Sheets
Herbarium Sheets,4000-1-10868_1.jpg,jpg,73756,72,74,0.1,0,Herbarium Sheets/4000-1-10868_1.jpg,/Users/jajohnst/Documents/teaching/2025-4-SI-676-NetworkedLAMS/ummaa_project_data_samples/Herbarium Sheets
Herbarium Sheets,4000-1-6842_2.jpg,jpg,105387,102.9,105,0.1,0,Herbarium Sheets/4000-1-6842_2.jpg,/Users/jajohnst/Documents/teaching/2025-4-SI-676-NetworkedLAMS/ummaa_project_data_samples/Herbarium Sheets
Herbarium Sheets,4000-1-6821_1.jpg,jpg,70709,69.1,71,0.1,0,Herbarium Sheets/4000-1-6821_1.jpg,/Users/jajohnst/Documents/teaching/2025-4-SI-676-NetworkedLAMS/ummaa_project_data_samples/Herbarium Sheets
Herbarium Sheets,4000-1-6864_1.jpg,jpg,81154,79.3,81,0.1,0,Herbarium Sheets/4000-1-6864_1.jpg,/Users/jajohnst/Documents/teaching/2025-4-SI-676-NetworkedLAMS/ummaa_project_data_samples/Herbarium Sheets
Herbarium Sheets,4000-1-10814_1.jpg,jpg,73830,72.1,74,0.1,0,Herbarium Sheets/4000-1-10814_1.jpg,/Users/jajohnst/Documents/teaching/2025-4-SI-676-NetworkedLAMS/ummaa_project_data_samples/Herbarium Sheets
Herbarium Sheets,4000-1-10057_1.jpg,jpg,75196,73.4,75,0.1,0,Herbarium Sheets/4000-1-10057_1.jpg,/Users/jajohnst/Documents/teaching/2025-4-SI-676-NetworkedLAMS/ummaa_project_data_samples/Herbarium Sheets
Herbarium Sheets,4000-1-10851_1.jpg,jpg,55714,54.4,56,0.1,0,Herbarium Sheets/4000-1-10851_1.jpg,/Users/jajohnst/Documents/teaching/2025-4-SI-676-NetworkedLAMS/ummaa_project_data_samples/Herbarium Sheets
Herbarium Sheets,4000-1-11057_1.jpg,jpg,76974,75.2,77,0.1,0,Herbarium Sheets/4000-1-11057_1.jpg,/Users/jajohnst/Documents/teaching/2025-4-SI-676-NetworkedLAMS/ummaa_project_data_samples/Herbarium Sheets
Herbarium Sheets,4000-1-10877_2.jpg,jpg,96716,94.4,97,0.1,0,Herbarium Sheets/4000-1-10877_2.jpg,/Users/jajohnst/Documents/teaching/2025-4-SI-676-NetworkedLAMS/ummaa_project_data_samples/Herbarium Sheets
Herbarium Sheets,4000-1-11012_1.jpg,jpg,114138,111.5,114,0.1,0,Herbarium Sheets/4000-1-11012_1.jpg,/Users/jajohnst/Documents/teaching/2025-4-SI-676-NetworkedLAMS/ummaa_project_data_samples/Herbarium Sheets
Herbarium Sheets,4000-1-7125_2.jpg,jpg,32611,31.8,33,0,0,Herbarium Sheets/4000-1-7125_2.jpg,/Users/jajohnst/Documents/teaching/2025-4-SI-676-NetworkedLAMS/ummaa_project_data_samples/Herbarium Sheets
Herbarium Sheets,4000-1-7103_1.jpg,jpg,48288,47.2,48,0,0,Herbarium Sheets/4000-1-7103_1.jpg,/Users/jajohnst/Documents/teaching/2025-4-SI-676-NetworkedLAMS/ummaa_project_data_samples/Herbarium Sheets
Herbarium Sheets,4000-1-10622_1.jpg,jpg,81219,79.3,81,0.1,0,Herbarium Sheets/4000-1-10622_1.jpg,/Users/jajohnst/Documents/teaching/2025-4-SI-676-NetworkedLAMS/ummaa_project_data_samples/Herbarium Sheets
Herbarium Sheets,4000-1-10667_1.jpg,jpg,77645,75.8,78,0.1,0,Herbarium Sheets/4000-1-10667_1.jpg,/Users/jajohnst/Documents/teaching/2025-4-SI-676-NetworkedLAMS/ummaa_project_data_samples/Herbarium Sheets
Herbarium Sheets,4000-1-10523_1.jpg,jpg,75043,73.3,75,0.1,0,Herbarium Sheets/4000-1-10523_1.jpg,/Users/jajohnst/Documents/teaching/2025-4-SI-676-NetworkedLAMS/ummaa_project_data_samples/Herbarium Sheets
Herbarium Sheets,4000-1-10566_1.jpg,jpg,76469,74.7,76,0.1,0,Herbarium Sheets/4000-1-10566_1.jpg,/Users/jajohnst/Documents/teaching/2025-4-SI-676-NetworkedLAMS/ummaa_project_data_samples/Herbarium Sheets
Herbarium Sheets,4000-1-10681_2.jpg,jpg,83953,82,84,0.1,0,Herbarium Sheets/4000-1-10681_2.jpg,/Users/jajohnst/Documents/teaching/2025-4-SI-676-NetworkedLAMS/ummaa_project_data_samples/Herbarium Sheets
Herbarium Sheets,4000-1-7118_2.jpg,jpg,40829,39.9,41,0,0,Herbarium Sheets/4000-1-7118_2.jpg,/Users/jajohnst/Documents/teaching/2025-4-SI-676-NetworkedLAMS/ummaa_project_data_samples/Herbarium Sheets
Herbarium Sheets,4000-1-7066_1.jpg,jpg,60162,58.8,60,0.1,0,Herbarium Sheets/4000-1-7066_1.jpg,/Users/jajohnst/Documents/teaching/2025-4-SI-676-NetworkedLAMS/ummaa_project_data_samples/Herbarium Sheets
Herbarium Sheets,4000-1-6846_2.jpg,jpg,82442,80.5,82,0.1,0,Herbarium Sheets/4000-1-6846_2.jpg,/Users/jajohnst/Documents/teaching/2025-4-SI-676-NetworkedLAMS/ummaa_project_data_samples/Herbarium Sheets
Herbarium Sheets,4000-1-10829_1.jpg,jpg,84099,82.1,84,0.1,0,Herbarium Sheets/4000-1-10829_1.jpg,/Users/jajohnst/Documents/teaching/2025-4-SI-676-NetworkedLAMS/ummaa_project_data_samples/Herbarium Sheets
Herbarium Sheets,4000-1-6825_1.jpg,jpg,77004,75.2,77,0.1,0,Herbarium Sheets/4000-1-6825_1.jpg,/Users/jajohnst/Documents/teaching/2025-4-SI-676-NetworkedLAMS/ummaa_project_data_samples/Herbarium Sheets
Herbarium Sheets,4000-1-6860_1.jpg,jpg,74113,72.4,74,0.1,0,Herbarium Sheets/4000-1-6860_1.jpg,/Users/jajohnst/Documents/teaching/2025-4-SI-676-NetworkedLAMS/ummaa_project_data_samples/Herbarium Sheets
Herbarium Sheets,4000-1-11097_1.jpg,jpg,64610,63.1,65,0.1,0,Herbarium Sheets/4000-1-11097_1.jpg,/Users/jajohnst/Documents/teaching/2025-4-SI-676-NetworkedLAMS/ummaa_project_data_samples/Herbarium Sheets
Herbarium Sheets,4000-1-10097_1.jpg,jpg,80817,78.9,81,0.1,0,Herbarium Sheets/4000-1-10097_1.jpg,/Users/jajohnst/Documents/teaching/2025-4-SI-676-NetworkedLAMS/ummaa_project_data_samples/Herbarium Sheets
Herbarium Sheets,4000-1-10891_1.jpg,jpg,72951,71.2,73,0.1,0,Herbarium Sheets/4000-1-10891_1.jpg,/Users/jajohnst/Documents/teaching/2025-4-SI-676-NetworkedLAMS/ummaa_project_data_samples/Herbarium Sheets
Herbarium Sheets,4000-1-10582_1.jpg,jpg,69153,67.5,69,0.1,0,Herbarium Sheets/4000-1-10582_1.jpg,/Users/jajohnst/Documents/teaching/2025-4-SI-676-NetworkedLAMS/ummaa_project_data_samples/Herbarium Sheets
Herbarium Sheets,4000-1-6846_3.jpg,jpg,106392,103.9,106,0.1,0,Herbarium Sheets/4000-1-6846_3.jpg,/Users/jajohnst/Documents/teaching/2025-4-SI-676-NetworkedLAMS/ummaa_project_data_samples/Herbarium Sheets
Herbarium Sheets,4000-1-10683_1.jpg,jpg,60398,59,60,0.1,0,Herbarium Sheets/4000-1-10683_1.jpg,/Users/jajohnst/Documents/teaching/2025-4-SI-676-NetworkedLAMS/ummaa_project_data_samples/Herbarium Sheets
Herbarium Sheets,4000-1-10848_1.jpg,jpg,70866,69.2,71,0.1,0,Herbarium Sheets/4000-1-10848_1.jpg,/Users/jajohnst/Documents/teaching/2025-4-SI-676-NetworkedLAMS/ummaa_project_data_samples/Herbarium Sheets
Herbarium Sheets,4000-1-6862_2.jpg,jpg,104049,101.6,104,0.1,0,Herbarium Sheets/4000-1-6862_2.jpg,/Users/jajohnst/Documents/teaching/2025-4-SI-676-NetworkedLAMS/ummaa_project_data_samples/Herbarium Sheets
Herbarium Sheets,4000-1-6827_2.jpg,jpg,105796,103.3,106,0.1,0,Herbarium Sheets/4000-1-6827_2.jpg,/Users/jajohnst/Documents/teaching/2025-4-SI-676-NetworkedLAMS/ummaa_project_data_samples/Herbarium Sheets
Herbarium Sheets,4000-1-6844_1.jpg,jpg,84404,82.4,84,0.1,0,Herbarium Sheets/4000-1-6844_1.jpg,/Users/jajohnst/Documents/teaching/2025-4-SI-676-NetworkedLAMS/ummaa_project_data_samples/Herbarium Sheets
Herbarium Sheets,4000-1-10508-b_1.jpg,jpg,93941,91.7,94,0.1,0,Herbarium Sheets/4000-1-10508-b_1.jpg,/Users/jajohnst/Documents/teaching/2025-4-SI-676-NetworkedLAMS/ummaa_project_data_samples/Herbarium Sheets
Herbarium Sheets,4000-1-11010_2.jpg,jpg,95116,92.9,95,0.1,0,Herbarium Sheets/4000-1-11010_2.jpg,/Users/jajohnst/Documents/teaching/2025-4-SI-676-NetworkedLAMS/ummaa_project_data_samples/Herbarium Sheets
Herbarium Sheets,4000-1-10830_1.jpg,jpg,78432,76.6,78,0.1,0,Herbarium Sheets/4000-1-10830_1.jpg,/Users/jajohnst/Documents/teaching/2025-4-SI-676-NetworkedLAMS/ummaa_project_data_samples/Herbarium Sheets
Herbarium Sheets,4000-1-10073_1.jpg,jpg,83429,81.5,83,0.1,0,Herbarium Sheets/4000-1-10073_1.jpg,/Users/jajohnst/Documents/teaching/2025-4-SI-676-NetworkedLAMS/ummaa_project_data_samples/Herbarium Sheets
Herbarium Sheets,4000-1-11055_2.jpg,jpg,106359,103.9,106,0.1,0,Herbarium Sheets/4000-1-11055_2.jpg,/Users/jajohnst/Documents/teaching/2025-4-SI-676-NetworkedLAMS/ummaa_project_data_samples/Herbarium Sheets
Herbarium Sheets,4000-1-10875_1.jpg,jpg,50001,48.8,50,0,0,Herbarium Sheets/4000-1-10875_1.jpg,/Users/jajohnst/Documents/teaching/2025-4-SI-676-NetworkedLAMS/ummaa_project_data_samples/Herbarium Sheets
Herbarium Sheets,4000-1-10036_1.jpg,jpg,60692,59.3,61,0.1,0,Herbarium Sheets/4000-1-10036_1.jpg,/Users/jajohnst/Documents/teaching/2025-4-SI-676-NetworkedLAMS/ummaa_project_data_samples/Herbarium Sheets
Herbarium Sheets,4000-1-11073_1.jpg,jpg,68418,66.8,68,0.1,0,Herbarium Sheets/4000-1-11073_1.jpg,/Users/jajohnst/Documents/teaching/2025-4-SI-676-NetworkedLAMS/ummaa_project_data_samples/Herbarium Sheets
Herbarium Sheets,4000-1-11036_1.jpg,jpg,67392,65.8,67,0.1,0,Herbarium Sheets/4000-1-11036_1.jpg,/Users/jajohnst/Documents/teaching/2025-4-SI-676-NetworkedLAMS/ummaa_project_data_samples/Herbarium Sheets
Herbarium Sheets,4000-1-10888_1.jpg,jpg,75475,73.7,75,0.1,0,Herbarium Sheets/4000-1-10888_1.jpg,/Users/jajohnst/Documents/teaching/2025-4-SI-676-NetworkedLAMS/ummaa_project_data_samples/Herbarium Sheets
Herbarium Sheets,4000-1-7082_1.jpg,jpg,44674,43.6,45,0,0,Herbarium Sheets/4000-1-7082_1.jpg,/Users/jajohnst/Documents/teaching/2025-4-SI-676-NetworkedLAMS/ummaa_project_data_samples/Herbarium Sheets
Herbarium Sheets,4000-1-10507_1.jpg,jpg,95397,93.2,95,0.1,0,Herbarium Sheets/4000-1-10507_1.jpg,/Users/jajohnst/Documents/teaching/2025-4-SI-676-NetworkedLAMS/ummaa_project_data_samples/Herbarium Sheets
Herbarium Sheets,4000-1-10542_1.jpg,jpg,70234,68.6,70,0.1,0,Herbarium Sheets/4000-1-10542_1.jpg,/Users/jajohnst/Documents/teaching/2025-4-SI-676-NetworkedLAMS/ummaa_project_data_samples/Herbarium Sheets
Herbarium Sheets,4000-1-10698_2.jpg,jpg,74424,72.7,74,0.1,0,Herbarium Sheets/4000-1-10698_2.jpg,/Users/jajohnst/Documents/teaching/2025-4-SI-676-NetworkedLAMS/ummaa_project_data_samples/Herbarium Sheets
Herbarium Sheets,4000-1-10606_1.jpg,jpg,77504,75.7,78,0.1,0,Herbarium Sheets/4000-1-10606_1.jpg,/Users/jajohnst/Documents/teaching/2025-4-SI-676-NetworkedLAMS/ummaa_project_data_samples/Herbarium Sheets
Herbarium Sheets,4000-1-10643_1.jpg,jpg,103845,101.4,104,0.1,0,Herbarium Sheets/4000-1-10643_1.jpg,/Users/jajohnst/Documents/teaching/2025-4-SI-676-NetworkedLAMS/ummaa_project_data_samples/Herbarium Sheets
Herbarium Sheets,4000-1-7127_1.jpg,jpg,37919,37,38,0,0,Herbarium Sheets/4000-1-7127_1.jpg,/Users/jajohnst/Documents/teaching/2025-4-SI-676-NetworkedLAMS/ummaa_project_data_samples/Herbarium Sheets
Herbarium Sheets,4000-1-7080_1.jpg,jpg,42021,41,42,0,0,Herbarium Sheets/4000-1-7080_1.jpg,/Users/jajohnst/Documents/teaching/2025-4-SI-676-NetworkedLAMS/ummaa_project_data_samples/Herbarium Sheets
Herbarium Sheets,4000-1-11012_2.jpg,jpg,119728,116.9,120,0.1,0,Herbarium Sheets/4000-1-11012_2.jpg,/Users/jajohnst/Documents/teaching/2025-4-SI-676-NetworkedLAMS/ummaa_project_data_samples/Herbarium Sheets
Herbarium Sheets,4000-1-10832_1.jpg,jpg,75934,74.2,76,0.1,0,Herbarium Sheets/4000-1-10832_1.jpg,/Users/jajohnst/Documents/teaching/2025-4-SI-676-NetworkedLAMS/ummaa_project_data_samples/Herbarium Sheets
Herbarium Sheets,4000-1-10071_1.jpg,jpg,86447,84.4,86,0.1,0,Herbarium Sheets/4000-1-10071_1.jpg,/Users/jajohnst/Documents/teaching/2025-4-SI-676-NetworkedLAMS/ummaa_project_data_samples/Herbarium Sheets
Herbarium Sheets,4000-1-10877_1.jpg,jpg,78984,77.1,79,0.1,0,Herbarium Sheets/4000-1-10877_1.jpg,/Users/jajohnst/Documents/teaching/2025-4-SI-676-NetworkedLAMS/ummaa_project_data_samples/Herbarium Sheets
Herbarium Sheets,4000-1-11071_1.jpg,jpg,69368,67.7,69,0.1,0,Herbarium Sheets/4000-1-11071_1.jpg,/Users/jajohnst/Documents/teaching/2025-4-SI-676-NetworkedLAMS/ummaa_project_data_samples/Herbarium Sheets
Herbarium Sheets,4000-1-11034_1.jpg,jpg,76593,74.8,77,0.1,0,Herbarium Sheets/4000-1-11034_1.jpg,/Users/jajohnst/Documents/teaching/2025-4-SI-676-NetworkedLAMS/ummaa_project_data_samples/Herbarium Sheets
Herbarium Sheets,4000-1-10814_2.jpg,jpg,80698,78.8,81,0.1,0,Herbarium Sheets/4000-1-10814_2.jpg,/Users/jajohnst/Documents/teaching/2025-4-SI-676-NetworkedLAMS/ummaa_project_data_samples/Herbarium Sheets
Herbarium Sheets,4000-1-7125_1.jpg,jpg,20929,20.4,21,0,0,Herbarium Sheets/4000-1-7125_1.jpg,/Users/jajohnst/Documents/teaching/2025-4-SI-676-NetworkedLAMS/ummaa_project_data_samples/Herbarium Sheets
Herbarium Sheets,4000-1-10604_1.jpg,jpg,67789,66.2,68,0.1,0,Herbarium Sheets/4000-1-10604_1.jpg,/Users/jajohnst/Documents/teaching/2025-4-SI-676-NetworkedLAMS/ummaa_project_data_samples/Herbarium Sheets
Herbarium Sheets,4000-1-10641_1.jpg,jpg,74980,73.2,75,0.1,0,Herbarium Sheets/4000-1-10641_1.jpg,/Users/jajohnst/Documents/teaching/2025-4-SI-676-NetworkedLAMS/ummaa_project_data_samples/Herbarium Sheets
Herbarium Sheets,4000-1-10505_1.jpg,jpg,84355,82.4,84,0.1,0,Herbarium Sheets/4000-1-10505_1.jpg,/Users/jajohnst/Documents/teaching/2025-4-SI-676-NetworkedLAMS/ummaa_project_data_samples/Herbarium Sheets
Herbarium Sheets,4000-1-10540_1.jpg,jpg,78208,76.4,78,0.1,0,Herbarium Sheets/4000-1-10540_1.jpg,/Users/jajohnst/Documents/teaching/2025-4-SI-676-NetworkedLAMS/ummaa_project_data_samples/Herbarium Sheets
Herbarium Sheets,4000-1-10681_1.jpg,jpg,86475,84.4,86,0.1,0,Herbarium Sheets/4000-1-10681_1.jpg,/Users/jajohnst/Documents/teaching/2025-4-SI-676-NetworkedLAMS/ummaa_project_data_samples/Herbarium Sheets
Herbarium Sheets,4000-1-10538_1.jpg,jpg,84870,82.9,85,0.1,0,Herbarium Sheets/4000-1-10538_1.jpg,/Users/jajohnst/Documents/teaching/2025-4-SI-676-NetworkedLAMS/ummaa_project_data_samples/Herbarium Sheets
Herbarium Sheets,4000-1-10580_1.jpg,jpg,75681,73.9,76,0.1,0,Herbarium Sheets/4000-1-10580_1.jpg,/Users/jajohnst/Documents/teaching/2025-4-SI-676-NetworkedLAMS/ummaa_project_data_samples/Herbarium Sheets
Herbarium Sheets,4000-1-7118_1.jpg,jpg,20602,20.1,21,0,0,Herbarium Sheets/4000-1-7118_1.jpg,/Users/jajohnst/Documents/teaching/2025-4-SI-676-NetworkedLAMS/ummaa_project_data_samples/Herbarium Sheets
Herbarium Sheets,4000-1-10639_1.jpg,jpg,82011,80.1,82,0.1,0,Herbarium Sheets/4000-1-10639_1.jpg,/Users/jajohnst/Documents/teaching/2025-4-SI-676-NetworkedLAMS/ummaa_project_data_samples/Herbarium Sheets
Herbarium Sheets,4000-1-6860_2.jpg,jpg,103558,101.1,104,0.1,0,Herbarium Sheets/4000-1-6860_2.jpg,/Users/jajohnst/Documents/teaching/2025-4-SI-676-NetworkedLAMS/ummaa_project_data_samples/Herbarium Sheets
Herbarium Sheets,4000-1-6825_2.jpg,jpg,106470,104,106,0.1,0,Herbarium Sheets/4000-1-6825_2.jpg,/Users/jajohnst/Documents/teaching/2025-4-SI-676-NetworkedLAMS/ummaa_project_data_samples/Herbarium Sheets
Herbarium Sheets,4000-1-11009_1.jpg,jpg,89707,87.6,90,0.1,0,Herbarium Sheets/4000-1-11009_1.jpg,/Users/jajohnst/Documents/teaching/2025-4-SI-676-NetworkedLAMS/ummaa_project_data_samples/Herbarium Sheets
Herbarium Sheets,4000-1-6846_1.jpg,jpg,76148,74.4,76,0.1,0,Herbarium Sheets/4000-1-6846_1.jpg,/Users/jajohnst/Documents/teaching/2025-4-SI-676-NetworkedLAMS/ummaa_project_data_samples/Herbarium Sheets
Herbarium Sheets,4000-1-10658_1.jpg,jpg,80793,78.9,81,0.1,0,Herbarium Sheets/4000-1-10658_1.jpg,/Users/jajohnst/Documents/teaching/2025-4-SI-676-NetworkedLAMS/ummaa_project_data_samples/Herbarium Sheets
Herbarium Sheets,4000-1-10559_1.jpg,jpg,79445,77.6,79,0.1,0,Herbarium Sheets/4000-1-10559_1.jpg,/Users/jajohnst/Documents/teaching/2025-4-SI-676-NetworkedLAMS/ummaa_project_data_samples/Herbarium Sheets
Herbarium Sheets,4000-1-11095_1.jpg,jpg,56296,55,56,0.1,0,Herbarium Sheets/4000-1-11095_1.jpg,/Users/jajohnst/Documents/teaching/2025-4-SI-676-NetworkedLAMS/ummaa_project_data_samples/Herbarium Sheets
Herbarium Sheets,4000-1-10095_1.jpg,jpg,71674,70,72,0.1,0,Herbarium Sheets/4000-1-10095_1.jpg,/Users/jajohnst/Documents/teaching/2025-4-SI-676-NetworkedLAMS/ummaa_project_data_samples/Herbarium Sheets
Herbarium Sheets,4000-1-7099_1.jpg,jpg,55732,54.4,56,0.1,0,Herbarium Sheets/4000-1-7099_1.jpg,/Users/jajohnst/Documents/teaching/2025-4-SI-676-NetworkedLAMS/ummaa_project_data_samples/Herbarium Sheets
Herbarium Sheets,4000-1-10893_1.jpg,jpg,85324,83.3,85,0.1,0,Herbarium Sheets/4000-1-10893_1.jpg,/Users/jajohnst/Documents/teaching/2025-4-SI-676-NetworkedLAMS/ummaa_project_data_samples/Herbarium Sheets
Herbarium Sheets,4000-1-10700_1.jpg,jpg,46587,45.5,47,0,0,Herbarium Sheets/4000-1-10700_1.jpg,/Users/jajohnst/Documents/teaching/2025-4-SI-676-NetworkedLAMS/ummaa_project_data_samples/Herbarium Sheets
Herbarium Sheets,4000-1-7064_1.jpg,jpg,52446,51.2,52,0.1,0,Herbarium Sheets/4000-1-7064_1.jpg,/Users/jajohnst/Documents/teaching/2025-4-SI-676-NetworkedLAMS/ummaa_project_data_samples/Herbarium Sheets
Herbarium Sheets,4000-1-6844_2.jpg,jpg,106572,104.1,107,0.1,0,Herbarium Sheets/4000-1-6844_2.jpg,/Users/jajohnst/Documents/teaching/2025-4-SI-676-NetworkedLAMS/ummaa_project_data_samples/Herbarium Sheets
Herbarium Sheets,4000-1-10068_1.jpg,jpg,67219,65.6,67,0.1,0,Herbarium Sheets/4000-1-10068_1.jpg,/Users/jajohnst/Documents/teaching/2025-4-SI-676-NetworkedLAMS/ummaa_project_data_samples/Herbarium Sheets
Herbarium Sheets,4000-1-6827_1.jpg,jpg,76834,75,77,0.1,0,Herbarium Sheets/4000-1-6827_1.jpg,/Users/jajohnst/Documents/teaching/2025-4-SI-676-NetworkedLAMS/ummaa_project_data_samples/Herbarium Sheets
Herbarium Sheets,4000-1-11068_1.jpg,jpg,104357,101.9,104,0.1,0,Herbarium Sheets/4000-1-11068_1.jpg,/Users/jajohnst/Documents/teaching/2025-4-SI-676-NetworkedLAMS/ummaa_project_data_samples/Herbarium Sheets
Herbarium Sheets,4000-1-6862_1.jpg,jpg,84983,83,85,0.1,0,Herbarium Sheets/4000-1-6862_1.jpg,/Users/jajohnst/Documents/teaching/2025-4-SI-676-NetworkedLAMS/ummaa_project_data_samples/Herbarium Sheets
Herbarium Sheets,4000-1-10816_1.jpg,jpg,61804,60.4,62,0.1,0,Herbarium Sheets/4000-1-10816_1.jpg,/Users/jajohnst/Documents/teaching/2025-4-SI-676-NetworkedLAMS/ummaa_project_data_samples/Herbarium Sheets
Herbarium Sheets,4000-1-10055_1.jpg,jpg,77718,75.9,78,0.1,0,Herbarium Sheets/4000-1-10055_1.jpg,/Users/jajohnst/Documents/teaching/2025-4-SI-676-NetworkedLAMS/ummaa_project_data_samples/Herbarium Sheets
Herbarium Sheets,4000-1-10853_1.jpg,jpg,78643,76.8,79,0.1,0,Herbarium Sheets/4000-1-10853_1.jpg,/Users/jajohnst/Documents/teaching/2025-4-SI-676-NetworkedLAMS/ummaa_project_data_samples/Herbarium Sheets
Herbarium Sheets,4000-1-11055_1.jpg,jpg,108586,106,109,0.1,0,Herbarium Sheets/4000-1-11055_1.jpg,/Users/jajohnst/Documents/teaching/2025-4-SI-676-NetworkedLAMS/ummaa_project_data_samples/Herbarium Sheets
Herbarium Sheets,4000-1-11010_1.jpg,jpg,90378,88.3,90,0.1,0,Herbarium Sheets/4000-1-11010_1.jpg,/Users/jajohnst/Documents/teaching/2025-4-SI-676-NetworkedLAMS/ummaa_project_data_samples/Herbarium Sheets
Herbarium Sheets,4000-1-10073_2.jpg,jpg,95720,93.5,96,0.1,0,Herbarium Sheets/4000-1-10073_2.jpg,/Users/jajohnst/Documents/teaching/2025-4-SI-676-NetworkedLAMS/ummaa_project_data_samples/Herbarium Sheets
Herbarium Sheets,4000-1-10521_1.jpg,jpg,66045,64.5,66,0.1,0,Herbarium Sheets/4000-1-10521_1.jpg,/Users/jajohnst/Documents/teaching/2025-4-SI-676-NetworkedLAMS/ummaa_project_data_samples/Herbarium Sheets
Herbarium Sheets,4000-1-10564_1.jpg,jpg,66101,64.6,66,0.1,0,Herbarium Sheets/4000-1-10564_1.jpg,/Users/jajohnst/Documents/teaching/2025-4-SI-676-NetworkedLAMS/ummaa_project_data_samples/Herbarium Sheets
Herbarium Sheets,4000-1-10507_2.jpg,jpg,86538,84.5,87,0.1,0,Herbarium Sheets/4000-1-10507_2.jpg,/Users/jajohnst/Documents/teaching/2025-4-SI-676-NetworkedLAMS/ummaa_project_data_samples/Herbarium Sheets
Herbarium Sheets,4000-1-10698_1.jpg,jpg,70278,68.6,70,0.1,0,Herbarium Sheets/4000-1-10698_1.jpg,/Users/jajohnst/Documents/teaching/2025-4-SI-676-NetworkedLAMS/ummaa_project_data_samples/Herbarium Sheets
Herbarium Sheets,4000-1-10620_1.jpg,jpg,67567,66,68,0.1,0,Herbarium Sheets/4000-1-10620_1.jpg,/Users/jajohnst/Documents/teaching/2025-4-SI-676-NetworkedLAMS/ummaa_project_data_samples/Herbarium Sheets
Herbarium Sheets,4000-1-10665_1.jpg,jpg,76191,74.4,76,0.1,0,Herbarium Sheets/4000-1-10665_1.jpg,/Users/jajohnst/Documents/teaching/2025-4-SI-676-NetworkedLAMS/ummaa_project_data_samples/Herbarium Sheets
Herbarium Sheets,4000-1-10599_1.jpg,jpg,61009,59.6,61,0.1,0,Herbarium Sheets/4000-1-10599_1.jpg,/Users/jajohnst/Documents/teaching/2025-4-SI-676-NetworkedLAMS/ummaa_project_data_samples/Herbarium Sheets
Herbarium Sheets,4000-1-6853_1.jpg,jpg,70190,68.5,70,0.1,0,Herbarium Sheets/4000-1-6853_1.jpg,/Users/jajohnst/Documents/teaching/2025-4-SI-676-NetworkedLAMS/ummaa_project_data_samples/Herbarium Sheets
Herbarium Sheets,4000-1-11059_1.jpg,jpg,60488,59.1,60,0.1,0,Herbarium Sheets/4000-1-11059_1.jpg,/Users/jajohnst/Documents/teaching/2025-4-SI-676-NetworkedLAMS/ummaa_project_data_samples/Herbarium Sheets
Herbarium Sheets,4000-1-10059_1.jpg,jpg,86020,84,86,0.1,0,Herbarium Sheets/4000-1-10059_1.jpg,/Users/jajohnst/Documents/teaching/2025-4-SI-676-NetworkedLAMS/ummaa_project_data_samples/Herbarium Sheets
Herbarium Sheets,4000-1-6830_2.jpg,jpg,101460,99.1,101,0.1,0,Herbarium Sheets/4000-1-6830_2.jpg,/Users/jajohnst/Documents/teaching/2025-4-SI-676-NetworkedLAMS/ummaa_project_data_samples/Herbarium Sheets
Herbarium Sheets,4000-1-6875_2.jpg,jpg,103945,101.5,104,0.1,0,Herbarium Sheets/4000-1-6875_2.jpg,/Users/jajohnst/Documents/teaching/2025-4-SI-676-NetworkedLAMS/ummaa_project_data_samples/Herbarium Sheets
Herbarium Sheets,4000-1-10694_1.jpg,jpg,85998,84,86,0.1,0,Herbarium Sheets/4000-1-10694_1.jpg,/Users/jajohnst/Documents/teaching/2025-4-SI-676-NetworkedLAMS/ummaa_project_data_samples/Herbarium Sheets
Herbarium Sheets,4000-1-10568_1.jpg,jpg,74712,73,75,0.1,0,Herbarium Sheets/4000-1-10568_1.jpg,/Users/jajohnst/Documents/teaching/2025-4-SI-676-NetworkedLAMS/ummaa_project_data_samples/Herbarium Sheets
Herbarium Sheets,4000-1-10595_1.jpg,jpg,58196,56.8,58,0.1,0,Herbarium Sheets/4000-1-10595_1.jpg,/Users/jajohnst/Documents/teaching/2025-4-SI-676-NetworkedLAMS/ummaa_project_data_samples/Herbarium Sheets
Herbarium Sheets,4000-1-10669_1.jpg,jpg,66319,64.8,66,0.1,0,Herbarium Sheets/4000-1-10669_1.jpg,/Users/jajohnst/Documents/teaching/2025-4-SI-676-NetworkedLAMS/ummaa_project_data_samples/Herbarium Sheets
Herbarium Sheets,4000-1-7130_1.jpg,jpg,39392,38.5,39,0,0,Herbarium Sheets/4000-1-7130_1.jpg,/Users/jajohnst/Documents/teaching/2025-4-SI-676-NetworkedLAMS/ummaa_project_data_samples/Herbarium Sheets
Herbarium Sheets,4000-1-10654_1.jpg,jpg,87279,85.2,87,0.1,0,Herbarium Sheets/4000-1-10654_1.jpg,/Users/jajohnst/Documents/teaching/2025-4-SI-676-NetworkedLAMS/ummaa_project_data_samples/Herbarium Sheets
Herbarium Sheets,4000-1-10611_1.jpg,jpg,98120,95.8,98,0.1,0,Herbarium Sheets/4000-1-10611_1.jpg,/Users/jajohnst/Documents/teaching/2025-4-SI-676-NetworkedLAMS/ummaa_project_data_samples/Herbarium Sheets
Herbarium Sheets,4000-1-10555_1.jpg,jpg,77508,75.7,78,0.1,0,Herbarium Sheets/4000-1-10555_1.jpg,/Users/jajohnst/Documents/teaching/2025-4-SI-676-NetworkedLAMS/ummaa_project_data_samples/Herbarium Sheets
Herbarium Sheets,4000-1-10510_1.jpg,jpg,82164,80.2,82,0.1,0,Herbarium Sheets/4000-1-10510_1.jpg,/Users/jajohnst/Documents/teaching/2025-4-SI-676-NetworkedLAMS/ummaa_project_data_samples/Herbarium Sheets
Herbarium Sheets,4000-1-10099_1.jpg,jpg,59534,58.1,60,0.1,0,Herbarium Sheets/4000-1-10099_1.jpg,/Users/jajohnst/Documents/teaching/2025-4-SI-676-NetworkedLAMS/ummaa_project_data_samples/Herbarium Sheets
Herbarium Sheets,4000-1-7095_1.jpg,jpg,29989,29.3,30,0,0,Herbarium Sheets/4000-1-7095_1.jpg,/Users/jajohnst/Documents/teaching/2025-4-SI-676-NetworkedLAMS/ummaa_project_data_samples/Herbarium Sheets
Herbarium Sheets,4000-1-11099_1.jpg,jpg,63900,62.4,64,0.1,0,Herbarium Sheets/4000-1-11099_1.jpg,/Users/jajohnst/Documents/teaching/2025-4-SI-676-NetworkedLAMS/ummaa_project_data_samples/Herbarium Sheets
Herbarium Sheets,4000-1-11021_1.jpg,jpg,62766,61.3,63,0.1,0,Herbarium Sheets/4000-1-11021_1.jpg,/Users/jajohnst/Documents/teaching/2025-4-SI-676-NetworkedLAMS/ummaa_project_data_samples/Herbarium Sheets
Herbarium Sheets,4000-1-11064_1.jpg,jpg,78375,76.5,78,0.1,0,Herbarium Sheets/4000-1-11064_1.jpg,/Users/jajohnst/Documents/teaching/2025-4-SI-676-NetworkedLAMS/ummaa_project_data_samples/Herbarium Sheets
Herbarium Sheets,4000-1-6848_2.jpg,jpg,100221,97.9,100,0.1,0,Herbarium Sheets/4000-1-6848_2.jpg,/Users/jajohnst/Documents/teaching/2025-4-SI-676-NetworkedLAMS/ummaa_project_data_samples/Herbarium Sheets
Herbarium Sheets,4000-1-7068_1.jpg,jpg,44674,43.6,45,0,0,Herbarium Sheets/4000-1-7068_1.jpg,/Users/jajohnst/Documents/teaching/2025-4-SI-676-NetworkedLAMS/ummaa_project_data_samples/Herbarium Sheets
Herbarium Sheets,4000-1-10862_1.jpg,jpg,89305,87.2,89,0.1,0,Herbarium Sheets/4000-1-10862_1.jpg,/Users/jajohnst/Documents/teaching/2025-4-SI-676-NetworkedLAMS/ummaa_project_data_samples/Herbarium Sheets
Herbarium Sheets,4000-1-10064_1.jpg,jpg,62471,61,62,0.1,0,Herbarium Sheets/4000-1-10064_1.jpg,/Users/jajohnst/Documents/teaching/2025-4-SI-676-NetworkedLAMS/ummaa_project_data_samples/Herbarium Sheets
Herbarium Sheets,4000-1-10827_1.jpg,jpg,86267,84.2,86,0.1,0,Herbarium Sheets/4000-1-10827_1.jpg,/Users/jajohnst/Documents/teaching/2025-4-SI-676-NetworkedLAMS/ummaa_project_data_samples/Herbarium Sheets
Herbarium Sheets,4000-1-10571_1.jpg,jpg,71921,70.2,72,0.1,0,Herbarium Sheets/4000-1-10571_1.jpg,/Users/jajohnst/Documents/teaching/2025-4-SI-676-NetworkedLAMS/ummaa_project_data_samples/Herbarium Sheets
Herbarium Sheets,4000-1-10534_1.jpg,jpg,77407,75.6,77,0.1,0,Herbarium Sheets/4000-1-10534_1.jpg,/Users/jajohnst/Documents/teaching/2025-4-SI-676-NetworkedLAMS/ummaa_project_data_samples/Herbarium Sheets
Herbarium Sheets,4000-1-10670_1.jpg,jpg,93165,91,93,0.1,0,Herbarium Sheets/4000-1-10670_1.jpg,/Users/jajohnst/Documents/teaching/2025-4-SI-676-NetworkedLAMS/ummaa_project_data_samples/Herbarium Sheets
Herbarium Sheets,4000-1-10635_1.jpg,jpg,85204,83.2,85,0.1,0,Herbarium Sheets/4000-1-10635_1.jpg,/Users/jajohnst/Documents/teaching/2025-4-SI-676-NetworkedLAMS/ummaa_project_data_samples/Herbarium Sheets
Herbarium Sheets,4000-1-7114_1.jpg,jpg,44939,43.9,45,0,0,Herbarium Sheets/4000-1-7114_1.jpg,/Users/jajohnst/Documents/teaching/2025-4-SI-676-NetworkedLAMS/ummaa_project_data_samples/Herbarium Sheets
Herbarium Sheets,4000-1-11005_1.jpg,jpg,76030,74.2,76,0.1,0,Herbarium Sheets/4000-1-11005_1.jpg,/Users/jajohnst/Documents/teaching/2025-4-SI-676-NetworkedLAMS/ummaa_project_data_samples/Herbarium Sheets
Herbarium Sheets,4000-1-11040_1.jpg,jpg,85978,84,86,0.1,0,Herbarium Sheets/4000-1-11040_1.jpg,/Users/jajohnst/Documents/teaching/2025-4-SI-676-NetworkedLAMS/ummaa_project_data_samples/Herbarium Sheets
Herbarium Sheets,4000-1-10860_2.jpg,jpg,115233,112.5,115,0.1,0,Herbarium Sheets/4000-1-10860_2.jpg,/Users/jajohnst/Documents/teaching/2025-4-SI-676-NetworkedLAMS/ummaa_project_data_samples/Herbarium Sheets
Herbarium Sheets,4000-1-10846_1.jpg,jpg,72961,71.3,73,0.1,0,Herbarium Sheets/4000-1-10846_1.jpg,/Users/jajohnst/Documents/teaching/2025-4-SI-676-NetworkedLAMS/ummaa_project_data_samples/Herbarium Sheets
Herbarium Sheets,4000-1-6829_2.jpg,jpg,103149,100.7,103,0.1,0,Herbarium Sheets/4000-1-6829_2.jpg,/Users/jajohnst/Documents/teaching/2025-4-SI-676-NetworkedLAMS/ummaa_project_data_samples/Herbarium Sheets
Herbarium Sheets,4000-1-10040_1.jpg,jpg,68155,66.6,68,0.1,0,Herbarium Sheets/4000-1-10040_1.jpg,/Users/jajohnst/Documents/teaching/2025-4-SI-676-NetworkedLAMS/ummaa_project_data_samples/Herbarium Sheets
Herbarium Sheets,4000-1-10803_1.jpg,jpg,75047,73.3,75,0.1,0,Herbarium Sheets/4000-1-10803_1.jpg,/Users/jajohnst/Documents/teaching/2025-4-SI-676-NetworkedLAMS/ummaa_project_data_samples/Herbarium Sheets
Herbarium Sheets,4000-1-10886_1.jpg,jpg,46403,45.3,46,0,0,Herbarium Sheets/4000-1-10886_1.jpg,/Users/jajohnst/Documents/teaching/2025-4-SI-676-NetworkedLAMS/ummaa_project_data_samples/Herbarium Sheets
Herbarium Sheets,4000-1-10080_1.jpg,jpg,59029,57.6,59,0.1,0,Herbarium Sheets/4000-1-10080_1.jpg,/Users/jajohnst/Documents/teaching/2025-4-SI-676-NetworkedLAMS/ummaa_project_data_samples/Herbarium Sheets
Herbarium Sheets,4000-1-11080_1.jpg,jpg,70804,69.1,71,0.1,0,Herbarium Sheets/4000-1-11080_1.jpg,/Users/jajohnst/Documents/teaching/2025-4-SI-676-NetworkedLAMS/ummaa_project_data_samples/Herbarium Sheets
Herbarium Sheets,4000-1-6877_1.jpg,jpg,75465,73.7,75,0.1,0,Herbarium Sheets/4000-1-6877_1.jpg,/Users/jajohnst/Documents/teaching/2025-4-SI-676-NetworkedLAMS/ummaa_project_data_samples/Herbarium Sheets
Herbarium Sheets,4000-1-6832_1.jpg,jpg,66189,64.6,66,0.1,0,Herbarium Sheets/4000-1-6832_1.jpg,/Users/jajohnst/Documents/teaching/2025-4-SI-676-NetworkedLAMS/ummaa_project_data_samples/Herbarium Sheets
Herbarium Sheets,4000-1-11038_1.jpg,jpg,98245,95.9,98,0.1,0,Herbarium Sheets/4000-1-11038_1.jpg,/Users/jajohnst/Documents/teaching/2025-4-SI-676-NetworkedLAMS/ummaa_project_data_samples/Herbarium Sheets
Herbarium Sheets,4000-1-7071_1.jpg,jpg,56669,55.3,57,0.1,0,Herbarium Sheets/4000-1-7071_1.jpg,/Users/jajohnst/Documents/teaching/2025-4-SI-676-NetworkedLAMS/ummaa_project_data_samples/Herbarium Sheets
Herbarium Sheets,4000-1-10038_1.jpg,jpg,121494,118.6,121,0.1,0,Herbarium Sheets/4000-1-10038_1.jpg,/Users/jajohnst/Documents/teaching/2025-4-SI-676-NetworkedLAMS/ummaa_project_data_samples/Herbarium Sheets
Herbarium Sheets,4000-1-6851_2.jpg,jpg,105182,102.7,105,0.1,0,Herbarium Sheets/4000-1-6851_2.jpg,/Users/jajohnst/Documents/teaching/2025-4-SI-676-NetworkedLAMS/ummaa_project_data_samples/Herbarium Sheets
Herbarium Sheets,4000-1-10608_1.jpg,jpg,83169,81.2,83,0.1,0,Herbarium Sheets/4000-1-10608_1.jpg,/Users/jajohnst/Documents/teaching/2025-4-SI-676-NetworkedLAMS/ummaa_project_data_samples/Herbarium Sheets
Herbarium Sheets,4000-1-7129_1.jpg,jpg,25791,25.2,26,0,0,Herbarium Sheets/4000-1-7129_1.jpg,/Users/jajohnst/Documents/teaching/2025-4-SI-676-NetworkedLAMS/ummaa_project_data_samples/Herbarium Sheets
Herbarium Sheets,4000-1-10509_1.jpg,jpg,99129,96.8,99,0.1,0,Herbarium Sheets/4000-1-10509_1.jpg,/Users/jajohnst/Documents/teaching/2025-4-SI-676-NetworkedLAMS/ummaa_project_data_samples/Herbarium Sheets
Herbarium Sheets,4000-1-6875_1.jpg,jpg,62475,61,62,0.1,0,Herbarium Sheets/4000-1-6875_1.jpg,/Users/jajohnst/Documents/teaching/2025-4-SI-676-NetworkedLAMS/ummaa_project_data_samples/Herbarium Sheets
Herbarium Sheets,4000-1-6830_1.jpg,jpg,61096,59.7,61,0.1,0,Herbarium Sheets/4000-1-6830_1.jpg,/Users/jajohnst/Documents/teaching/2025-4-SI-676-NetworkedLAMS/ummaa_project_data_samples/Herbarium Sheets
Herbarium Sheets,4000-1-10879_1.jpg,jpg,73371,71.7,73,0.1,0,Herbarium Sheets/4000-1-10879_1.jpg,/Users/jajohnst/Documents/teaching/2025-4-SI-676-NetworkedLAMS/ummaa_project_data_samples/Herbarium Sheets
Herbarium Sheets,4000-1-7073_1.jpg,jpg,74006,72.3,74,0.1,0,Herbarium Sheets/4000-1-7073_1.jpg,/Users/jajohnst/Documents/teaching/2025-4-SI-676-NetworkedLAMS/ummaa_project_data_samples/Herbarium Sheets
Herbarium Sheets,4000-1-6853_2.jpg,jpg,102928,100.5,103,0.1,0,Herbarium Sheets/4000-1-6853_2.jpg,/Users/jajohnst/Documents/teaching/2025-4-SI-676-NetworkedLAMS/ummaa_project_data_samples/Herbarium Sheets
Herbarium Sheets,4000-1-10082_1.jpg,jpg,50707,49.5,51,0,0,Herbarium Sheets/4000-1-10082_1.jpg,/Users/jajohnst/Documents/teaching/2025-4-SI-676-NetworkedLAMS/ummaa_project_data_samples/Herbarium Sheets
Herbarium Sheets,4000-1-11082_1.jpg,jpg,73601,71.9,74,0.1,0,Herbarium Sheets/4000-1-11082_1.jpg,/Users/jajohnst/Documents/teaching/2025-4-SI-676-NetworkedLAMS/ummaa_project_data_samples/Herbarium Sheets
Herbarium Sheets,4000-1-10568_2.jpg,jpg,77468,75.7,77,0.1,0,Herbarium Sheets/4000-1-10568_2.jpg,/Users/jajohnst/Documents/teaching/2025-4-SI-676-NetworkedLAMS/ummaa_project_data_samples/Herbarium Sheets
Herbarium Sheets,4000-1-7116_1.jpg,jpg,38156,37.3,38,0,0,Herbarium Sheets/4000-1-7116_1.jpg,/Users/jajohnst/Documents/teaching/2025-4-SI-676-NetworkedLAMS/ummaa_project_data_samples/Herbarium Sheets
Herbarium Sheets,4000-1-10672_1.jpg,jpg,99180,96.9,99,0.1,0,Herbarium Sheets/4000-1-10672_1.jpg,/Users/jajohnst/Documents/teaching/2025-4-SI-676-NetworkedLAMS/ummaa_project_data_samples/Herbarium Sheets
Herbarium Sheets,4000-1-10637_1.jpg,jpg,68365,66.8,68,0.1,0,Herbarium Sheets/4000-1-10637_1.jpg,/Users/jajohnst/Documents/teaching/2025-4-SI-676-NetworkedLAMS/ummaa_project_data_samples/Herbarium Sheets
Herbarium Sheets,4000-1-10573_1.jpg,jpg,71583,69.9,72,0.1,0,Herbarium Sheets/4000-1-10573_1.jpg,/Users/jajohnst/Documents/teaching/2025-4-SI-676-NetworkedLAMS/ummaa_project_data_samples/Herbarium Sheets
Herbarium Sheets,4000-1-10536_1.jpg,jpg,74835,73.1,75,0.1,0,Herbarium Sheets/4000-1-10536_1.jpg,/Users/jajohnst/Documents/teaching/2025-4-SI-676-NetworkedLAMS/ummaa_project_data_samples/Herbarium Sheets
Herbarium Sheets,4000-1-11007_1.jpg,jpg,83565,81.6,84,0.1,0,Herbarium Sheets/4000-1-11007_1.jpg,/Users/jajohnst/Documents/teaching/2025-4-SI-676-NetworkedLAMS/ummaa_project_data_samples/Herbarium Sheets
Herbarium Sheets,4000-1-11042_1.jpg,jpg,96414,94.2,96,0.1,0,Herbarium Sheets/4000-1-11042_1.jpg,/Users/jajohnst/Documents/teaching/2025-4-SI-676-NetworkedLAMS/ummaa_project_data_samples/Herbarium Sheets
Herbarium Sheets,4000-1-6848_1.jpg,jpg,78619,76.8,79,0.1,0,Herbarium Sheets/4000-1-6848_1.jpg,/Users/jajohnst/Documents/teaching/2025-4-SI-676-NetworkedLAMS/ummaa_project_data_samples/Herbarium Sheets
Herbarium Sheets,4000-1-10844_1.jpg,jpg,79127,77.3,79,0.1,0,Herbarium Sheets/4000-1-10844_1.jpg,/Users/jajohnst/Documents/teaching/2025-4-SI-676-NetworkedLAMS/ummaa_project_data_samples/Herbarium Sheets
Herbarium Sheets,4000-1-10042_1.jpg,jpg,101918,99.5,102,0.1,0,Herbarium Sheets/4000-1-10042_1.jpg,/Users/jajohnst/Documents/teaching/2025-4-SI-676-NetworkedLAMS/ummaa_project_data_samples/Herbarium Sheets
Herbarium Sheets,4000-1-10801_1.jpg,jpg,78290,76.5,78,0.1,0,Herbarium Sheets/4000-1-10801_1.jpg,/Users/jajohnst/Documents/teaching/2025-4-SI-676-NetworkedLAMS/ummaa_project_data_samples/Herbarium Sheets
Herbarium Sheets,4000-1-10557_1.jpg,jpg,65328,63.8,65,0.1,0,Herbarium Sheets/4000-1-10557_1.jpg,/Users/jajohnst/Documents/teaching/2025-4-SI-676-NetworkedLAMS/ummaa_project_data_samples/Herbarium Sheets
Herbarium Sheets,4000-1-10512_1.jpg,jpg,79384,77.5,79,0.1,0,Herbarium Sheets/4000-1-10512_1.jpg,/Users/jajohnst/Documents/teaching/2025-4-SI-676-NetworkedLAMS/ummaa_project_data_samples/Herbarium Sheets
Herbarium Sheets,4000-1-10656_1.jpg,jpg,100840,98.5,101,0.1,0,Herbarium Sheets/4000-1-10656_1.jpg,/Users/jajohnst/Documents/teaching/2025-4-SI-676-NetworkedLAMS/ummaa_project_data_samples/Herbarium Sheets
Herbarium Sheets,4000-1-10613_1.jpg,jpg,55303,54,55,0.1,0,Herbarium Sheets/4000-1-10613_1.jpg,/Users/jajohnst/Documents/teaching/2025-4-SI-676-NetworkedLAMS/ummaa_project_data_samples/Herbarium Sheets
Herbarium Sheets,4000-1-7132_1.jpg,jpg,52066,50.8,52,0,0,Herbarium Sheets/4000-1-7132_1.jpg,/Users/jajohnst/Documents/teaching/2025-4-SI-676-NetworkedLAMS/ummaa_project_data_samples/Herbarium Sheets
Herbarium Sheets,4000-1-11023_1.jpg,jpg,58074,56.7,58,0.1,0,Herbarium Sheets/4000-1-11023_1.jpg,/Users/jajohnst/Documents/teaching/2025-4-SI-676-NetworkedLAMS/ummaa_project_data_samples/Herbarium Sheets
Herbarium Sheets,4000-1-6829_1.jpg,jpg,78490,76.7,78,0.1,0,Herbarium Sheets/4000-1-6829_1.jpg,/Users/jajohnst/Documents/teaching/2025-4-SI-676-NetworkedLAMS/ummaa_project_data_samples/Herbarium Sheets
Herbarium Sheets,4000-1-11066_1.jpg,jpg,82376,80.4,82,0.1,0,Herbarium Sheets/4000-1-11066_1.jpg,/Users/jajohnst/Documents/teaching/2025-4-SI-676-NetworkedLAMS/ummaa_project_data_samples/Herbarium Sheets
Herbarium Sheets,4000-1-10846_2.jpg,jpg,92513,90.3,93,0.1,0,Herbarium Sheets/4000-1-10846_2.jpg,/Users/jajohnst/Documents/teaching/2025-4-SI-676-NetworkedLAMS/ummaa_project_data_samples/Herbarium Sheets
Herbarium Sheets,4000-1-10860_1.jpg,jpg,106173,103.7,106,0.1,0,Herbarium Sheets/4000-1-10860_1.jpg,/Users/jajohnst/Documents/teaching/2025-4-SI-676-NetworkedLAMS/ummaa_project_data_samples/Herbarium Sheets
Herbarium Sheets,4000-1-10066_1.jpg,jpg,54283,53,54,0.1,0,Herbarium Sheets/4000-1-10066_1.jpg,/Users/jajohnst/Documents/teaching/2025-4-SI-676-NetworkedLAMS/ummaa_project_data_samples/Herbarium Sheets
Herbarium Sheets,4000-1-10825_1.jpg,jpg,79693,77.8,80,0.1,0,Herbarium Sheets/4000-1-10825_1.jpg,/Users/jajohnst/Documents/teaching/2025-4-SI-676-NetworkedLAMS/ummaa_project_data_samples/Herbarium Sheets
Herbarium Sheets,4000-1-7097_1.jpg,jpg,84476,82.5,84,0.1,0,Herbarium Sheets/4000-1-7097_1.jpg,/Users/jajohnst/Documents/teaching/2025-4-SI-676-NetworkedLAMS/ummaa_project_data_samples/Herbarium Sheets
Herbarium Sheets,4000-1-6851_1.jpg,jpg,63743,62.2,64,0.1,0,Herbarium Sheets/4000-1-6851_1.jpg,/Users/jajohnst/Documents/teaching/2025-4-SI-676-NetworkedLAMS/ummaa_project_data_samples/Herbarium Sheets
Herbarium Sheets,4000-1-10818_1.jpg,jpg,76993,75.2,77,0.1,0,Herbarium Sheets/4000-1-10818_1.jpg,/Users/jajohnst/Documents/teaching/2025-4-SI-676-NetworkedLAMS/ummaa_project_data_samples/Herbarium Sheets
Herbarium Sheets,4000-1-6832_2.jpg,jpg,105210,102.7,105,0.1,0,Herbarium Sheets/4000-1-6832_2.jpg,/Users/jajohnst/Documents/teaching/2025-4-SI-676-NetworkedLAMS/ummaa_project_data_samples/Herbarium Sheets
Herbarium Sheets,4000-1-11038_2.jpg,jpg,110919,108.3,111,0.1,0,Herbarium Sheets/4000-1-11038_2.jpg,/Users/jajohnst/Documents/teaching/2025-4-SI-676-NetworkedLAMS/ummaa_project_data_samples/Herbarium Sheets
Herbarium Sheets,4000-1-6877_2.jpg,jpg,106378,103.9,106,0.1,0,Herbarium Sheets/4000-1-6877_2.jpg,/Users/jajohnst/Documents/teaching/2025-4-SI-676-NetworkedLAMS/ummaa_project_data_samples/Herbarium Sheets
Herbarium Sheets,4000-1-10608_2.jpg,jpg,101190,98.8,101,0.1,0,Herbarium Sheets/4000-1-10608_2.jpg,/Users/jajohnst/Documents/teaching/2025-4-SI-676-NetworkedLAMS/ummaa_project_data_samples/Herbarium Sheets
Herbarium Sheets,4000-1-10597_1.jpg,jpg,103585,101.2,104,0.1,0,Herbarium Sheets/4000-1-10597_1.jpg,/Users/jajohnst/Documents/teaching/2025-4-SI-676-NetworkedLAMS/ummaa_project_data_samples/Herbarium Sheets
Herbarium Sheets,4000-1-7129_2.jpg,jpg,36315,35.5,36,0,0,Herbarium Sheets/4000-1-7129_2.jpg,/Users/jajohnst/Documents/teaching/2025-4-SI-676-NetworkedLAMS/ummaa_project_data_samples/Herbarium Sheets
Herbarium Sheets,4000-1-10696_1.jpg,jpg,59471,58.1,59,0.1,0,Herbarium Sheets/4000-1-10696_1.jpg,/Users/jajohnst/Documents/teaching/2025-4-SI-676-NetworkedLAMS/ummaa_project_data_samples/Herbarium Sheets
Herbarium Sheets,4000-1-7093_1.jpg,jpg,38569,37.7,39,0,0,Herbarium Sheets/4000-1-7093_1.jpg,/Users/jajohnst/Documents/teaching/2025-4-SI-676-NetworkedLAMS/ummaa_project_data_samples/Herbarium Sheets
Herbarium Sheets,4000-1-10899_1.jpg,jpg,71873,70.2,72,0.1,0,Herbarium Sheets/4000-1-10899_1.jpg,/Users/jajohnst/Documents/teaching/2025-4-SI-676-NetworkedLAMS/ummaa_project_data_samples/Herbarium Sheets
Herbarium Sheets,4000-1-11027_1.jpg,jpg,38798,37.9,39,0,0,Herbarium Sheets/4000-1-11027_1.jpg,/Users/jajohnst/Documents/teaching/2025-4-SI-676-NetworkedLAMS/ummaa_project_data_samples/Herbarium Sheets
Herbarium Sheets,4000-1-11062_1.jpg,jpg,76041,74.3,76,0.1,0,Herbarium Sheets/4000-1-11062_1.jpg,/Users/jajohnst/Documents/teaching/2025-4-SI-676-NetworkedLAMS/ummaa_project_data_samples/Herbarium Sheets
Herbarium Sheets,4000-1-6868_1.jpg,jpg,69326,67.7,69,0.1,0,Herbarium Sheets/4000-1-6868_1.jpg,/Users/jajohnst/Documents/teaching/2025-4-SI-676-NetworkedLAMS/ummaa_project_data_samples/Herbarium Sheets
Herbarium Sheets,4000-1-10864_1.jpg,jpg,63332,61.8,63,0.1,0,Herbarium Sheets/4000-1-10864_1.jpg,/Users/jajohnst/Documents/teaching/2025-4-SI-676-NetworkedLAMS/ummaa_project_data_samples/Herbarium Sheets
Herbarium Sheets,4000-1-10062_1.jpg,jpg,74465,72.7,74,0.1,0,Herbarium Sheets/4000-1-10062_1.jpg,/Users/jajohnst/Documents/teaching/2025-4-SI-676-NetworkedLAMS/ummaa_project_data_samples/Herbarium Sheets
Herbarium Sheets,4000-1-10821_1.jpg,jpg,63681,62.2,64,0.1,0,Herbarium Sheets/4000-1-10821_1.jpg,/Users/jajohnst/Documents/teaching/2025-4-SI-676-NetworkedLAMS/ummaa_project_data_samples/Herbarium Sheets
Herbarium Sheets,4000-1-10652_1.jpg,jpg,67937,66.3,68,0.1,0,Herbarium Sheets/4000-1-10652_1.jpg,/Users/jajohnst/Documents/teaching/2025-4-SI-676-NetworkedLAMS/ummaa_project_data_samples/Herbarium Sheets
Herbarium Sheets,4000-1-10617_1.jpg,jpg,86519,84.5,87,0.1,0,Herbarium Sheets/4000-1-10617_1.jpg,/Users/jajohnst/Documents/teaching/2025-4-SI-676-NetworkedLAMS/ummaa_project_data_samples/Herbarium Sheets
Herbarium Sheets,4000-1-7136_1.jpg,jpg,42335,41.3,42,0,0,Herbarium Sheets/4000-1-7136_1.jpg,/Users/jajohnst/Documents/teaching/2025-4-SI-676-NetworkedLAMS/ummaa_project_data_samples/Herbarium Sheets
Herbarium Sheets,4000-1-10588_2.jpg,jpg,80078,78.2,80,0.1,0,Herbarium Sheets/4000-1-10588_2.jpg,/Users/jajohnst/Documents/teaching/2025-4-SI-676-NetworkedLAMS/ummaa_project_data_samples/Herbarium Sheets
Herbarium Sheets,4000-1-10553_1.jpg,jpg,92630,90.5,93,0.1,0,Herbarium Sheets/4000-1-10553_1.jpg,/Users/jajohnst/Documents/teaching/2025-4-SI-676-NetworkedLAMS/ummaa_project_data_samples/Herbarium Sheets
Herbarium Sheets,4000-1-10516_1.jpg,jpg,85894,83.9,86,0.1,0,Herbarium Sheets/4000-1-10516_1.jpg,/Users/jajohnst/Documents/teaching/2025-4-SI-676-NetworkedLAMS/ummaa_project_data_samples/Herbarium Sheets
Herbarium Sheets,4000-1-10692_1.jpg,jpg,64420,62.9,64,0.1,0,Herbarium Sheets/4000-1-10692_1.jpg,/Users/jajohnst/Documents/teaching/2025-4-SI-676-NetworkedLAMS/ummaa_project_data_samples/Herbarium Sheets
Herbarium Sheets,4000-1-10593_1.jpg,jpg,75764,74,76,0.1,0,Herbarium Sheets/4000-1-10593_1.jpg,/Users/jajohnst/Documents/teaching/2025-4-SI-676-NetworkedLAMS/ummaa_project_data_samples/Herbarium Sheets
Herbarium Sheets,4000-1-6855_1.jpg,jpg,62603,61.1,63,0.1,0,Herbarium Sheets/4000-1-6855_1.jpg,/Users/jajohnst/Documents/teaching/2025-4-SI-676-NetworkedLAMS/ummaa_project_data_samples/Herbarium Sheets
Herbarium Sheets,4000-1-6836_2.jpg,jpg,101752,99.4,102,0.1,0,Herbarium Sheets/4000-1-6836_2.jpg,/Users/jajohnst/Documents/teaching/2025-4-SI-676-NetworkedLAMS/ummaa_project_data_samples/Herbarium Sheets
Herbarium Sheets,4000-1-10859_1.jpg,jpg,62441,61,62,0.1,0,Herbarium Sheets/4000-1-10859_1.jpg,/Users/jajohnst/Documents/teaching/2025-4-SI-676-NetworkedLAMS/ummaa_project_data_samples/Herbarium Sheets
Herbarium Sheets,4000-1-6873_2.jpg,jpg,107005,104.5,107,0.1,0,Herbarium Sheets/4000-1-6873_2.jpg,/Users/jajohnst/Documents/teaching/2025-4-SI-676-NetworkedLAMS/ummaa_project_data_samples/Herbarium Sheets
Herbarium Sheets,4000-1-11079_2.jpg,jpg,79460,77.6,79,0.1,0,Herbarium Sheets/4000-1-11079_2.jpg,/Users/jajohnst/Documents/teaching/2025-4-SI-676-NetworkedLAMS/ummaa_project_data_samples/Herbarium Sheets
Herbarium Sheets,4000-1-10628_2.jpg,jpg,97554,95.3,98,0.1,0,Herbarium Sheets/4000-1-10628_2.jpg,/Users/jajohnst/Documents/teaching/2025-4-SI-676-NetworkedLAMS/ummaa_project_data_samples/Herbarium Sheets
Herbarium Sheets,4000-1-10880_1.jpg,jpg,68086,66.5,68,0.1,0,Herbarium Sheets/4000-1-10880_1.jpg,/Users/jajohnst/Documents/teaching/2025-4-SI-676-NetworkedLAMS/ummaa_project_data_samples/Herbarium Sheets
Herbarium Sheets,4000-1-10086_1.jpg,jpg,88689,86.6,89,0.1,0,Herbarium Sheets/4000-1-10086_1.jpg,/Users/jajohnst/Documents/teaching/2025-4-SI-676-NetworkedLAMS/ummaa_project_data_samples/Herbarium Sheets
Herbarium Sheets,4000-1-11086_1.jpg,jpg,67478,65.9,67,0.1,0,Herbarium Sheets/4000-1-11086_1.jpg,/Users/jajohnst/Documents/teaching/2025-4-SI-676-NetworkedLAMS/ummaa_project_data_samples/Herbarium Sheets
Herbarium Sheets,4000-1-6871_1.jpg,jpg,76180,74.4,76,0.1,0,Herbarium Sheets/4000-1-6871_1.jpg,/Users/jajohnst/Documents/teaching/2025-4-SI-676-NetworkedLAMS/ummaa_project_data_samples/Herbarium Sheets
Herbarium Sheets,4000-1-6834_1.jpg,jpg,62945,61.5,63,0.1,0,Herbarium Sheets/4000-1-6834_1.jpg,/Users/jajohnst/Documents/teaching/2025-4-SI-676-NetworkedLAMS/ummaa_project_data_samples/Herbarium Sheets
Herbarium Sheets,4000-1-10838_1.jpg,jpg,81929,80,82,0.1,0,Herbarium Sheets/4000-1-10838_1.jpg,/Users/jajohnst/Documents/teaching/2025-4-SI-676-NetworkedLAMS/ummaa_project_data_samples/Herbarium Sheets
Herbarium Sheets,4000-1-7077_1.jpg,jpg,59323,57.9,59,0.1,0,Herbarium Sheets/4000-1-7077_1.jpg,/Users/jajohnst/Documents/teaching/2025-4-SI-676-NetworkedLAMS/ummaa_project_data_samples/Herbarium Sheets
Herbarium Sheets,4000-1-6857_2.jpg,jpg,101028,98.7,101,0.1,0,Herbarium Sheets/4000-1-6857_2.jpg,/Users/jajohnst/Documents/teaching/2025-4-SI-676-NetworkedLAMS/ummaa_project_data_samples/Herbarium Sheets
Herbarium Sheets,4000-1-11003_1.jpg,jpg,97553,95.3,98,0.1,0,Herbarium Sheets/4000-1-11003_1.jpg,/Users/jajohnst/Documents/teaching/2025-4-SI-676-NetworkedLAMS/ummaa_project_data_samples/Herbarium Sheets
Herbarium Sheets,4000-1-11046_1.jpg,jpg,90274,88.2,90,0.1,0,Herbarium Sheets/4000-1-11046_1.jpg,/Users/jajohnst/Documents/teaching/2025-4-SI-676-NetworkedLAMS/ummaa_project_data_samples/Herbarium Sheets
Herbarium Sheets,4000-1-10840_1.jpg,jpg,75760,74,76,0.1,0,Herbarium Sheets/4000-1-10840_1.jpg,/Users/jajohnst/Documents/teaching/2025-4-SI-676-NetworkedLAMS/ummaa_project_data_samples/Herbarium Sheets
Herbarium Sheets,4000-1-10046_1.jpg,jpg,70989,69.3,71,0.1,0,Herbarium Sheets/4000-1-10046_1.jpg,/Users/jajohnst/Documents/teaching/2025-4-SI-676-NetworkedLAMS/ummaa_project_data_samples/Herbarium Sheets
Herbarium Sheets,4000-1-10805_1.jpg,jpg,82689,80.8,83,0.1,0,Herbarium Sheets/4000-1-10805_1.jpg,/Users/jajohnst/Documents/teaching/2025-4-SI-676-NetworkedLAMS/ummaa_project_data_samples/Herbarium Sheets
Herbarium Sheets,4000-1-10577_1.jpg,jpg,96020,93.8,96,0.1,0,Herbarium Sheets/4000-1-10577_1.jpg,/Users/jajohnst/Documents/teaching/2025-4-SI-676-NetworkedLAMS/ummaa_project_data_samples/Herbarium Sheets
Herbarium Sheets,4000-1-10532_1.jpg,jpg,92492,90.3,92,0.1,0,Herbarium Sheets/4000-1-10532_1.jpg,/Users/jajohnst/Documents/teaching/2025-4-SI-676-NetworkedLAMS/ummaa_project_data_samples/Herbarium Sheets
Herbarium Sheets,4000-1-7112_1.jpg,jpg,48095,47,48,0,0,Herbarium Sheets/4000-1-7112_1.jpg,/Users/jajohnst/Documents/teaching/2025-4-SI-676-NetworkedLAMS/ummaa_project_data_samples/Herbarium Sheets
Herbarium Sheets,4000-1-7134_2.jpg,jpg,33200,32.4,33,0,0,Herbarium Sheets/4000-1-7134_2.jpg,/Users/jajohnst/Documents/teaching/2025-4-SI-676-NetworkedLAMS/ummaa_project_data_samples/Herbarium Sheets
Herbarium Sheets,4000-1-10676_1.jpg,jpg,59122,57.7,59,0.1,0,Herbarium Sheets/4000-1-10676_1.jpg,/Users/jajohnst/Documents/teaching/2025-4-SI-676-NetworkedLAMS/ummaa_project_data_samples/Herbarium Sheets
Herbarium Sheets,4000-1-10633_1.jpg,jpg,100398,98,100,0.1,0,Herbarium Sheets/4000-1-10633_1.jpg,/Users/jajohnst/Documents/teaching/2025-4-SI-676-NetworkedLAMS/ummaa_project_data_samples/Herbarium Sheets
Herbarium Sheets,4000-1-11001_1.jpg,jpg,75960,74.2,76,0.1,0,Herbarium Sheets/4000-1-11001_1.jpg,/Users/jajohnst/Documents/teaching/2025-4-SI-676-NetworkedLAMS/ummaa_project_data_samples/Herbarium Sheets
Herbarium Sheets,4000-1-11044_1.jpg,jpg,45931,44.9,46,0,0,Herbarium Sheets/4000-1-11044_1.jpg,/Users/jajohnst/Documents/teaching/2025-4-SI-676-NetworkedLAMS/ummaa_project_data_samples/Herbarium Sheets
Herbarium Sheets,4000-1-6868_2.jpg,jpg,61503,60.1,62,0.1,0,Herbarium Sheets/4000-1-6868_2.jpg,/Users/jajohnst/Documents/teaching/2025-4-SI-676-NetworkedLAMS/ummaa_project_data_samples/Herbarium Sheets
Herbarium Sheets,4000-1-10842_1.jpg,jpg,72700,71,73,0.1,0,Herbarium Sheets/4000-1-10842_1.jpg,/Users/jajohnst/Documents/teaching/2025-4-SI-676-NetworkedLAMS/ummaa_project_data_samples/Herbarium Sheets
Herbarium Sheets,4000-1-11027_2.jpg,jpg,41284,40.3,41,0,0,Herbarium Sheets/4000-1-11027_2.jpg,/Users/jajohnst/Documents/teaching/2025-4-SI-676-NetworkedLAMS/ummaa_project_data_samples/Herbarium Sheets
Herbarium Sheets,4000-1-10044_1.jpg,jpg,87686,85.6,88,0.1,0,Herbarium Sheets/4000-1-10044_1.jpg,/Users/jajohnst/Documents/teaching/2025-4-SI-676-NetworkedLAMS/ummaa_project_data_samples/Herbarium Sheets
Herbarium Sheets,4000-1-10807_1.jpg,jpg,74252,72.5,74,0.1,0,Herbarium Sheets/4000-1-10807_1.jpg,/Users/jajohnst/Documents/teaching/2025-4-SI-676-NetworkedLAMS/ummaa_project_data_samples/Herbarium Sheets
Herbarium Sheets,4000-1-10674_1.jpg,jpg,63909,62.4,64,0.1,0,Herbarium Sheets/4000-1-10674_1.jpg,/Users/jajohnst/Documents/teaching/2025-4-SI-676-NetworkedLAMS/ummaa_project_data_samples/Herbarium Sheets
Herbarium Sheets,4000-1-10631_1.jpg,jpg,57996,56.6,58,0.1,0,Herbarium Sheets/4000-1-10631_1.jpg,/Users/jajohnst/Documents/teaching/2025-4-SI-676-NetworkedLAMS/ummaa_project_data_samples/Herbarium Sheets
Herbarium Sheets,4000-1-7110_1.jpg,jpg,42901,41.9,43,0,0,Herbarium Sheets/4000-1-7110_1.jpg,/Users/jajohnst/Documents/teaching/2025-4-SI-676-NetworkedLAMS/ummaa_project_data_samples/Herbarium Sheets
Herbarium Sheets,4000-1-10588_1.jpg,jpg,70501,68.8,71,0.1,0,Herbarium Sheets/4000-1-10588_1.jpg,/Users/jajohnst/Documents/teaching/2025-4-SI-676-NetworkedLAMS/ummaa_project_data_samples/Herbarium Sheets
Herbarium Sheets,4000-1-7136_2.jpg,jpg,65777,64.2,66,0.1,0,Herbarium Sheets/4000-1-7136_2.jpg,/Users/jajohnst/Documents/teaching/2025-4-SI-676-NetworkedLAMS/ummaa_project_data_samples/Herbarium Sheets
Herbarium Sheets,4000-1-10575_1.jpg,jpg,91374,89.2,91,0.1,0,Herbarium Sheets/4000-1-10575_1.jpg,/Users/jajohnst/Documents/teaching/2025-4-SI-676-NetworkedLAMS/ummaa_project_data_samples/Herbarium Sheets
Herbarium Sheets,4000-1-10530_1.jpg,jpg,46103,45,46,0,0,Herbarium Sheets/4000-1-10530_1.jpg,/Users/jajohnst/Documents/teaching/2025-4-SI-676-NetworkedLAMS/ummaa_project_data_samples/Herbarium Sheets
Herbarium Sheets,4000-1-10689_1.jpg,jpg,78441,76.6,78,0.1,0,Herbarium Sheets/4000-1-10689_1.jpg,/Users/jajohnst/Documents/teaching/2025-4-SI-676-NetworkedLAMS/ummaa_project_data_samples/Herbarium Sheets
Herbarium Sheets,4000-1-10548_1.jpg,jpg,96855,94.6,97,0.1,0,Herbarium Sheets/4000-1-10548_1.jpg,/Users/jajohnst/Documents/teaching/2025-4-SI-676-NetworkedLAMS/ummaa_project_data_samples/Herbarium Sheets
Herbarium Sheets,4000-1-10649_1.jpg,jpg,77053,75.2,77,0.1,0,Herbarium Sheets/4000-1-10649_1.jpg,/Users/jajohnst/Documents/teaching/2025-4-SI-676-NetworkedLAMS/ummaa_project_data_samples/Herbarium Sheets
Herbarium Sheets,4000-1-6873_1.jpg,jpg,93228,91,93,0.1,0,Herbarium Sheets/4000-1-6873_1.jpg,/Users/jajohnst/Documents/teaching/2025-4-SI-676-NetworkedLAMS/ummaa_project_data_samples/Herbarium Sheets
Herbarium Sheets,4000-1-11079_1.jpg,jpg,70000,68.4,70,0.1,0,Herbarium Sheets/4000-1-11079_1.jpg,/Users/jajohnst/Documents/teaching/2025-4-SI-676-NetworkedLAMS/ummaa_project_data_samples/Herbarium Sheets
Herbarium Sheets,4000-1-6836_1.jpg,jpg,81246,79.3,81,0.1,0,Herbarium Sheets/4000-1-6836_1.jpg,/Users/jajohnst/Documents/teaching/2025-4-SI-676-NetworkedLAMS/ummaa_project_data_samples/Herbarium Sheets
Herbarium Sheets,4000-1-10079_1.jpg,jpg,81301,79.4,81,0.1,0,Herbarium Sheets/4000-1-10079_1.jpg,/Users/jajohnst/Documents/teaching/2025-4-SI-676-NetworkedLAMS/ummaa_project_data_samples/Herbarium Sheets
Herbarium Sheets,4000-1-7075_1.jpg,jpg,48917,47.8,49,0,0,Herbarium Sheets/4000-1-7075_1.jpg,/Users/jajohnst/Documents/teaching/2025-4-SI-676-NetworkedLAMS/ummaa_project_data_samples/Herbarium Sheets
Herbarium Sheets,4000-1-6855_2.jpg,jpg,105156,102.7,105,0.1,0,Herbarium Sheets/4000-1-6855_2.jpg,/Users/jajohnst/Documents/teaching/2025-4-SI-676-NetworkedLAMS/ummaa_project_data_samples/Herbarium Sheets
Herbarium Sheets,4000-1-10084_1.jpg,jpg,88796,86.7,89,0.1,0,Herbarium Sheets/4000-1-10084_1.jpg,/Users/jajohnst/Documents/teaching/2025-4-SI-676-NetworkedLAMS/ummaa_project_data_samples/Herbarium Sheets
Herbarium Sheets,4000-1-11084_1.jpg,jpg,65513,64,66,0.1,0,Herbarium Sheets/4000-1-11084_1.jpg,/Users/jajohnst/Documents/teaching/2025-4-SI-676-NetworkedLAMS/ummaa_project_data_samples/Herbarium Sheets
Herbarium Sheets,4000-1-10591_1.jpg,jpg,74690,72.9,75,0.1,0,Herbarium Sheets/4000-1-10591_1.jpg,/Users/jajohnst/Documents/teaching/2025-4-SI-676-NetworkedLAMS/ummaa_project_data_samples/Herbarium Sheets
Herbarium Sheets,4000-1-7109_1.jpg,jpg,42139,41.2,42,0,0,Herbarium Sheets/4000-1-7109_1.jpg,/Users/jajohnst/Documents/teaching/2025-4-SI-676-NetworkedLAMS/ummaa_project_data_samples/Herbarium Sheets
Herbarium Sheets,4000-1-10628_1.jpg,jpg,89014,86.9,89,0.1,0,Herbarium Sheets/4000-1-10628_1.jpg,/Users/jajohnst/Documents/teaching/2025-4-SI-676-NetworkedLAMS/ummaa_project_data_samples/Herbarium Sheets
Herbarium Sheets,4000-1-10690_1.jpg,jpg,67928,66.3,68,0.1,0,Herbarium Sheets/4000-1-10690_1.jpg,/Users/jajohnst/Documents/teaching/2025-4-SI-676-NetworkedLAMS/ummaa_project_data_samples/Herbarium Sheets
Herbarium Sheets,4000-1-10529_1.jpg,jpg,57342,56,57,0.1,0,Herbarium Sheets/4000-1-10529_1.jpg,/Users/jajohnst/Documents/teaching/2025-4-SI-676-NetworkedLAMS/ummaa_project_data_samples/Herbarium Sheets
Herbarium Sheets,4000-1-10086_2.jpg,jpg,40092,39.2,40,0,0,Herbarium Sheets/4000-1-10086_2.jpg,/Users/jajohnst/Documents/teaching/2025-4-SI-676-NetworkedLAMS/ummaa_project_data_samples/Herbarium Sheets
Herbarium Sheets,4000-1-6857_1.jpg,jpg,63370,61.9,63,0.1,0,Herbarium Sheets/4000-1-6857_1.jpg,/Users/jajohnst/Documents/teaching/2025-4-SI-676-NetworkedLAMS/ummaa_project_data_samples/Herbarium Sheets
Herbarium Sheets,4000-1-11018_1.jpg,jpg,106411,103.9,106,0.1,0,Herbarium Sheets/4000-1-11018_1.jpg,/Users/jajohnst/Documents/teaching/2025-4-SI-676-NetworkedLAMS/ummaa_project_data_samples/Herbarium Sheets
Herbarium Sheets,4000-1-6834_2.jpg,jpg,105280,102.8,105,0.1,0,Herbarium Sheets/4000-1-6834_2.jpg,/Users/jajohnst/Documents/teaching/2025-4-SI-676-NetworkedLAMS/ummaa_project_data_samples/Herbarium Sheets
Herbarium Sheets,4000-1-6871_2.jpg,jpg,103240,100.8,103,0.1,0,Herbarium Sheets/4000-1-6871_2.jpg,/Users/jajohnst/Documents/teaching/2025-4-SI-676-NetworkedLAMS/ummaa_project_data_samples/Herbarium Sheets
Herbarium Sheets,4000-1-11025_1.jpg,jpg,130566,127.5,131,0.1,0,Herbarium Sheets/4000-1-11025_1.jpg,/Users/jajohnst/Documents/teaching/2025-4-SI-676-NetworkedLAMS/ummaa_project_data_samples/Herbarium Sheets
Herbarium Sheets,4000-1-10866_1.jpg,jpg,87047,85,87,0.1,0,Herbarium Sheets/4000-1-10866_1.jpg,/Users/jajohnst/Documents/teaching/2025-4-SI-676-NetworkedLAMS/ummaa_project_data_samples/Herbarium Sheets
Herbarium Sheets,4000-1-10060_1.jpg,jpg,70751,69.1,71,0.1,0,Herbarium Sheets/4000-1-10060_1.jpg,/Users/jajohnst/Documents/teaching/2025-4-SI-676-NetworkedLAMS/ummaa_project_data_samples/Herbarium Sheets
Herbarium Sheets,4000-1-10823_1.jpg,jpg,44268,43.2,44,0,0,Herbarium Sheets/4000-1-10823_1.jpg,/Users/jajohnst/Documents/teaching/2025-4-SI-676-NetworkedLAMS/ummaa_project_data_samples/Herbarium Sheets
Herbarium Sheets,4000-1-7091_1.jpg,jpg,40229,39.3,40,0,0,Herbarium Sheets/4000-1-7091_1.jpg,/Users/jajohnst/Documents/teaching/2025-4-SI-676-NetworkedLAMS/ummaa_project_data_samples/Herbarium Sheets
Herbarium Sheets,4000-1-10551_1.jpg,jpg,81917,80,82,0.1,0,Herbarium Sheets/4000-1-10551_1.jpg,/Users/jajohnst/Documents/teaching/2025-4-SI-676-NetworkedLAMS/ummaa_project_data_samples/Herbarium Sheets
Herbarium Sheets,4000-1-10514_1.jpg,jpg,61069,59.6,61,0.1,0,Herbarium Sheets/4000-1-10514_1.jpg,/Users/jajohnst/Documents/teaching/2025-4-SI-676-NetworkedLAMS/ummaa_project_data_samples/Herbarium Sheets
Herbarium Sheets,4000-1-7134_1.jpg,jpg,23863,23.3,24,0,0,Herbarium Sheets/4000-1-7134_1.jpg,/Users/jajohnst/Documents/teaching/2025-4-SI-676-NetworkedLAMS/ummaa_project_data_samples/Herbarium Sheets
Herbarium Sheets,4000-1-10650_1.jpg,jpg,74133,72.4,74,0.1,0,Herbarium Sheets/4000-1-10650_1.jpg,/Users/jajohnst/Documents/teaching/2025-4-SI-676-NetworkedLAMS/ummaa_project_data_samples/Herbarium Sheets
Herbarium Sheets,4000-1-10615_1.jpg,jpg,101901,99.5,102,0.1,0,Herbarium Sheets/4000-1-10615_1.jpg,/Users/jajohnst/Documents/teaching/2025-4-SI-676-NetworkedLAMS/ummaa_project_data_samples/Herbarium Sheets
Herbarium Sheets,4000-1-6849_1.jpg,jpg,65652,64.1,66,0.1,0,Herbarium Sheets/4000-1-6849_1.jpg,/Users/jajohnst/Documents/teaching/2025-4-SI-676-NetworkedLAMS/ummaa_project_data_samples/Herbarium Sheets
Herbarium Sheets,4000-1-11043_1.jpg,jpg,61119,59.7,61,0.1,0,Herbarium Sheets/4000-1-11043_1.jpg,/Users/jajohnst/Documents/teaching/2025-4-SI-676-NetworkedLAMS/ummaa_project_data_samples/Herbarium Sheets
Herbarium Sheets,4000-1-11006_1.jpg,jpg,64147,62.6,64,0.1,0,Herbarium Sheets/4000-1-11006_1.jpg,/Users/jajohnst/Documents/teaching/2025-4-SI-676-NetworkedLAMS/ummaa_project_data_samples/Herbarium Sheets
Herbarium Sheets,4000-1-11020_2.jpg,jpg,88855,86.8,89,0.1,0,Herbarium Sheets/4000-1-11020_2.jpg,/Users/jajohnst/Documents/teaching/2025-4-SI-676-NetworkedLAMS/ummaa_project_data_samples/Herbarium Sheets
Herbarium Sheets,4000-1-10043_1.jpg,jpg,102480,100.1,102,0.1,0,Herbarium Sheets/4000-1-10043_1.jpg,/Users/jajohnst/Documents/teaching/2025-4-SI-676-NetworkedLAMS/ummaa_project_data_samples/Herbarium Sheets
Herbarium Sheets,4000-1-10845_1.jpg,jpg,80818,78.9,81,0.1,0,Herbarium Sheets/4000-1-10845_1.jpg,/Users/jajohnst/Documents/teaching/2025-4-SI-676-NetworkedLAMS/ummaa_project_data_samples/Herbarium Sheets
Herbarium Sheets,4000-1-7117_1.jpg,jpg,31782,31,32,0,0,Herbarium Sheets/4000-1-7117_1.jpg,/Users/jajohnst/Documents/teaching/2025-4-SI-676-NetworkedLAMS/ummaa_project_data_samples/Herbarium Sheets
Herbarium Sheets,4000-1-10655_2.jpg,jpg,77425,75.6,77,0.1,0,Herbarium Sheets/4000-1-10655_2.jpg,/Users/jajohnst/Documents/teaching/2025-4-SI-676-NetworkedLAMS/ummaa_project_data_samples/Herbarium Sheets
Herbarium Sheets,4000-1-10636_1.jpg,jpg,92108,89.9,92,0.1,0,Herbarium Sheets/4000-1-10636_1.jpg,/Users/jajohnst/Documents/teaching/2025-4-SI-676-NetworkedLAMS/ummaa_project_data_samples/Herbarium Sheets
Herbarium Sheets,4000-1-10673_1.jpg,jpg,99301,97,99,0.1,0,Herbarium Sheets/4000-1-10673_1.jpg,/Users/jajohnst/Documents/teaching/2025-4-SI-676-NetworkedLAMS/ummaa_project_data_samples/Herbarium Sheets
Herbarium Sheets,4000-1-10537_1.jpg,jpg,81244,79.3,81,0.1,0,Herbarium Sheets/4000-1-10537_1.jpg,/Users/jajohnst/Documents/teaching/2025-4-SI-676-NetworkedLAMS/ummaa_project_data_samples/Herbarium Sheets
Herbarium Sheets,4000-1-10572_1.jpg,jpg,62360,60.9,62,0.1,0,Herbarium Sheets/4000-1-10572_1.jpg,/Users/jajohnst/Documents/teaching/2025-4-SI-676-NetworkedLAMS/ummaa_project_data_samples/Herbarium Sheets
Herbarium Sheets,4000-1-6831_1.jpg,jpg,98712,96.4,99,0.1,0,Herbarium Sheets/4000-1-6831_1.jpg,/Users/jajohnst/Documents/teaching/2025-4-SI-676-NetworkedLAMS/ummaa_project_data_samples/Herbarium Sheets
Herbarium Sheets,4000-1-6874_1.jpg,jpg,53488,52.2,53,0.1,0,Herbarium Sheets/4000-1-6874_1.jpg,/Users/jajohnst/Documents/teaching/2025-4-SI-676-NetworkedLAMS/ummaa_project_data_samples/Herbarium Sheets
Herbarium Sheets,4000-1-7072_1.jpg,jpg,62754,61.3,63,0.1,0,Herbarium Sheets/4000-1-7072_1.jpg,/Users/jajohnst/Documents/teaching/2025-4-SI-676-NetworkedLAMS/ummaa_project_data_samples/Herbarium Sheets
Herbarium Sheets,4000-1-10878_1.jpg,jpg,80571,78.7,81,0.1,0,Herbarium Sheets/4000-1-10878_1.jpg,/Users/jajohnst/Documents/teaching/2025-4-SI-676-NetworkedLAMS/ummaa_project_data_samples/Herbarium Sheets
Herbarium Sheets,4000-1-6852_2.jpg,jpg,107151,104.6,107,0.1,0,Herbarium Sheets/4000-1-6852_2.jpg,/Users/jajohnst/Documents/teaching/2025-4-SI-676-NetworkedLAMS/ummaa_project_data_samples/Herbarium Sheets
Herbarium Sheets,4000-1-10083_1.jpg,jpg,88612,86.5,89,0.1,0,Herbarium Sheets/4000-1-10083_1.jpg,/Users/jajohnst/Documents/teaching/2025-4-SI-676-NetworkedLAMS/ummaa_project_data_samples/Herbarium Sheets
Herbarium Sheets,4000-1-10885_1.jpg,jpg,70067,68.4,70,0.1,0,Herbarium Sheets/4000-1-10885_1.jpg,/Users/jajohnst/Documents/teaching/2025-4-SI-676-NetworkedLAMS/ummaa_project_data_samples/Herbarium Sheets
Herbarium Sheets,4000-1-11083_1.jpg,jpg,55232,53.9,55,0.1,0,Herbarium Sheets/4000-1-11083_1.jpg,/Users/jajohnst/Documents/teaching/2025-4-SI-676-NetworkedLAMS/ummaa_project_data_samples/Herbarium Sheets
Herbarium Sheets,4000-1-10596_1.jpg,jpg,49416,48.3,49,0,0,Herbarium Sheets/4000-1-10596_1.jpg,/Users/jajohnst/Documents/teaching/2025-4-SI-676-NetworkedLAMS/ummaa_project_data_samples/Herbarium Sheets
Herbarium Sheets,4000-1-10697_1.jpg,jpg,82104,80.2,82,0.1,0,Herbarium Sheets/4000-1-10697_1.jpg,/Users/jajohnst/Documents/teaching/2025-4-SI-676-NetworkedLAMS/ummaa_project_data_samples/Herbarium Sheets
Herbarium Sheets,4000-1-6850_1.jpg,jpg,74582,72.8,75,0.1,0,Herbarium Sheets/4000-1-6850_1.jpg,/Users/jajohnst/Documents/teaching/2025-4-SI-676-NetworkedLAMS/ummaa_project_data_samples/Herbarium Sheets
Herbarium Sheets,4000-1-6876_2.jpg,jpg,68014,66.4,68,0.1,0,Herbarium Sheets/4000-1-6876_2.jpg,/Users/jajohnst/Documents/teaching/2025-4-SI-676-NetworkedLAMS/ummaa_project_data_samples/Herbarium Sheets
Herbarium Sheets,4000-1-10819_1.jpg,jpg,63659,62.2,64,0.1,0,Herbarium Sheets/4000-1-10819_1.jpg,/Users/jajohnst/Documents/teaching/2025-4-SI-676-NetworkedLAMS/ummaa_project_data_samples/Herbarium Sheets
Herbarium Sheets,4000-1-6833_2.jpg,jpg,103828,101.4,104,0.1,0,Herbarium Sheets/4000-1-6833_2.jpg,/Users/jajohnst/Documents/teaching/2025-4-SI-676-NetworkedLAMS/ummaa_project_data_samples/Herbarium Sheets
Herbarium Sheets,4000-1-11067_1.jpg,jpg,98126,95.8,98,0.1,0,Herbarium Sheets/4000-1-11067_1.jpg,/Users/jajohnst/Documents/teaching/2025-4-SI-676-NetworkedLAMS/ummaa_project_data_samples/Herbarium Sheets
Herbarium Sheets,4000-1-6828_1.jpg,jpg,65595,64.1,66,0.1,0,Herbarium Sheets/4000-1-6828_1.jpg,/Users/jajohnst/Documents/teaching/2025-4-SI-676-NetworkedLAMS/ummaa_project_data_samples/Herbarium Sheets
Herbarium Sheets,4000-1-11022_1.jpg,jpg,81141,79.2,81,0.1,0,Herbarium Sheets/4000-1-11022_1.jpg,/Users/jajohnst/Documents/teaching/2025-4-SI-676-NetworkedLAMS/ummaa_project_data_samples/Herbarium Sheets
Herbarium Sheets,4000-1-10824_1.jpg,jpg,78022,76.2,78,0.1,0,Herbarium Sheets/4000-1-10824_1.jpg,/Users/jajohnst/Documents/teaching/2025-4-SI-676-NetworkedLAMS/ummaa_project_data_samples/Herbarium Sheets
Herbarium Sheets,4000-1-10067_1.jpg,jpg,91556,89.4,92,0.1,0,Herbarium Sheets/4000-1-10067_1.jpg,/Users/jajohnst/Documents/teaching/2025-4-SI-676-NetworkedLAMS/ummaa_project_data_samples/Herbarium Sheets
Herbarium Sheets,4000-1-10861_1.jpg,jpg,88077,86,88,0.1,0,Herbarium Sheets/4000-1-10861_1.jpg,/Users/jajohnst/Documents/teaching/2025-4-SI-676-NetworkedLAMS/ummaa_project_data_samples/Herbarium Sheets
Herbarium Sheets,4000-1-7096_1.jpg,jpg,42768,41.8,43,0,0,Herbarium Sheets/4000-1-7096_1.jpg,/Users/jajohnst/Documents/teaching/2025-4-SI-676-NetworkedLAMS/ummaa_project_data_samples/Herbarium Sheets
Herbarium Sheets,4000-1-10513_1.jpg,jpg,80775,78.9,81,0.1,0,Herbarium Sheets/4000-1-10513_1.jpg,/Users/jajohnst/Documents/teaching/2025-4-SI-676-NetworkedLAMS/ummaa_project_data_samples/Herbarium Sheets
Herbarium Sheets,4000-1-10556_1.jpg,jpg,79408,77.5,79,0.1,0,Herbarium Sheets/4000-1-10556_1.jpg,/Users/jajohnst/Documents/teaching/2025-4-SI-676-NetworkedLAMS/ummaa_project_data_samples/Herbarium Sheets
Herbarium Sheets,4000-1-10612_1.jpg,jpg,81914,80,82,0.1,0,Herbarium Sheets/4000-1-10612_1.jpg,/Users/jajohnst/Documents/teaching/2025-4-SI-676-NetworkedLAMS/ummaa_project_data_samples/Herbarium Sheets
Herbarium Sheets,4000-1-10657_1.jpg,jpg,73746,72,74,0.1,0,Herbarium Sheets/4000-1-10657_1.jpg,/Users/jajohnst/Documents/teaching/2025-4-SI-676-NetworkedLAMS/ummaa_project_data_samples/Herbarium Sheets
Herbarium Sheets,4000-1-7133_1.jpg,jpg,39262,38.3,39,0,0,Herbarium Sheets/4000-1-7133_1.jpg,/Users/jajohnst/Documents/teaching/2025-4-SI-676-NetworkedLAMS/ummaa_project_data_samples/Herbarium Sheets
Herbarium Sheets,4000-1-7115_2.jpg,jpg,33389,32.6,33,0,0,Herbarium Sheets/4000-1-7115_2.jpg,/Users/jajohnst/Documents/teaching/2025-4-SI-676-NetworkedLAMS/ummaa_project_data_samples/Herbarium Sheets
Herbarium Sheets,4000-1-7094_1.jpg,jpg,34084,33.3,34,0,0,Herbarium Sheets/4000-1-7094_1.jpg,/Users/jajohnst/Documents/teaching/2025-4-SI-676-NetworkedLAMS/ummaa_project_data_samples/Herbarium Sheets
Herbarium Sheets,4000-1-10098_1.jpg,jpg,74593,72.8,75,0.1,0,Herbarium Sheets/4000-1-10098_1.jpg,/Users/jajohnst/Documents/teaching/2025-4-SI-676-NetworkedLAMS/ummaa_project_data_samples/Herbarium Sheets
Herbarium Sheets,4000-1-11098_1.jpg,jpg,61882,60.4,62,0.1,0,Herbarium Sheets/4000-1-11098_1.jpg,/Users/jajohnst/Documents/teaching/2025-4-SI-676-NetworkedLAMS/ummaa_project_data_samples/Herbarium Sheets
Herbarium Sheets,4000-1-11065_1.jpg,jpg,64472,63,64,0.1,0,Herbarium Sheets/4000-1-11065_1.jpg,/Users/jajohnst/Documents/teaching/2025-4-SI-676-NetworkedLAMS/ummaa_project_data_samples/Herbarium Sheets
Herbarium Sheets,4000-1-11020_1.jpg,jpg,87417,85.4,87,0.1,0,Herbarium Sheets/4000-1-11020_1.jpg,/Users/jajohnst/Documents/teaching/2025-4-SI-676-NetworkedLAMS/ummaa_project_data_samples/Herbarium Sheets
Herbarium Sheets,4000-1-11006_2.jpg,jpg,74734,73,75,0.1,0,Herbarium Sheets/4000-1-11006_2.jpg,/Users/jajohnst/Documents/teaching/2025-4-SI-676-NetworkedLAMS/ummaa_project_data_samples/Herbarium Sheets
Herbarium Sheets,4000-1-10826_1.jpg,jpg,89390,87.3,89,0.1,0,Herbarium Sheets/4000-1-10826_1.jpg,/Users/jajohnst/Documents/teaching/2025-4-SI-676-NetworkedLAMS/ummaa_project_data_samples/Herbarium Sheets
Herbarium Sheets,4000-1-10065_1.jpg,jpg,75778,74,76,0.1,0,Herbarium Sheets/4000-1-10065_1.jpg,/Users/jajohnst/Documents/teaching/2025-4-SI-676-NetworkedLAMS/ummaa_project_data_samples/Herbarium Sheets
Herbarium Sheets,4000-1-6849_2.jpg,jpg,104541,102.1,105,0.1,0,Herbarium Sheets/4000-1-6849_2.jpg,/Users/jajohnst/Documents/teaching/2025-4-SI-676-NetworkedLAMS/ummaa_project_data_samples/Herbarium Sheets
Herbarium Sheets,4000-1-10863_1.jpg,jpg,69706,68.1,70,0.1,0,Herbarium Sheets/4000-1-10863_1.jpg,/Users/jajohnst/Documents/teaching/2025-4-SI-676-NetworkedLAMS/ummaa_project_data_samples/Herbarium Sheets
Herbarium Sheets,4000-1-7069_1.jpg,jpg,58792,57.4,59,0.1,0,Herbarium Sheets/4000-1-7069_1.jpg,/Users/jajohnst/Documents/teaching/2025-4-SI-676-NetworkedLAMS/ummaa_project_data_samples/Herbarium Sheets
Herbarium Sheets,4000-1-7131_1.jpg,jpg,86137,84.1,86,0.1,0,Herbarium Sheets/4000-1-7131_1.jpg,/Users/jajohnst/Documents/teaching/2025-4-SI-676-NetworkedLAMS/ummaa_project_data_samples/Herbarium Sheets
Herbarium Sheets,4000-1-7117_2.jpg,jpg,48171,47,48,0,0,Herbarium Sheets/4000-1-7117_2.jpg,/Users/jajohnst/Documents/teaching/2025-4-SI-676-NetworkedLAMS/ummaa_project_data_samples/Herbarium Sheets
Herbarium Sheets,4000-1-10610_1.jpg,jpg,95941,93.7,96,0.1,0,Herbarium Sheets/4000-1-10610_1.jpg,/Users/jajohnst/Documents/teaching/2025-4-SI-676-NetworkedLAMS/ummaa_project_data_samples/Herbarium Sheets
Herbarium Sheets,4000-1-10655_1.jpg,jpg,71783,70.1,72,0.1,0,Herbarium Sheets/4000-1-10655_1.jpg,/Users/jajohnst/Documents/teaching/2025-4-SI-676-NetworkedLAMS/ummaa_project_data_samples/Herbarium Sheets
Herbarium Sheets,4000-1-10511_1.jpg,jpg,86229,84.2,86,0.1,0,Herbarium Sheets/4000-1-10511_1.jpg,/Users/jajohnst/Documents/teaching/2025-4-SI-676-NetworkedLAMS/ummaa_project_data_samples/Herbarium Sheets
Herbarium Sheets,4000-1-10554_1.jpg,jpg,86692,84.7,87,0.1,0,Herbarium Sheets/4000-1-10554_1.jpg,/Users/jajohnst/Documents/teaching/2025-4-SI-676-NetworkedLAMS/ummaa_project_data_samples/Herbarium Sheets
Herbarium Sheets,4000-1-10695_1.jpg,jpg,81335,79.4,81,0.1,0,Herbarium Sheets/4000-1-10695_1.jpg,/Users/jajohnst/Documents/teaching/2025-4-SI-676-NetworkedLAMS/ummaa_project_data_samples/Herbarium Sheets
Herbarium Sheets,4000-1-10569_1.jpg,jpg,105028,102.6,105,0.1,0,Herbarium Sheets/4000-1-10569_1.jpg,/Users/jajohnst/Documents/teaching/2025-4-SI-676-NetworkedLAMS/ummaa_project_data_samples/Herbarium Sheets
Herbarium Sheets,4000-1-10100_1.jpg,jpg,77882,76.1,78,0.1,0,Herbarium Sheets/4000-1-10100_1.jpg,/Users/jajohnst/Documents/teaching/2025-4-SI-676-NetworkedLAMS/ummaa_project_data_samples/Herbarium Sheets
Herbarium Sheets,4000-1-10594_1.jpg,jpg,58539,57.2,59,0.1,0,Herbarium Sheets/4000-1-10594_1.jpg,/Users/jajohnst/Documents/teaching/2025-4-SI-676-NetworkedLAMS/ummaa_project_data_samples/Herbarium Sheets
Herbarium Sheets,4000-1-11100_1.jpg,jpg,71069,69.4,71,0.1,0,Herbarium Sheets/4000-1-11100_1.jpg,/Users/jajohnst/Documents/teaching/2025-4-SI-676-NetworkedLAMS/ummaa_project_data_samples/Herbarium Sheets
Herbarium Sheets,4000-1-10668_1.jpg,jpg,59946,58.5,60,0.1,0,Herbarium Sheets/4000-1-10668_1.jpg,/Users/jajohnst/Documents/teaching/2025-4-SI-676-NetworkedLAMS/ummaa_project_data_samples/Herbarium Sheets
Herbarium Sheets,4000-1-11058_1.jpg,jpg,67643,66.1,68,0.1,0,Herbarium Sheets/4000-1-11058_1.jpg,/Users/jajohnst/Documents/teaching/2025-4-SI-676-NetworkedLAMS/ummaa_project_data_samples/Herbarium Sheets
Herbarium Sheets,4000-1-6852_1.jpg,jpg,77626,75.8,78,0.1,0,Herbarium Sheets/4000-1-6852_1.jpg,/Users/jajohnst/Documents/teaching/2025-4-SI-676-NetworkedLAMS/ummaa_project_data_samples/Herbarium Sheets
Herbarium Sheets,4000-1-6874_2.jpg,jpg,104458,102,104,0.1,0,Herbarium Sheets/4000-1-6874_2.jpg,/Users/jajohnst/Documents/teaching/2025-4-SI-676-NetworkedLAMS/ummaa_project_data_samples/Herbarium Sheets
Herbarium Sheets,4000-1-10058_1.jpg,jpg,92873,90.7,93,0.1,0,Herbarium Sheets/4000-1-10058_1.jpg,/Users/jajohnst/Documents/teaching/2025-4-SI-676-NetworkedLAMS/ummaa_project_data_samples/Herbarium Sheets
Herbarium Sheets,4000-1-6831_2.jpg,jpg,106321,103.8,106,0.1,0,Herbarium Sheets/4000-1-6831_2.jpg,/Users/jajohnst/Documents/teaching/2025-4-SI-676-NetworkedLAMS/ummaa_project_data_samples/Herbarium Sheets
Herbarium Sheets,4000-1-10609_1.jpg,jpg,76075,74.3,76,0.1,0,Herbarium Sheets/4000-1-10609_1.jpg,/Users/jajohnst/Documents/teaching/2025-4-SI-676-NetworkedLAMS/ummaa_project_data_samples/Herbarium Sheets
Herbarium Sheets,4000-1-7128_1.jpg,jpg,32706,31.9,33,0,0,Herbarium Sheets/4000-1-7128_1.jpg,/Users/jajohnst/Documents/teaching/2025-4-SI-676-NetworkedLAMS/ummaa_project_data_samples/Herbarium Sheets
Herbarium Sheets,4000-1-10081_1.jpg,jpg,94434,92.2,94,0.1,0,Herbarium Sheets/4000-1-10081_1.jpg,/Users/jajohnst/Documents/teaching/2025-4-SI-676-NetworkedLAMS/ummaa_project_data_samples/Herbarium Sheets
Herbarium Sheets,4000-1-10887_1.jpg,jpg,81303,79.4,81,0.1,0,Herbarium Sheets/4000-1-10887_1.jpg,/Users/jajohnst/Documents/teaching/2025-4-SI-676-NetworkedLAMS/ummaa_project_data_samples/Herbarium Sheets
Herbarium Sheets,4000-1-11081_1.jpg,jpg,74597,72.8,75,0.1,0,Herbarium Sheets/4000-1-11081_1.jpg,/Users/jajohnst/Documents/teaching/2025-4-SI-676-NetworkedLAMS/ummaa_project_data_samples/Herbarium Sheets
Herbarium Sheets,4000-1-11039_1.jpg,jpg,99308,97,99,0.1,0,Herbarium Sheets/4000-1-11039_1.jpg,/Users/jajohnst/Documents/teaching/2025-4-SI-676-NetworkedLAMS/ummaa_project_data_samples/Herbarium Sheets
Herbarium Sheets,4000-1-6833_1.jpg,jpg,79511,77.6,80,0.1,0,Herbarium Sheets/4000-1-6833_1.jpg,/Users/jajohnst/Documents/teaching/2025-4-SI-676-NetworkedLAMS/ummaa_project_data_samples/Herbarium Sheets
Herbarium Sheets,4000-1-6876_1.jpg,jpg,84056,82.1,84,0.1,0,Herbarium Sheets/4000-1-6876_1.jpg,/Users/jajohnst/Documents/teaching/2025-4-SI-676-NetworkedLAMS/ummaa_project_data_samples/Herbarium Sheets
Herbarium Sheets,4000-1-10039_1.jpg,jpg,51840,50.6,52,0,0,Herbarium Sheets/4000-1-10039_1.jpg,/Users/jajohnst/Documents/teaching/2025-4-SI-676-NetworkedLAMS/ummaa_project_data_samples/Herbarium Sheets
Herbarium Sheets,4000-1-7070_1.jpg,jpg,65764,64.2,66,0.1,0,Herbarium Sheets/4000-1-7070_1.jpg,/Users/jajohnst/Documents/teaching/2025-4-SI-676-NetworkedLAMS/ummaa_project_data_samples/Herbarium Sheets
Herbarium Sheets,4000-1-6850_2.jpg,jpg,105162,102.7,105,0.1,0,Herbarium Sheets/4000-1-6850_2.jpg,/Users/jajohnst/Documents/teaching/2025-4-SI-676-NetworkedLAMS/ummaa_project_data_samples/Herbarium Sheets
Herbarium Sheets,4000-1-11041_1.jpg,jpg,115314,112.6,115,0.1,0,Herbarium Sheets/4000-1-11041_1.jpg,/Users/jajohnst/Documents/teaching/2025-4-SI-676-NetworkedLAMS/ummaa_project_data_samples/Herbarium Sheets
Herbarium Sheets,4000-1-10861_2.jpg,jpg,93500,91.3,94,0.1,0,Herbarium Sheets/4000-1-10861_2.jpg,/Users/jajohnst/Documents/teaching/2025-4-SI-676-NetworkedLAMS/ummaa_project_data_samples/Herbarium Sheets
Herbarium Sheets,4000-1-11004_1.jpg,jpg,61580,60.1,62,0.1,0,Herbarium Sheets/4000-1-11004_1.jpg,/Users/jajohnst/Documents/teaching/2025-4-SI-676-NetworkedLAMS/ummaa_project_data_samples/Herbarium Sheets
Herbarium Sheets,4000-1-6828_2.jpg,jpg,104042,101.6,104,0.1,0,Herbarium Sheets/4000-1-6828_2.jpg,/Users/jajohnst/Documents/teaching/2025-4-SI-676-NetworkedLAMS/ummaa_project_data_samples/Herbarium Sheets
Herbarium Sheets,4000-1-11022_2.jpg,jpg,90423,88.3,90,0.1,0,Herbarium Sheets/4000-1-11022_2.jpg,/Users/jajohnst/Documents/teaching/2025-4-SI-676-NetworkedLAMS/ummaa_project_data_samples/Herbarium Sheets
Herbarium Sheets,4000-1-10802_1.jpg,jpg,74946,73.2,75,0.1,0,Herbarium Sheets/4000-1-10802_1.jpg,/Users/jajohnst/Documents/teaching/2025-4-SI-676-NetworkedLAMS/ummaa_project_data_samples/Herbarium Sheets
Herbarium Sheets,4000-1-10041_1.jpg,jpg,79770,77.9,80,0.1,0,Herbarium Sheets/4000-1-10041_1.jpg,/Users/jajohnst/Documents/teaching/2025-4-SI-676-NetworkedLAMS/ummaa_project_data_samples/Herbarium Sheets
Herbarium Sheets,4000-1-10847_1.jpg,jpg,75932,74.2,76,0.1,0,Herbarium Sheets/4000-1-10847_1.jpg,/Users/jajohnst/Documents/teaching/2025-4-SI-676-NetworkedLAMS/ummaa_project_data_samples/Herbarium Sheets
Herbarium Sheets,4000-1-10535_1.jpg,jpg,86455,84.4,86,0.1,0,Herbarium Sheets/4000-1-10535_1.jpg,/Users/jajohnst/Documents/teaching/2025-4-SI-676-NetworkedLAMS/ummaa_project_data_samples/Herbarium Sheets
Herbarium Sheets,4000-1-10570_1.jpg,jpg,88286,86.2,88,0.1,0,Herbarium Sheets/4000-1-10570_1.jpg,/Users/jajohnst/Documents/teaching/2025-4-SI-676-NetworkedLAMS/ummaa_project_data_samples/Herbarium Sheets
Herbarium Sheets,4000-1-10634_1.jpg,jpg,77837,76,78,0.1,0,Herbarium Sheets/4000-1-10634_1.jpg,/Users/jajohnst/Documents/teaching/2025-4-SI-676-NetworkedLAMS/ummaa_project_data_samples/Herbarium Sheets
Herbarium Sheets,4000-1-10671_1.jpg,jpg,92675,90.5,93,0.1,0,Herbarium Sheets/4000-1-10671_1.jpg,/Users/jajohnst/Documents/teaching/2025-4-SI-676-NetworkedLAMS/ummaa_project_data_samples/Herbarium Sheets
Herbarium Sheets,4000-1-7115_1.jpg,jpg,25036,24.4,25,0,0,Herbarium Sheets/4000-1-7115_1.jpg,/Users/jajohnst/Documents/teaching/2025-4-SI-676-NetworkedLAMS/ummaa_project_data_samples/Herbarium Sheets
Herbarium Sheets,4000-1-6837_1.jpg,jpg,54726,53.4,55,0.1,0,Herbarium Sheets/4000-1-6837_1.jpg,/Users/jajohnst/Documents/teaching/2025-4-SI-676-NetworkedLAMS/ummaa_project_data_samples/Herbarium Sheets
Herbarium Sheets,4000-1-11078_1.jpg,jpg,76386,74.6,76,0.1,0,Herbarium Sheets/4000-1-11078_1.jpg,/Users/jajohnst/Documents/teaching/2025-4-SI-676-NetworkedLAMS/ummaa_project_data_samples/Herbarium Sheets
Herbarium Sheets,4000-1-6872_1.jpg,jpg,96165,93.9,96,0.1,0,Herbarium Sheets/4000-1-6872_1.jpg,/Users/jajohnst/Documents/teaching/2025-4-SI-676-NetworkedLAMS/ummaa_project_data_samples/Herbarium Sheets
Herbarium Sheets,4000-1-7074_1.jpg,jpg,37620,36.7,38,0,0,Herbarium Sheets/4000-1-7074_1.jpg,/Users/jajohnst/Documents/teaching/2025-4-SI-676-NetworkedLAMS/ummaa_project_data_samples/Herbarium Sheets
Herbarium Sheets,4000-1-6854_2.jpg,jpg,103595,101.2,104,0.1,0,Herbarium Sheets/4000-1-6854_2.jpg,/Users/jajohnst/Documents/teaching/2025-4-SI-676-NetworkedLAMS/ummaa_project_data_samples/Herbarium Sheets
Herbarium Sheets,4000-1-10078_1.jpg,jpg,73736,72,74,0.1,0,Herbarium Sheets/4000-1-10078_1.jpg,/Users/jajohnst/Documents/teaching/2025-4-SI-676-NetworkedLAMS/ummaa_project_data_samples/Herbarium Sheets
Herbarium Sheets,4000-1-10085_1.jpg,jpg,93768,91.6,94,0.1,0,Herbarium Sheets/4000-1-10085_1.jpg,/Users/jajohnst/Documents/teaching/2025-4-SI-676-NetworkedLAMS/ummaa_project_data_samples/Herbarium Sheets
Herbarium Sheets,4000-1-11085_1.jpg,jpg,78418,76.6,78,0.1,0,Herbarium Sheets/4000-1-11085_1.jpg,/Users/jajohnst/Documents/teaching/2025-4-SI-676-NetworkedLAMS/ummaa_project_data_samples/Herbarium Sheets
Herbarium Sheets,4000-1-10549_1.jpg,jpg,74503,72.8,75,0.1,0,Herbarium Sheets/4000-1-10549_1.jpg,/Users/jajohnst/Documents/teaching/2025-4-SI-676-NetworkedLAMS/ummaa_project_data_samples/Herbarium Sheets
Herbarium Sheets,4000-1-10648_1.jpg,jpg,82205,80.3,82,0.1,0,Herbarium Sheets/4000-1-10648_1.jpg,/Users/jajohnst/Documents/teaching/2025-4-SI-676-NetworkedLAMS/ummaa_project_data_samples/Herbarium Sheets
Herbarium Sheets,4000-1-10592_2.jpg,jpg,81865,79.9,82,0.1,0,Herbarium Sheets/4000-1-10592_2.jpg,/Users/jajohnst/Documents/teaching/2025-4-SI-676-NetworkedLAMS/ummaa_project_data_samples/Herbarium Sheets
Herbarium Sheets,4000-1-10630_1.jpg,jpg,81247,79.3,81,0.1,0,Herbarium Sheets/4000-1-10630_1.jpg,/Users/jajohnst/Documents/teaching/2025-4-SI-676-NetworkedLAMS/ummaa_project_data_samples/Herbarium Sheets
Herbarium Sheets,4000-1-10675_1.jpg,jpg,73012,71.3,73,0.1,0,Herbarium Sheets/4000-1-10675_1.jpg,/Users/jajohnst/Documents/teaching/2025-4-SI-676-NetworkedLAMS/ummaa_project_data_samples/Herbarium Sheets
Herbarium Sheets,4000-1-7111_1.jpg,jpg,56758,55.4,57,0.1,0,Herbarium Sheets/4000-1-7111_1.jpg,/Users/jajohnst/Documents/teaching/2025-4-SI-676-NetworkedLAMS/ummaa_project_data_samples/Herbarium Sheets
Herbarium Sheets,4000-1-10589_1.jpg,jpg,92385,90.2,92,0.1,0,Herbarium Sheets/4000-1-10589_1.jpg,/Users/jajohnst/Documents/teaching/2025-4-SI-676-NetworkedLAMS/ummaa_project_data_samples/Herbarium Sheets
Herbarium Sheets,4000-1-10531_1.jpg,jpg,99524,97.2,100,0.1,0,Herbarium Sheets/4000-1-10531_1.jpg,/Users/jajohnst/Documents/teaching/2025-4-SI-676-NetworkedLAMS/ummaa_project_data_samples/Herbarium Sheets
Herbarium Sheets,4000-1-10574_1.jpg,jpg,83482,81.5,83,0.1,0,Herbarium Sheets/4000-1-10574_1.jpg,/Users/jajohnst/Documents/teaching/2025-4-SI-676-NetworkedLAMS/ummaa_project_data_samples/Herbarium Sheets
Herbarium Sheets,4000-1-10688_1.jpg,jpg,89301,87.2,89,0.1,0,Herbarium Sheets/4000-1-10688_1.jpg,/Users/jajohnst/Documents/teaching/2025-4-SI-676-NetworkedLAMS/ummaa_project_data_samples/Herbarium Sheets
Herbarium Sheets,4000-1-11045_1.jpg,jpg,97826,95.5,98,0.1,0,Herbarium Sheets/4000-1-11045_1.jpg,/Users/jajohnst/Documents/teaching/2025-4-SI-676-NetworkedLAMS/ummaa_project_data_samples/Herbarium Sheets
Herbarium Sheets,4000-1-10806_1.jpg,jpg,62163,60.7,62,0.1,0,Herbarium Sheets/4000-1-10806_1.jpg,/Users/jajohnst/Documents/teaching/2025-4-SI-676-NetworkedLAMS/ummaa_project_data_samples/Herbarium Sheets
Herbarium Sheets,4000-1-10045_1.jpg,jpg,64883,63.4,65,0.1,0,Herbarium Sheets/4000-1-10045_1.jpg,/Users/jajohnst/Documents/teaching/2025-4-SI-676-NetworkedLAMS/ummaa_project_data_samples/Herbarium Sheets
Herbarium Sheets,4000-1-6869_2.jpg,jpg,100734,98.4,101,0.1,0,Herbarium Sheets/4000-1-6869_2.jpg,/Users/jajohnst/Documents/teaching/2025-4-SI-676-NetworkedLAMS/ummaa_project_data_samples/Herbarium Sheets
Herbarium Sheets,4000-1-10843_1.jpg,jpg,82256,80.3,82,0.1,0,Herbarium Sheets/4000-1-10843_1.jpg,/Users/jajohnst/Documents/teaching/2025-4-SI-676-NetworkedLAMS/ummaa_project_data_samples/Herbarium Sheets
Herbarium Sheets,4000-1-10515_1.jpg,jpg,70293,68.6,70,0.1,0,Herbarium Sheets/4000-1-10515_1.jpg,/Users/jajohnst/Documents/teaching/2025-4-SI-676-NetworkedLAMS/ummaa_project_data_samples/Herbarium Sheets
Herbarium Sheets,4000-1-10550_1.jpg,jpg,83277,81.3,83,0.1,0,Herbarium Sheets/4000-1-10550_1.jpg,/Users/jajohnst/Documents/teaching/2025-4-SI-676-NetworkedLAMS/ummaa_project_data_samples/Herbarium Sheets
Herbarium Sheets,4000-1-7135_1.jpg,jpg,27747,27.1,28,0,0,Herbarium Sheets/4000-1-7135_1.jpg,/Users/jajohnst/Documents/teaching/2025-4-SI-676-NetworkedLAMS/ummaa_project_data_samples/Herbarium Sheets
Herbarium Sheets,4000-1-10614_1.jpg,jpg,98481,96.2,98,0.1,0,Herbarium Sheets/4000-1-10614_1.jpg,/Users/jajohnst/Documents/teaching/2025-4-SI-676-NetworkedLAMS/ummaa_project_data_samples/Herbarium Sheets
Herbarium Sheets,4000-1-10651_1.jpg,jpg,72167,70.5,72,0.1,0,Herbarium Sheets/4000-1-10651_1.jpg,/Users/jajohnst/Documents/teaching/2025-4-SI-676-NetworkedLAMS/ummaa_project_data_samples/Herbarium Sheets
Herbarium Sheets,4000-1-11061_1.jpg,jpg,69233,67.6,69,0.1,0,Herbarium Sheets/4000-1-11061_1.jpg,/Users/jajohnst/Documents/teaching/2025-4-SI-676-NetworkedLAMS/ummaa_project_data_samples/Herbarium Sheets
Herbarium Sheets,4000-1-11024_1.jpg,jpg,59633,58.2,60,0.1,0,Herbarium Sheets/4000-1-11024_1.jpg,/Users/jajohnst/Documents/teaching/2025-4-SI-676-NetworkedLAMS/ummaa_project_data_samples/Herbarium Sheets
Herbarium Sheets,4000-1-11002_2.jpg,jpg,98377,96.1,98,0.1,0,Herbarium Sheets/4000-1-11002_2.jpg,/Users/jajohnst/Documents/teaching/2025-4-SI-676-NetworkedLAMS/ummaa_project_data_samples/Herbarium Sheets
Herbarium Sheets,4000-1-10822_1.jpg,jpg,80081,78.2,80,0.1,0,Herbarium Sheets/4000-1-10822_1.jpg,/Users/jajohnst/Documents/teaching/2025-4-SI-676-NetworkedLAMS/ummaa_project_data_samples/Herbarium Sheets
Herbarium Sheets,4000-1-10061_1.jpg,jpg,73566,71.8,74,0.1,0,Herbarium Sheets/4000-1-10061_1.jpg,/Users/jajohnst/Documents/teaching/2025-4-SI-676-NetworkedLAMS/ummaa_project_data_samples/Herbarium Sheets
Herbarium Sheets,4000-1-10867_1.jpg,jpg,68639,67,69,0.1,0,Herbarium Sheets/4000-1-10867_1.jpg,/Users/jajohnst/Documents/teaching/2025-4-SI-676-NetworkedLAMS/ummaa_project_data_samples/Herbarium Sheets
Herbarium Sheets,4000-1-7090_1.jpg,jpg,53502,52.2,54,0.1,0,Herbarium Sheets/4000-1-7090_1.jpg,/Users/jajohnst/Documents/teaching/2025-4-SI-676-NetworkedLAMS/ummaa_project_data_samples/Herbarium Sheets
Herbarium Sheets,4000-1-11019_1.jpg,jpg,82739,80.8,83,0.1,0,Herbarium Sheets/4000-1-11019_1.jpg,/Users/jajohnst/Documents/teaching/2025-4-SI-676-NetworkedLAMS/ummaa_project_data_samples/Herbarium Sheets
Herbarium Sheets,4000-1-6856_1.jpg,jpg,98960,96.6,99,0.1,0,Herbarium Sheets/4000-1-6856_1.jpg,/Users/jajohnst/Documents/teaching/2025-4-SI-676-NetworkedLAMS/ummaa_project_data_samples/Herbarium Sheets
Herbarium Sheets,4000-1-6870_2.jpg,jpg,62587,61.1,63,0.1,0,Herbarium Sheets/4000-1-6870_2.jpg,/Users/jajohnst/Documents/teaching/2025-4-SI-676-NetworkedLAMS/ummaa_project_data_samples/Herbarium Sheets
Herbarium Sheets,4000-1-6835_2.jpg,jpg,103875,101.4,104,0.1,0,Herbarium Sheets/4000-1-6835_2.jpg,/Users/jajohnst/Documents/teaching/2025-4-SI-676-NetworkedLAMS/ummaa_project_data_samples/Herbarium Sheets
Herbarium Sheets,4000-1-10590_1.jpg,jpg,63443,62,63,0.1,0,Herbarium Sheets/4000-1-10590_1.jpg,/Users/jajohnst/Documents/teaching/2025-4-SI-676-NetworkedLAMS/ummaa_project_data_samples/Herbarium Sheets
Herbarium Sheets,4000-1-7108_1.jpg,jpg,39227,38.3,39,0,0,Herbarium Sheets/4000-1-7108_1.jpg,/Users/jajohnst/Documents/teaching/2025-4-SI-676-NetworkedLAMS/ummaa_project_data_samples/Herbarium Sheets
Herbarium Sheets,4000-1-10629_1.jpg,jpg,88238,86.2,88,0.1,0,Herbarium Sheets/4000-1-10629_1.jpg,/Users/jajohnst/Documents/teaching/2025-4-SI-676-NetworkedLAMS/ummaa_project_data_samples/Herbarium Sheets
Herbarium Sheets,4000-1-10691_1.jpg,jpg,74696,72.9,75,0.1,0,Herbarium Sheets/4000-1-10691_1.jpg,/Users/jajohnst/Documents/teaching/2025-4-SI-676-NetworkedLAMS/ummaa_project_data_samples/Herbarium Sheets
Herbarium Sheets,4000-1-10528_1.jpg,jpg,82655,80.7,83,0.1,0,Herbarium Sheets/4000-1-10528_1.jpg,/Users/jajohnst/Documents/teaching/2025-4-SI-676-NetworkedLAMS/ummaa_project_data_samples/Herbarium Sheets
Herbarium Sheets,4000-1-6854_1.jpg,jpg,61004,59.6,61,0.1,0,Herbarium Sheets/4000-1-6854_1.jpg,/Users/jajohnst/Documents/teaching/2025-4-SI-676-NetworkedLAMS/ummaa_project_data_samples/Herbarium Sheets
Herbarium Sheets,4000-1-10858_1.jpg,jpg,59375,58,59,0.1,0,Herbarium Sheets/4000-1-10858_1.jpg,/Users/jajohnst/Documents/teaching/2025-4-SI-676-NetworkedLAMS/ummaa_project_data_samples/Herbarium Sheets
Herbarium Sheets,4000-1-6872_2.jpg,jpg,104919,102.5,105,0.1,0,Herbarium Sheets/4000-1-6872_2.jpg,/Users/jajohnst/Documents/teaching/2025-4-SI-676-NetworkedLAMS/ummaa_project_data_samples/Herbarium Sheets
Herbarium Sheets,4000-1-6837_2.jpg,jpg,104660,102.2,105,0.1,0,Herbarium Sheets/4000-1-6837_2.jpg,/Users/jajohnst/Documents/teaching/2025-4-SI-676-NetworkedLAMS/ummaa_project_data_samples/Herbarium Sheets
Herbarium Sheets,4000-1-10693_1.jpg,jpg,82671,80.7,83,0.1,0,Herbarium Sheets/4000-1-10693_1.jpg,/Users/jajohnst/Documents/teaching/2025-4-SI-676-NetworkedLAMS/ummaa_project_data_samples/Herbarium Sheets
Herbarium Sheets,4000-1-10592_1.jpg,jpg,73730,72,74,0.1,0,Herbarium Sheets/4000-1-10592_1.jpg,/Users/jajohnst/Documents/teaching/2025-4-SI-676-NetworkedLAMS/ummaa_project_data_samples/Herbarium Sheets
Herbarium Sheets,4000-1-10900_1.jpg,jpg,78107,76.3,78,0.1,0,Herbarium Sheets/4000-1-10900_1.jpg,/Users/jajohnst/Documents/teaching/2025-4-SI-676-NetworkedLAMS/ummaa_project_data_samples/Herbarium Sheets
Herbarium Sheets,4000-1-10616_1.jpg,jpg,72550,70.8,73,0.1,0,Herbarium Sheets/4000-1-10616_1.jpg,/Users/jajohnst/Documents/teaching/2025-4-SI-676-NetworkedLAMS/ummaa_project_data_samples/Herbarium Sheets
Herbarium Sheets,4000-1-10653_1.jpg,jpg,72716,71,73,0.1,0,Herbarium Sheets/4000-1-10653_1.jpg,/Users/jajohnst/Documents/teaching/2025-4-SI-676-NetworkedLAMS/ummaa_project_data_samples/Herbarium Sheets
Herbarium Sheets,4000-1-7137_1.jpg,jpg,50997,49.8,51,0,0,Herbarium Sheets/4000-1-7137_1.jpg,/Users/jajohnst/Documents/teaching/2025-4-SI-676-NetworkedLAMS/ummaa_project_data_samples/Herbarium Sheets
Herbarium Sheets,4000-1-10517_1.jpg,jpg,88379,86.3,88,0.1,0,Herbarium Sheets/4000-1-10517_1.jpg,/Users/jajohnst/Documents/teaching/2025-4-SI-676-NetworkedLAMS/ummaa_project_data_samples/Herbarium Sheets
Herbarium Sheets,4000-1-10552_1.jpg,jpg,89624,87.5,90,0.1,0,Herbarium Sheets/4000-1-10552_1.jpg,/Users/jajohnst/Documents/teaching/2025-4-SI-676-NetworkedLAMS/ummaa_project_data_samples/Herbarium Sheets
Herbarium Sheets,4000-1-10898_1.jpg,jpg,81976,80.1,82,0.1,0,Herbarium Sheets/4000-1-10898_1.jpg,/Users/jajohnst/Documents/teaching/2025-4-SI-676-NetworkedLAMS/ummaa_project_data_samples/Herbarium Sheets
Herbarium Sheets,4000-1-7092_1.jpg,jpg,54352,53.1,54,0.1,0,Herbarium Sheets/4000-1-7092_1.jpg,/Users/jajohnst/Documents/teaching/2025-4-SI-676-NetworkedLAMS/ummaa_project_data_samples/Herbarium Sheets
Herbarium Sheets,4000-1-6869_1.jpg,jpg,66097,64.5,66,0.1,0,Herbarium Sheets/4000-1-6869_1.jpg,/Users/jajohnst/Documents/teaching/2025-4-SI-676-NetworkedLAMS/ummaa_project_data_samples/Herbarium Sheets
Herbarium Sheets,4000-1-11063_1.jpg,jpg,78598,76.8,79,0.1,0,Herbarium Sheets/4000-1-11063_1.jpg,/Users/jajohnst/Documents/teaching/2025-4-SI-676-NetworkedLAMS/ummaa_project_data_samples/Herbarium Sheets
Herbarium Sheets,4000-1-11026_1.jpg,jpg,74543,72.8,75,0.1,0,Herbarium Sheets/4000-1-11026_1.jpg,/Users/jajohnst/Documents/teaching/2025-4-SI-676-NetworkedLAMS/ummaa_project_data_samples/Herbarium Sheets
Herbarium Sheets,4000-1-10820_1.jpg,jpg,54583,53.3,55,0.1,0,Herbarium Sheets/4000-1-10820_1.jpg,/Users/jajohnst/Documents/teaching/2025-4-SI-676-NetworkedLAMS/ummaa_project_data_samples/Herbarium Sheets
Herbarium Sheets,4000-1-10063_1.jpg,jpg,73913,72.2,74,0.1,0,Herbarium Sheets/4000-1-10063_1.jpg,/Users/jajohnst/Documents/teaching/2025-4-SI-676-NetworkedLAMS/ummaa_project_data_samples/Herbarium Sheets
Herbarium Sheets,4000-1-10865_1.jpg,jpg,64315,62.8,64,0.1,0,Herbarium Sheets/4000-1-10865_1.jpg,/Users/jajohnst/Documents/teaching/2025-4-SI-676-NetworkedLAMS/ummaa_project_data_samples/Herbarium Sheets
Herbarium Sheets,4000-1-10533_1.jpg,jpg,89622,87.5,90,0.1,0,Herbarium Sheets/4000-1-10533_1.jpg,/Users/jajohnst/Documents/teaching/2025-4-SI-676-NetworkedLAMS/ummaa_project_data_samples/Herbarium Sheets
Herbarium Sheets,4000-1-10576_1.jpg,jpg,38078,37.2,38,0,0,Herbarium Sheets/4000-1-10576_1.jpg,/Users/jajohnst/Documents/teaching/2025-4-SI-676-NetworkedLAMS/ummaa_project_data_samples/Herbarium Sheets
Herbarium Sheets,4000-1-7113_1.jpg,jpg,49897,48.7,50,0,0,Herbarium Sheets/4000-1-7113_1.jpg,/Users/jajohnst/Documents/teaching/2025-4-SI-676-NetworkedLAMS/ummaa_project_data_samples/Herbarium Sheets
Herbarium Sheets,4000-1-7135_2.jpg,jpg,37784,36.9,38,0,0,Herbarium Sheets/4000-1-7135_2.jpg,/Users/jajohnst/Documents/teaching/2025-4-SI-676-NetworkedLAMS/ummaa_project_data_samples/Herbarium Sheets
Herbarium Sheets,4000-1-10632_1.jpg,jpg,85240,83.2,85,0.1,0,Herbarium Sheets/4000-1-10632_1.jpg,/Users/jajohnst/Documents/teaching/2025-4-SI-676-NetworkedLAMS/ummaa_project_data_samples/Herbarium Sheets
Herbarium Sheets,4000-1-10677_1.jpg,jpg,73289,71.6,73,0.1,0,Herbarium Sheets/4000-1-10677_1.jpg,/Users/jajohnst/Documents/teaching/2025-4-SI-676-NetworkedLAMS/ummaa_project_data_samples/Herbarium Sheets
Herbarium Sheets,4000-1-11047_1.jpg,jpg,79423,77.6,79,0.1,0,Herbarium Sheets/4000-1-11047_1.jpg,/Users/jajohnst/Documents/teaching/2025-4-SI-676-NetworkedLAMS/ummaa_project_data_samples/Herbarium Sheets
Herbarium Sheets,4000-1-11002_1.jpg,jpg,92891,90.7,93,0.1,0,Herbarium Sheets/4000-1-11002_1.jpg,/Users/jajohnst/Documents/teaching/2025-4-SI-676-NetworkedLAMS/ummaa_project_data_samples/Herbarium Sheets
Herbarium Sheets,4000-1-10804_1.jpg,jpg,67659,66.1,68,0.1,0,Herbarium Sheets/4000-1-10804_1.jpg,/Users/jajohnst/Documents/teaching/2025-4-SI-676-NetworkedLAMS/ummaa_project_data_samples/Herbarium Sheets
Herbarium Sheets,4000-1-10047_1.jpg,jpg,90142,88,90,0.1,0,Herbarium Sheets/4000-1-10047_1.jpg,/Users/jajohnst/Documents/teaching/2025-4-SI-676-NetworkedLAMS/ummaa_project_data_samples/Herbarium Sheets
Herbarium Sheets,4000-1-10841_1.jpg,jpg,77944,76.1,78,0.1,0,Herbarium Sheets/4000-1-10841_1.jpg,/Users/jajohnst/Documents/teaching/2025-4-SI-676-NetworkedLAMS/ummaa_project_data_samples/Herbarium Sheets
Herbarium Sheets,4000-1-10087_1.jpg,jpg,96190,93.9,96,0.1,0,Herbarium Sheets/4000-1-10087_1.jpg,/Users/jajohnst/Documents/teaching/2025-4-SI-676-NetworkedLAMS/ummaa_project_data_samples/Herbarium Sheets
Herbarium Sheets,4000-1-11087_1.jpg,jpg,69479,67.9,69,0.1,0,Herbarium Sheets/4000-1-11087_1.jpg,/Users/jajohnst/Documents/teaching/2025-4-SI-676-NetworkedLAMS/ummaa_project_data_samples/Herbarium Sheets
Herbarium Sheets,4000-1-6835_1.jpg,jpg,65937,64.4,66,0.1,0,Herbarium Sheets/4000-1-6835_1.jpg,/Users/jajohnst/Documents/teaching/2025-4-SI-676-NetworkedLAMS/ummaa_project_data_samples/Herbarium Sheets
Herbarium Sheets,4000-1-6870_1.jpg,jpg,78540,76.7,79,0.1,0,Herbarium Sheets/4000-1-6870_1.jpg,/Users/jajohnst/Documents/teaching/2025-4-SI-676-NetworkedLAMS/ummaa_project_data_samples/Herbarium Sheets
Herbarium Sheets,4000-1-7076_1.jpg,jpg,58318,57,58,0.1,0,Herbarium Sheets/4000-1-7076_1.jpg,/Users/jajohnst/Documents/teaching/2025-4-SI-676-NetworkedLAMS/ummaa_project_data_samples/Herbarium Sheets
Herbarium Sheets,4000-1-6856_2.jpg,jpg,101695,99.3,102,0.1,0,Herbarium Sheets/4000-1-6856_2.jpg,/Users/jajohnst/Documents/teaching/2025-4-SI-676-NetworkedLAMS/ummaa_project_data_samples/Herbarium Sheets
Herbarium Sheets,4000-1-10839_1.jpg,jpg,96635,94.4,97,0.1,0,Herbarium Sheets/4000-1-10839_1.jpg,/Users/jajohnst/Documents/teaching/2025-4-SI-676-NetworkedLAMS/ummaa_project_data_samples/Herbarium Sheets
Herbarium Sheets,4000-1-10590_2.jpg,jpg,84901,82.9,85,0.1,0,Herbarium Sheets/4000-1-10590_2.jpg,/Users/jajohnst/Documents/teaching/2025-4-SI-676-NetworkedLAMS/ummaa_project_data_samples/Herbarium Sheets
Herbarium Sheets,4000-1-10691_2.jpg,jpg,75973,74.2,76,0.1,0,Herbarium Sheets/4000-1-10691_2.jpg,/Users/jajohnst/Documents/teaching/2025-4-SI-676-NetworkedLAMS/ummaa_project_data_samples/Herbarium Sheets
Herbarium Sheets,4000-1-10528_2.jpg,jpg,107835,105.3,108,0.1,0,Herbarium Sheets/4000-1-10528_2.jpg,/Users/jajohnst/Documents/teaching/2025-4-SI-676-NetworkedLAMS/ummaa_project_data_samples/Herbarium Sheets
Containers,92297_5.jpg,jpg,4517948,4412.1,4518,4.3,5,Containers/92297_5.jpg,/Users/jajohnst/Documents/teaching/2025-4-SI-676-NetworkedLAMS/ummaa_project_data_samples/Containers
Containers,1989-74-42_7.jpg,jpg,3591941,3507.8,3592,3.4,4,Containers/1989-74-42_7.jpg,/Users/jajohnst/Documents/teaching/2025-4-SI-676-NetworkedLAMS/ummaa_project_data_samples/Containers
Containers,17585_1.jpg,jpg,4918008,4802.7,4918,4.7,5,Containers/17585_1.jpg,/Users/jajohnst/Documents/teaching/2025-4-SI-676-NetworkedLAMS/ummaa_project_data_samples/Containers
Containers,17607_7.jpg,jpg,4181354,4083.4,4181,4,4,Containers/17607_7.jpg,/Users/jajohnst/Documents/teaching/2025-4-SI-676-NetworkedLAMS/ummaa_project_data_samples/Containers
Containers,1989-74-79_1.jpg,jpg,4305781,4204.9,4306,4.1,4,Containers/1989-74-79_1.jpg,/Users/jajohnst/Documents/teaching/2025-4-SI-676-NetworkedLAMS/ummaa_project_data_samples/Containers
Containers,17598_4.jpg,jpg,5103020,4983.4,5103,4.9,5,Containers/17598_4.jpg,/Users/jajohnst/Documents/teaching/2025-4-SI-676-NetworkedLAMS/ummaa_project_data_samples/Containers
Containers,37326_4.jpg,jpg,2631242,2569.6,2631,2.5,3,Containers/37326_4.jpg,/Users/jajohnst/Documents/teaching/2025-4-SI-676-NetworkedLAMS/ummaa_project_data_samples/Containers
Containers,8405_5.jpg,jpg,2897931,2830,2898,2.8,3,Containers/8405_5.jpg,/Users/jajohnst/Documents/teaching/2025-4-SI-676-NetworkedLAMS/ummaa_project_data_samples/Containers
Containers,1989-74-23_6.jpg,jpg,4547477,4440.9,4547,4.3,5,Containers/1989-74-23_6.jpg,/Users/jajohnst/Documents/teaching/2025-4-SI-676-NetworkedLAMS/ummaa_project_data_samples/Containers
Containers,8551_8.jpg,jpg,3966323,3873.4,3966,3.8,4,Containers/8551_8.jpg,/Users/jajohnst/Documents/teaching/2025-4-SI-676-NetworkedLAMS/ummaa_project_data_samples/Containers
Containers,17587_3.jpg,jpg,2160690,2110,2161,2.1,2,Containers/17587_3.jpg,/Users/jajohnst/Documents/teaching/2025-4-SI-676-NetworkedLAMS/ummaa_project_data_samples/Containers
Containers,17594_9.jpg,jpg,2967171,2897.6,2967,2.8,3,Containers/17594_9.jpg,/Users/jajohnst/Documents/teaching/2025-4-SI-676-NetworkedLAMS/ummaa_project_data_samples/Containers
Containers,8057_3.jpg,jpg,4295444,4194.8,4295,4.1,4,Containers/8057_3.jpg,/Users/jajohnst/Documents/teaching/2025-4-SI-676-NetworkedLAMS/ummaa_project_data_samples/Containers
Containers,8281_8.jpg,jpg,3257937,3181.6,3258,3.1,3,Containers/8281_8.jpg,/Users/jajohnst/Documents/teaching/2025-4-SI-676-NetworkedLAMS/ummaa_project_data_samples/Containers
Containers,92122_8.jpg,jpg,3444877,3364.1,3445,3.3,3,Containers/92122_8.jpg,/Users/jajohnst/Documents/teaching/2025-4-SI-676-NetworkedLAMS/ummaa_project_data_samples/Containers
Containers,8409-b_6.jpg,jpg,2859671,2792.6,2860,2.7,3,Containers/8409-b_6.jpg,/Users/jajohnst/Documents/teaching/2025-4-SI-676-NetworkedLAMS/ummaa_project_data_samples/Containers
Containers,8272_7.jpg,jpg,2781203,2716,2781,2.7,3,Containers/8272_7.jpg,/Users/jajohnst/Documents/teaching/2025-4-SI-676-NetworkedLAMS/ummaa_project_data_samples/Containers
Containers,8403_3.jpg,jpg,3910308,3818.7,3910,3.7,4,Containers/8403_3.jpg,/Users/jajohnst/Documents/teaching/2025-4-SI-676-NetworkedLAMS/ummaa_project_data_samples/Containers
Containers,8289_1.jpg,jpg,3950319,3857.7,3950,3.8,4,Containers/8289_1.jpg,/Users/jajohnst/Documents/teaching/2025-4-SI-676-NetworkedLAMS/ummaa_project_data_samples/Containers
Containers,1989-74-46_3.jpg,jpg,2361221,2305.9,2361,2.3,2,Containers/1989-74-46_3.jpg,/Users/jajohnst/Documents/teaching/2025-4-SI-676-NetworkedLAMS/ummaa_project_data_samples/Containers
Containers,8480_5.jpg,jpg,3285945,3208.9,3286,3.1,3,Containers/8480_5.jpg,/Users/jajohnst/Documents/teaching/2025-4-SI-676-NetworkedLAMS/ummaa_project_data_samples/Containers
Containers,17610_9.jpg,jpg,2197169,2145.7,2197,2.1,2,Containers/17610_9.jpg,/Users/jajohnst/Documents/teaching/2025-4-SI-676-NetworkedLAMS/ummaa_project_data_samples/Containers
Containers,8527-a_3.jpg,jpg,4562873,4455.9,4563,4.4,5,Containers/8527-a_3.jpg,/Users/jajohnst/Documents/teaching/2025-4-SI-676-NetworkedLAMS/ummaa_project_data_samples/Containers
Containers,17570_8.jpg,jpg,3666218,3580.3,3666,3.5,4,Containers/17570_8.jpg,/Users/jajohnst/Documents/teaching/2025-4-SI-676-NetworkedLAMS/ummaa_project_data_samples/Containers
Containers,8075_4.jpg,jpg,4396948,4293.9,4397,4.2,4,Containers/8075_4.jpg,/Users/jajohnst/Documents/teaching/2025-4-SI-676-NetworkedLAMS/ummaa_project_data_samples/Containers
Containers,92303_8.jpg,jpg,2811411,2745.5,2811,2.7,3,Containers/92303_8.jpg,/Users/jajohnst/Documents/teaching/2025-4-SI-676-NetworkedLAMS/ummaa_project_data_samples/Containers
Containers,17583_7.jpg,jpg,3438047,3357.5,3438,3.3,3,Containers/17583_7.jpg,/Users/jajohnst/Documents/teaching/2025-4-SI-676-NetworkedLAMS/ummaa_project_data_samples/Containers
Containers,17601_1.jpg,jpg,4219945,4121,4220,4,4,Containers/17601_1.jpg,/Users/jajohnst/Documents/teaching/2025-4-SI-676-NetworkedLAMS/ummaa_project_data_samples/Containers
Containers,23835_1.jpg,jpg,4792470,4680.1,4792,4.6,5,Containers/23835_1.jpg,/Users/jajohnst/Documents/teaching/2025-4-SI-676-NetworkedLAMS/ummaa_project_data_samples/Containers
Containers,8068_1.jpg,jpg,2497433,2438.9,2497,2.4,2,Containers/8068_1.jpg,/Users/jajohnst/Documents/teaching/2025-4-SI-676-NetworkedLAMS/ummaa_project_data_samples/Containers
Containers,8527-c_1.jpg,jpg,3525870,3443.2,3526,3.4,4,Containers/8527-c_1.jpg,/Users/jajohnst/Documents/teaching/2025-4-SI-676-NetworkedLAMS/ummaa_project_data_samples/Containers
Containers,17583_6.jpg,jpg,3331681,3253.6,3332,3.2,3,Containers/17583_6.jpg,/Users/jajohnst/Documents/teaching/2025-4-SI-676-NetworkedLAMS/ummaa_project_data_samples/Containers
Containers,8418_2_8.jpg,jpg,3771480,3683.1,3771,3.6,4,Containers/8418_2_8.jpg,/Users/jajohnst/Documents/teaching/2025-4-SI-676-NetworkedLAMS/ummaa_project_data_samples/Containers
Containers,92303_9.jpg,jpg,2250253,2197.5,2250,2.1,2,Containers/92303_9.jpg,/Users/jajohnst/Documents/teaching/2025-4-SI-676-NetworkedLAMS/ummaa_project_data_samples/Containers
Containers,8075_5.jpg,jpg,4334060,4232.5,4334,4.1,4,Containers/8075_5.jpg,/Users/jajohnst/Documents/teaching/2025-4-SI-676-NetworkedLAMS/ummaa_project_data_samples/Containers
Containers,17570_9.jpg,jpg,3640142,3554.8,3640,3.5,4,Containers/17570_9.jpg,/Users/jajohnst/Documents/teaching/2025-4-SI-676-NetworkedLAMS/ummaa_project_data_samples/Containers
Containers,8527-a_2.jpg,jpg,4630636,4522.1,4631,4.4,5,Containers/8527-a_2.jpg,/Users/jajohnst/Documents/teaching/2025-4-SI-676-NetworkedLAMS/ummaa_project_data_samples/Containers
Containers,17610_8.jpg,jpg,2625203,2563.7,2625,2.5,3,Containers/17610_8.jpg,/Users/jajohnst/Documents/teaching/2025-4-SI-676-NetworkedLAMS/ummaa_project_data_samples/Containers
Containers,8480_4.jpg,jpg,3494170,3412.3,3494,3.3,3,Containers/8480_4.jpg,/Users/jajohnst/Documents/teaching/2025-4-SI-676-NetworkedLAMS/ummaa_project_data_samples/Containers
Containers,1989-74-46_2.jpg,jpg,2385412,2329.5,2385,2.3,2,Containers/1989-74-46_2.jpg,/Users/jajohnst/Documents/teaching/2025-4-SI-676-NetworkedLAMS/ummaa_project_data_samples/Containers
Containers,8403_2.jpg,jpg,4305262,4204.4,4305,4.1,4,Containers/8403_2.jpg,/Users/jajohnst/Documents/teaching/2025-4-SI-676-NetworkedLAMS/ummaa_project_data_samples/Containers
Containers,1989-74-25_1.jpg,jpg,4649968,4541,4650,4.4,5,Containers/1989-74-25_1.jpg,/Users/jajohnst/Documents/teaching/2025-4-SI-676-NetworkedLAMS/ummaa_project_data_samples/Containers
Containers,8272_6.jpg,jpg,1981254,1934.8,1981,1.9,2,Containers/8272_6.jpg,/Users/jajohnst/Documents/teaching/2025-4-SI-676-NetworkedLAMS/ummaa_project_data_samples/Containers
Containers,8409-b_7.jpg,jpg,3384128,3304.8,3384,3.2,3,Containers/8409-b_7.jpg,/Users/jajohnst/Documents/teaching/2025-4-SI-676-NetworkedLAMS/ummaa_project_data_samples/Containers
Containers,8281_9.jpg,jpg,3223329,3147.8,3223,3.1,3,Containers/8281_9.jpg,/Users/jajohnst/Documents/teaching/2025-4-SI-676-NetworkedLAMS/ummaa_project_data_samples/Containers
Containers,8057_2.jpg,jpg,3138946,3065.4,3139,3,3,Containers/8057_2.jpg,/Users/jajohnst/Documents/teaching/2025-4-SI-676-NetworkedLAMS/ummaa_project_data_samples/Containers
Containers,17594_8.jpg,jpg,2858904,2791.9,2859,2.7,3,Containers/17594_8.jpg,/Users/jajohnst/Documents/teaching/2025-4-SI-676-NetworkedLAMS/ummaa_project_data_samples/Containers
Containers,17587_2.jpg,jpg,2887312,2819.6,2887,2.8,3,Containers/17587_2.jpg,/Users/jajohnst/Documents/teaching/2025-4-SI-676-NetworkedLAMS/ummaa_project_data_samples/Containers
Containers,8405_4.jpg,jpg,2963397,2893.9,2963,2.8,3,Containers/8405_4.jpg,/Users/jajohnst/Documents/teaching/2025-4-SI-676-NetworkedLAMS/ummaa_project_data_samples/Containers
Containers,1989-74-23_7.jpg,jpg,5795789,5660,5796,5.5,6,Containers/1989-74-23_7.jpg,/Users/jajohnst/Documents/teaching/2025-4-SI-676-NetworkedLAMS/ummaa_project_data_samples/Containers
Containers,8129_1.jpg,jpg,3366157,3287.3,3366,3.2,3,Containers/8129_1.jpg,/Users/jajohnst/Documents/teaching/2025-4-SI-676-NetworkedLAMS/ummaa_project_data_samples/Containers
Containers,37326_5.jpg,jpg,3480319,3398.7,3480,3.3,3,Containers/37326_5.jpg,/Users/jajohnst/Documents/teaching/2025-4-SI-676-NetworkedLAMS/ummaa_project_data_samples/Containers
Containers,17598_5.jpg,jpg,5069933,4951.1,5070,4.8,5,Containers/17598_5.jpg,/Users/jajohnst/Documents/teaching/2025-4-SI-676-NetworkedLAMS/ummaa_project_data_samples/Containers
Containers,17607_6.jpg,jpg,4697269,4587.2,4697,4.5,5,Containers/17607_6.jpg,/Users/jajohnst/Documents/teaching/2025-4-SI-676-NetworkedLAMS/ummaa_project_data_samples/Containers
Containers,1989-74-42_6.jpg,jpg,4109340,4013,4109,3.9,4,Containers/1989-74-42_6.jpg,/Users/jajohnst/Documents/teaching/2025-4-SI-676-NetworkedLAMS/ummaa_project_data_samples/Containers
Containers,92297_4.jpg,jpg,4556384,4449.6,4556,4.3,5,Containers/92297_4.jpg,/Users/jajohnst/Documents/teaching/2025-4-SI-676-NetworkedLAMS/ummaa_project_data_samples/Containers
Containers,92297_6.jpg,jpg,4231759,4132.6,4232,4,4,Containers/92297_6.jpg,/Users/jajohnst/Documents/teaching/2025-4-SI-676-NetworkedLAMS/ummaa_project_data_samples/Containers
Containers,1989-74-42_4.jpg,jpg,3122607,3049.4,3123,3,3,Containers/1989-74-42_4.jpg,/Users/jajohnst/Documents/teaching/2025-4-SI-676-NetworkedLAMS/ummaa_project_data_samples/Containers
Containers,17596_8.jpg,jpg,1723087,1682.7,1723,1.6,2,Containers/17596_8.jpg,/Users/jajohnst/Documents/teaching/2025-4-SI-676-NetworkedLAMS/ummaa_project_data_samples/Containers
Containers,17585_2.jpg,jpg,4545849,4439.3,4546,4.3,5,Containers/17585_2.jpg,/Users/jajohnst/Documents/teaching/2025-4-SI-676-NetworkedLAMS/ummaa_project_data_samples/Containers
Containers,1989-74-79_2.jpg,jpg,3394097,3314.5,3394,3.2,3,Containers/1989-74-79_2.jpg,/Users/jajohnst/Documents/teaching/2025-4-SI-676-NetworkedLAMS/ummaa_project_data_samples/Containers
Containers,8652_9.jpg,jpg,3639651,3554.3,3640,3.5,4,Containers/8652_9.jpg,/Users/jajohnst/Documents/teaching/2025-4-SI-676-NetworkedLAMS/ummaa_project_data_samples/Containers
Containers,17607_4.jpg,jpg,4312948,4211.9,4313,4.1,4,Containers/17607_4.jpg,/Users/jajohnst/Documents/teaching/2025-4-SI-676-NetworkedLAMS/ummaa_project_data_samples/Containers
Containers,8129_3.jpg,jpg,3010158,2939.6,3010,2.9,3,Containers/8129_3.jpg,/Users/jajohnst/Documents/teaching/2025-4-SI-676-NetworkedLAMS/ummaa_project_data_samples/Containers
Containers,17598_7.jpg,jpg,2652883,2590.7,2653,2.5,3,Containers/17598_7.jpg,/Users/jajohnst/Documents/teaching/2025-4-SI-676-NetworkedLAMS/ummaa_project_data_samples/Containers
Containers,37326_7.jpg,jpg,3469367,3388.1,3469,3.3,3,Containers/37326_7.jpg,/Users/jajohnst/Documents/teaching/2025-4-SI-676-NetworkedLAMS/ummaa_project_data_samples/Containers
Containers,1989-74-23_5.jpg,jpg,5179030,5057.6,5179,4.9,5,Containers/1989-74-23_5.jpg,/Users/jajohnst/Documents/teaching/2025-4-SI-676-NetworkedLAMS/ummaa_project_data_samples/Containers
Containers,8405_6.jpg,jpg,2113953,2064.4,2114,2,2,Containers/8405_6.jpg,/Users/jajohnst/Documents/teaching/2025-4-SI-676-NetworkedLAMS/ummaa_project_data_samples/Containers
Containers,8409-b_5.jpg,jpg,3705936,3619.1,3706,3.5,4,Containers/8409-b_5.jpg,/Users/jajohnst/Documents/teaching/2025-4-SI-676-NetworkedLAMS/ummaa_project_data_samples/Containers
Containers,8272_4.jpg,jpg,4261711,4161.8,4262,4.1,4,Containers/8272_4.jpg,/Users/jajohnst/Documents/teaching/2025-4-SI-676-NetworkedLAMS/ummaa_project_data_samples/Containers
Containers,8289_2.jpg,jpg,3192518,3117.7,3193,3,3,Containers/8289_2.jpg,/Users/jajohnst/Documents/teaching/2025-4-SI-676-NetworkedLAMS/ummaa_project_data_samples/Containers
Containers,1989-74-36_9.jpg,jpg,2789481,2724.1,2789,2.7,3,Containers/1989-74-36_9.jpg,/Users/jajohnst/Documents/teaching/2025-4-SI-676-NetworkedLAMS/ummaa_project_data_samples/Containers
Containers,1989-74-25_3.jpg,jpg,3824261,3734.6,3824,3.6,4,Containers/1989-74-25_3.jpg,/Users/jajohnst/Documents/teaching/2025-4-SI-676-NetworkedLAMS/ummaa_project_data_samples/Containers
Containers,8480_6.jpg,jpg,3434445,3354,3434,3.3,3,Containers/8480_6.jpg,/Users/jajohnst/Documents/teaching/2025-4-SI-676-NetworkedLAMS/ummaa_project_data_samples/Containers
Containers,8075_7.jpg,jpg,3232258,3156.5,3232,3.1,3,Containers/8075_7.jpg,/Users/jajohnst/Documents/teaching/2025-4-SI-676-NetworkedLAMS/ummaa_project_data_samples/Containers
Containers,17583_4.jpg,jpg,4420713,4317.1,4421,4.2,4,Containers/17583_4.jpg,/Users/jajohnst/Documents/teaching/2025-4-SI-676-NetworkedLAMS/ummaa_project_data_samples/Containers
Containers,17601_2.jpg,jpg,3973240,3880.1,3973,3.8,4,Containers/17601_2.jpg,/Users/jajohnst/Documents/teaching/2025-4-SI-676-NetworkedLAMS/ummaa_project_data_samples/Containers
Containers,17612_8.jpg,jpg,2435464,2378.4,2435,2.3,2,Containers/17612_8.jpg,/Users/jajohnst/Documents/teaching/2025-4-SI-676-NetworkedLAMS/ummaa_project_data_samples/Containers
Containers,8068_2.jpg,jpg,4081305,3985.6,4081,3.9,4,Containers/8068_2.jpg,/Users/jajohnst/Documents/teaching/2025-4-SI-676-NetworkedLAMS/ummaa_project_data_samples/Containers
Containers,8527-c_2.jpg,jpg,4387482,4284.7,4387,4.2,4,Containers/8527-c_2.jpg,/Users/jajohnst/Documents/teaching/2025-4-SI-676-NetworkedLAMS/ummaa_project_data_samples/Containers
Containers,23835_2.jpg,jpg,4561240,4454.3,4561,4.3,5,Containers/23835_2.jpg,/Users/jajohnst/Documents/teaching/2025-4-SI-676-NetworkedLAMS/ummaa_project_data_samples/Containers
Containers,8527-c_3.jpg,jpg,4342200,4240.4,4342,4.1,4,Containers/8527-c_3.jpg,/Users/jajohnst/Documents/teaching/2025-4-SI-676-NetworkedLAMS/ummaa_project_data_samples/Containers
Containers,8068_3.jpg,jpg,4019711,3925.5,4020,3.8,4,Containers/8068_3.jpg,/Users/jajohnst/Documents/teaching/2025-4-SI-676-NetworkedLAMS/ummaa_project_data_samples/Containers
Containers,23835_3.jpg,jpg,4478562,4373.6,4479,4.3,4,Containers/23835_3.jpg,/Users/jajohnst/Documents/teaching/2025-4-SI-676-NetworkedLAMS/ummaa_project_data_samples/Containers
Containers,17601_3.jpg,jpg,4092232,3996.3,4092,3.9,4,Containers/17601_3.jpg,/Users/jajohnst/Documents/teaching/2025-4-SI-676-NetworkedLAMS/ummaa_project_data_samples/Containers
Containers,17583_5.jpg,jpg,4324800,4223.4,4325,4.1,4,Containers/17583_5.jpg,/Users/jajohnst/Documents/teaching/2025-4-SI-676-NetworkedLAMS/ummaa_project_data_samples/Containers
Containers,8075_6.jpg,jpg,3033588,2962.5,3034,2.9,3,Containers/8075_6.jpg,/Users/jajohnst/Documents/teaching/2025-4-SI-676-NetworkedLAMS/ummaa_project_data_samples/Containers
Containers,8527-a_1.jpg,jpg,3557505,3474.1,3558,3.4,4,Containers/8527-a_1.jpg,/Users/jajohnst/Documents/teaching/2025-4-SI-676-NetworkedLAMS/ummaa_project_data_samples/Containers
Containers,8480_7.jpg,jpg,3476149,3394.7,3476,3.3,3,Containers/8480_7.jpg,/Users/jajohnst/Documents/teaching/2025-4-SI-676-NetworkedLAMS/ummaa_project_data_samples/Containers
Containers,1989-74-25_2.jpg,jpg,3778290,3689.7,3778,3.6,4,Containers/1989-74-25_2.jpg,/Users/jajohnst/Documents/teaching/2025-4-SI-676-NetworkedLAMS/ummaa_project_data_samples/Containers
Containers,8403_1.jpg,jpg,2654551,2592.3,2655,2.5,3,Containers/8403_1.jpg,/Users/jajohnst/Documents/teaching/2025-4-SI-676-NetworkedLAMS/ummaa_project_data_samples/Containers
Containers,1989-74-46_1.jpg,jpg,2384033,2328.2,2384,2.3,2,Containers/1989-74-46_1.jpg,/Users/jajohnst/Documents/teaching/2025-4-SI-676-NetworkedLAMS/ummaa_project_data_samples/Containers
Containers,1989-74-36_8.jpg,jpg,2872265,2804.9,2872,2.7,3,Containers/1989-74-36_8.jpg,/Users/jajohnst/Documents/teaching/2025-4-SI-676-NetworkedLAMS/ummaa_project_data_samples/Containers
Containers,8289_3.jpg,jpg,3193289,3118.4,3193,3,3,Containers/8289_3.jpg,/Users/jajohnst/Documents/teaching/2025-4-SI-676-NetworkedLAMS/ummaa_project_data_samples/Containers
Containers,8272_5.jpg,jpg,4124199,4027.5,4124,3.9,4,Containers/8272_5.jpg,/Users/jajohnst/Documents/teaching/2025-4-SI-676-NetworkedLAMS/ummaa_project_data_samples/Containers
Containers,8409-b_4.jpg,jpg,3959856,3867,3960,3.8,4,Containers/8409-b_4.jpg,/Users/jajohnst/Documents/teaching/2025-4-SI-676-NetworkedLAMS/ummaa_project_data_samples/Containers
Containers,17587_1.jpg,jpg,1976799,1930.5,1977,1.9,2,Containers/17587_1.jpg,/Users/jajohnst/Documents/teaching/2025-4-SI-676-NetworkedLAMS/ummaa_project_data_samples/Containers
Containers,8057_1.jpg,jpg,3011931,2941.3,3012,2.9,3,Containers/8057_1.jpg,/Users/jajohnst/Documents/teaching/2025-4-SI-676-NetworkedLAMS/ummaa_project_data_samples/Containers
Containers,1989-74-23_4.jpg,jpg,4650286,4541.3,4650,4.4,5,Containers/1989-74-23_4.jpg,/Users/jajohnst/Documents/teaching/2025-4-SI-676-NetworkedLAMS/ummaa_project_data_samples/Containers
Containers,8405_7.jpg,jpg,3787922,3699.1,3788,3.6,4,Containers/8405_7.jpg,/Users/jajohnst/Documents/teaching/2025-4-SI-676-NetworkedLAMS/ummaa_project_data_samples/Containers
Containers,37326_6.jpg,jpg,3579006,3495.1,3579,3.4,4,Containers/37326_6.jpg,/Users/jajohnst/Documents/teaching/2025-4-SI-676-NetworkedLAMS/ummaa_project_data_samples/Containers
Containers,17598_6.jpg,jpg,3562257,3478.8,3562,3.4,4,Containers/17598_6.jpg,/Users/jajohnst/Documents/teaching/2025-4-SI-676-NetworkedLAMS/ummaa_project_data_samples/Containers
Containers,8129_2.jpg,jpg,3305427,3228,3305,3.2,3,Containers/8129_2.jpg,/Users/jajohnst/Documents/teaching/2025-4-SI-676-NetworkedLAMS/ummaa_project_data_samples/Containers
Containers,17607_5.jpg,jpg,4270605,4170.5,4271,4.1,4,Containers/17607_5.jpg,/Users/jajohnst/Documents/teaching/2025-4-SI-676-NetworkedLAMS/ummaa_project_data_samples/Containers
Containers,1989-74-79_3.jpg,jpg,3266917,3190.3,3267,3.1,3,Containers/1989-74-79_3.jpg,/Users/jajohnst/Documents/teaching/2025-4-SI-676-NetworkedLAMS/ummaa_project_data_samples/Containers
Containers,8652_8.jpg,jpg,3734185,3646.7,3734,3.6,4,Containers/8652_8.jpg,/Users/jajohnst/Documents/teaching/2025-4-SI-676-NetworkedLAMS/ummaa_project_data_samples/Containers
Containers,17585_3.jpg,jpg,4410697,4307.3,4411,4.2,4,Containers/17585_3.jpg,/Users/jajohnst/Documents/teaching/2025-4-SI-676-NetworkedLAMS/ummaa_project_data_samples/Containers
Containers,17596_9.jpg,jpg,1662290,1623.3,1662,1.6,2,Containers/17596_9.jpg,/Users/jajohnst/Documents/teaching/2025-4-SI-676-NetworkedLAMS/ummaa_project_data_samples/Containers
Containers,1989-74-42_5.jpg,jpg,3306543,3229,3307,3.2,3,Containers/1989-74-42_5.jpg,/Users/jajohnst/Documents/teaching/2025-4-SI-676-NetworkedLAMS/ummaa_project_data_samples/Containers
Containers,92297_7.jpg,jpg,4193895,4095.6,4194,4,4,Containers/92297_7.jpg,/Users/jajohnst/Documents/teaching/2025-4-SI-676-NetworkedLAMS/ummaa_project_data_samples/Containers
Containers,8127_9.jpg,jpg,1356219,1324.4,1356,1.3,1,Containers/8127_9.jpg,/Users/jajohnst/Documents/teaching/2025-4-SI-676-NetworkedLAMS/ummaa_project_data_samples/Containers
Containers,17585_7.jpg,jpg,4102321,4006.2,4102,3.9,4,Containers/17585_7.jpg,/Users/jajohnst/Documents/teaching/2025-4-SI-676-NetworkedLAMS/ummaa_project_data_samples/Containers
Containers,92297_3.jpg,jpg,4407336,4304,4407,4.2,4,Containers/92297_3.jpg,/Users/jajohnst/Documents/teaching/2025-4-SI-676-NetworkedLAMS/ummaa_project_data_samples/Containers
Containers,1989-74-42_1.jpg,jpg,3610230,3525.6,3610,3.4,4,Containers/1989-74-42_1.jpg,/Users/jajohnst/Documents/teaching/2025-4-SI-676-NetworkedLAMS/ummaa_project_data_samples/Containers
Containers,17576_8.jpg,jpg,4281299,4181,4281,4.1,4,Containers/17576_8.jpg,/Users/jajohnst/Documents/teaching/2025-4-SI-676-NetworkedLAMS/ummaa_project_data_samples/Containers
Containers,8129_6.jpg,jpg,3056448,2984.8,3056,2.9,3,Containers/8129_6.jpg,/Users/jajohnst/Documents/teaching/2025-4-SI-676-NetworkedLAMS/ummaa_project_data_samples/Containers
Containers,17598_2.jpg,jpg,5066332,4947.6,5066,4.8,5,Containers/17598_2.jpg,/Users/jajohnst/Documents/teaching/2025-4-SI-676-NetworkedLAMS/ummaa_project_data_samples/Containers
Containers,37326_2.jpg,jpg,3393857,3314.3,3394,3.2,3,Containers/37326_2.jpg,/Users/jajohnst/Documents/teaching/2025-4-SI-676-NetworkedLAMS/ummaa_project_data_samples/Containers
Containers,1989-74-79_7.jpg,jpg,3645562,3560.1,3646,3.5,4,Containers/1989-74-79_7.jpg,/Users/jajohnst/Documents/teaching/2025-4-SI-676-NetworkedLAMS/ummaa_project_data_samples/Containers
Containers,17607_1.jpg,jpg,4659505,4550.3,4660,4.4,5,Containers/17607_1.jpg,/Users/jajohnst/Documents/teaching/2025-4-SI-676-NetworkedLAMS/ummaa_project_data_samples/Containers
Containers,8146_8.jpg,jpg,4789532,4677.3,4790,4.6,5,Containers/8146_8.jpg,/Users/jajohnst/Documents/teaching/2025-4-SI-676-NetworkedLAMS/ummaa_project_data_samples/Containers
Containers,17587_5.jpg,jpg,2025446,1978,2025,1.9,2,Containers/17587_5.jpg,/Users/jajohnst/Documents/teaching/2025-4-SI-676-NetworkedLAMS/ummaa_project_data_samples/Containers
Containers,8405_3.jpg,jpg,2978042,2908.2,2978,2.8,3,Containers/8405_3.jpg,/Users/jajohnst/Documents/teaching/2025-4-SI-676-NetworkedLAMS/ummaa_project_data_samples/Containers
Containers,1989-74-53_9.jpg,jpg,1593197,1555.9,1593,1.5,2,Containers/1989-74-53_9.jpg,/Users/jajohnst/Documents/teaching/2025-4-SI-676-NetworkedLAMS/ummaa_project_data_samples/Containers
Containers,8272_1.jpg,jpg,5202195,5080.3,5202,5,5,Containers/8272_1.jpg,/Users/jajohnst/Documents/teaching/2025-4-SI-676-NetworkedLAMS/ummaa_project_data_samples/Containers
Containers,8480_3.jpg,jpg,3352042,3273.5,3352,3.2,3,Containers/8480_3.jpg,/Users/jajohnst/Documents/teaching/2025-4-SI-676-NetworkedLAMS/ummaa_project_data_samples/Containers
Containers,8289_7.jpg,jpg,1017051,993.2,1017,1,1,Containers/8289_7.jpg,/Users/jajohnst/Documents/teaching/2025-4-SI-676-NetworkedLAMS/ummaa_project_data_samples/Containers
Containers,1989-74-46_5.jpg,jpg,771929,753.8,772,0.7,1,Containers/1989-74-46_5.jpg,/Users/jajohnst/Documents/teaching/2025-4-SI-676-NetworkedLAMS/ummaa_project_data_samples/Containers
Containers,8403_5.jpg,jpg,4069204,3973.8,4069,3.9,4,Containers/8403_5.jpg,/Users/jajohnst/Documents/teaching/2025-4-SI-676-NetworkedLAMS/ummaa_project_data_samples/Containers
Containers,1989-74-25_6.jpg,jpg,3613001,3528.3,3613,3.4,4,Containers/1989-74-25_6.jpg,/Users/jajohnst/Documents/teaching/2025-4-SI-676-NetworkedLAMS/ummaa_project_data_samples/Containers
Containers,8527-a_5.jpg,jpg,4490044,4384.8,4490,4.3,4,Containers/8527-a_5.jpg,/Users/jajohnst/Documents/teaching/2025-4-SI-676-NetworkedLAMS/ummaa_project_data_samples/Containers
Containers,8075_2.jpg,jpg,4394245,4291.3,4394,4.2,4,Containers/8075_2.jpg,/Users/jajohnst/Documents/teaching/2025-4-SI-676-NetworkedLAMS/ummaa_project_data_samples/Containers
Containers,17583_1.jpg,jpg,4873772,4759.5,4874,4.6,5,Containers/17583_1.jpg,/Users/jajohnst/Documents/teaching/2025-4-SI-676-NetworkedLAMS/ummaa_project_data_samples/Containers
Containers,8527-c_7.jpg,jpg,2795949,2730.4,2796,2.7,3,Containers/8527-c_7.jpg,/Users/jajohnst/Documents/teaching/2025-4-SI-676-NetworkedLAMS/ummaa_project_data_samples/Containers
Containers,8068_7.jpg,jpg,2728517,2664.6,2729,2.6,3,Containers/8068_7.jpg,/Users/jajohnst/Documents/teaching/2025-4-SI-676-NetworkedLAMS/ummaa_project_data_samples/Containers
Containers,17601_7.jpg,jpg,2362427,2307.1,2362,2.3,2,Containers/17601_7.jpg,/Users/jajohnst/Documents/teaching/2025-4-SI-676-NetworkedLAMS/ummaa_project_data_samples/Containers
Containers,17601_6.jpg,jpg,3112657,3039.7,3113,3,3,Containers/17601_6.jpg,/Users/jajohnst/Documents/teaching/2025-4-SI-676-NetworkedLAMS/ummaa_project_data_samples/Containers
Containers,23835_6.jpg,jpg,3369095,3290.1,3369,3.2,3,Containers/23835_6.jpg,/Users/jajohnst/Documents/teaching/2025-4-SI-676-NetworkedLAMS/ummaa_project_data_samples/Containers
Containers,8068_6.jpg,jpg,2903651,2835.6,2904,2.8,3,Containers/8068_6.jpg,/Users/jajohnst/Documents/teaching/2025-4-SI-676-NetworkedLAMS/ummaa_project_data_samples/Containers
Containers,8527-c_6.jpg,jpg,1990812,1944.2,1991,1.9,2,Containers/8527-c_6.jpg,/Users/jajohnst/Documents/teaching/2025-4-SI-676-NetworkedLAMS/ummaa_project_data_samples/Containers
Containers,8075_3.jpg,jpg,4255856,4156.1,4256,4.1,4,Containers/8075_3.jpg,/Users/jajohnst/Documents/teaching/2025-4-SI-676-NetworkedLAMS/ummaa_project_data_samples/Containers
Containers,8527-a_4.jpg,jpg,4444065,4339.9,4444,4.2,4,Containers/8527-a_4.jpg,/Users/jajohnst/Documents/teaching/2025-4-SI-676-NetworkedLAMS/ummaa_project_data_samples/Containers
Containers,8403_4.jpg,jpg,4209609,4110.9,4210,4,4,Containers/8403_4.jpg,/Users/jajohnst/Documents/teaching/2025-4-SI-676-NetworkedLAMS/ummaa_project_data_samples/Containers
Containers,1989-74-25_7.jpg,jpg,2751649,2687.2,2752,2.6,3,Containers/1989-74-25_7.jpg,/Users/jajohnst/Documents/teaching/2025-4-SI-676-NetworkedLAMS/ummaa_project_data_samples/Containers
Containers,8289_6.jpg,jpg,779554,761.3,780,0.7,1,Containers/8289_6.jpg,/Users/jajohnst/Documents/teaching/2025-4-SI-676-NetworkedLAMS/ummaa_project_data_samples/Containers
Containers,1989-74-46_4.jpg,jpg,2381201,2325.4,2381,2.3,2,Containers/1989-74-46_4.jpg,/Users/jajohnst/Documents/teaching/2025-4-SI-676-NetworkedLAMS/ummaa_project_data_samples/Containers
Containers,8480_2.jpg,jpg,3465924,3384.7,3466,3.3,3,Containers/8480_2.jpg,/Users/jajohnst/Documents/teaching/2025-4-SI-676-NetworkedLAMS/ummaa_project_data_samples/Containers
Containers,8409-b_1.jpg,jpg,3340162,3261.9,3340,3.2,3,Containers/8409-b_1.jpg,/Users/jajohnst/Documents/teaching/2025-4-SI-676-NetworkedLAMS/ummaa_project_data_samples/Containers
Containers,1989-74-53_8.jpg,jpg,1755428,1714.3,1755,1.7,2,Containers/1989-74-53_8.jpg,/Users/jajohnst/Documents/teaching/2025-4-SI-676-NetworkedLAMS/ummaa_project_data_samples/Containers
Containers,8405_2.jpg,jpg,2937498,2868.7,2937,2.8,3,Containers/8405_2.jpg,/Users/jajohnst/Documents/teaching/2025-4-SI-676-NetworkedLAMS/ummaa_project_data_samples/Containers
Containers,1989-74-23_1.jpg,jpg,5929081,5790.1,5929,5.7,6,Containers/1989-74-23_1.jpg,/Users/jajohnst/Documents/teaching/2025-4-SI-676-NetworkedLAMS/ummaa_project_data_samples/Containers
Containers,17587_4.jpg,jpg,2588746,2528.1,2589,2.5,3,Containers/17587_4.jpg,/Users/jajohnst/Documents/teaching/2025-4-SI-676-NetworkedLAMS/ummaa_project_data_samples/Containers
Containers,8057_4.jpg,jpg,4484262,4379.2,4484,4.3,4,Containers/8057_4.jpg,/Users/jajohnst/Documents/teaching/2025-4-SI-676-NetworkedLAMS/ummaa_project_data_samples/Containers
Containers,8146_9.jpg,jpg,4356362,4254.3,4356,4.2,4,Containers/8146_9.jpg,/Users/jajohnst/Documents/teaching/2025-4-SI-676-NetworkedLAMS/ummaa_project_data_samples/Containers
Containers,1989-74-79_6.jpg,jpg,6206667,6061.2,6207,5.9,6,Containers/1989-74-79_6.jpg,/Users/jajohnst/Documents/teaching/2025-4-SI-676-NetworkedLAMS/ummaa_project_data_samples/Containers
Containers,37326_3.jpg,jpg,2091708,2042.7,2092,2,2,Containers/37326_3.jpg,/Users/jajohnst/Documents/teaching/2025-4-SI-676-NetworkedLAMS/ummaa_project_data_samples/Containers
Containers,17598_3.jpg,jpg,4981234,4864.5,4981,4.8,5,Containers/17598_3.jpg,/Users/jajohnst/Documents/teaching/2025-4-SI-676-NetworkedLAMS/ummaa_project_data_samples/Containers
Containers,8129_7.jpg,jpg,3236663,3160.8,3237,3.1,3,Containers/8129_7.jpg,/Users/jajohnst/Documents/teaching/2025-4-SI-676-NetworkedLAMS/ummaa_project_data_samples/Containers
Containers,92297_2.jpg,jpg,4633138,4524.5,4633,4.4,5,Containers/92297_2.jpg,/Users/jajohnst/Documents/teaching/2025-4-SI-676-NetworkedLAMS/ummaa_project_data_samples/Containers
Containers,17576_9.jpg,jpg,4036551,3941.9,4037,3.8,4,Containers/17576_9.jpg,/Users/jajohnst/Documents/teaching/2025-4-SI-676-NetworkedLAMS/ummaa_project_data_samples/Containers
Containers,8127_8.jpg,jpg,5153823,5033,5154,4.9,5,Containers/8127_8.jpg,/Users/jajohnst/Documents/teaching/2025-4-SI-676-NetworkedLAMS/ummaa_project_data_samples/Containers
Containers,17585_6.jpg,jpg,3937541,3845.3,3938,3.8,4,Containers/17585_6.jpg,/Users/jajohnst/Documents/teaching/2025-4-SI-676-NetworkedLAMS/ummaa_project_data_samples/Containers
Containers,17585_4.jpg,jpg,4341565,4239.8,4342,4.1,4,Containers/17585_4.jpg,/Users/jajohnst/Documents/teaching/2025-4-SI-676-NetworkedLAMS/ummaa_project_data_samples/Containers
Containers,1989-74-42_2.jpg,jpg,2429866,2372.9,2430,2.3,2,Containers/1989-74-42_2.jpg,/Users/jajohnst/Documents/teaching/2025-4-SI-676-NetworkedLAMS/ummaa_project_data_samples/Containers
Containers,17598_1.jpg,jpg,4043516,3948.7,4044,3.9,4,Containers/17598_1.jpg,/Users/jajohnst/Documents/teaching/2025-4-SI-676-NetworkedLAMS/ummaa_project_data_samples/Containers
Containers,37326_1.jpg,jpg,2766528,2701.7,2767,2.6,3,Containers/37326_1.jpg,/Users/jajohnst/Documents/teaching/2025-4-SI-676-NetworkedLAMS/ummaa_project_data_samples/Containers
Containers,8129_5.jpg,jpg,3006060,2935.6,3006,2.9,3,Containers/8129_5.jpg,/Users/jajohnst/Documents/teaching/2025-4-SI-676-NetworkedLAMS/ummaa_project_data_samples/Containers
Containers,17607_2.jpg,jpg,4402959,4299.8,4403,4.2,4,Containers/17607_2.jpg,/Users/jajohnst/Documents/teaching/2025-4-SI-676-NetworkedLAMS/ummaa_project_data_samples/Containers
Containers,1989-74-79_4.jpg,jpg,3366675,3287.8,3367,3.2,3,Containers/1989-74-79_4.jpg,/Users/jajohnst/Documents/teaching/2025-4-SI-676-NetworkedLAMS/ummaa_project_data_samples/Containers
Containers,17587_6.jpg,jpg,2309882,2255.7,2310,2.2,2,Containers/17587_6.jpg,/Users/jajohnst/Documents/teaching/2025-4-SI-676-NetworkedLAMS/ummaa_project_data_samples/Containers
Containers,17709_8.jpg,jpg,1637636,1599.3,1638,1.6,2,Containers/17709_8.jpg,/Users/jajohnst/Documents/teaching/2025-4-SI-676-NetworkedLAMS/ummaa_project_data_samples/Containers
Containers,1989-74-23_3.jpg,jpg,6054515,5912.6,6055,5.8,6,Containers/1989-74-23_3.jpg,/Users/jajohnst/Documents/teaching/2025-4-SI-676-NetworkedLAMS/ummaa_project_data_samples/Containers
Containers,8409-b_3.jpg,jpg,3753086,3665.1,3753,3.6,4,Containers/8409-b_3.jpg,/Users/jajohnst/Documents/teaching/2025-4-SI-676-NetworkedLAMS/ummaa_project_data_samples/Containers
Containers,8272_2.jpg,jpg,4361623,4259.4,4362,4.2,4,Containers/8272_2.jpg,/Users/jajohnst/Documents/teaching/2025-4-SI-676-NetworkedLAMS/ummaa_project_data_samples/Containers
Containers,1989-74-25_5.jpg,jpg,3756450,3668.4,3756,3.6,4,Containers/1989-74-25_5.jpg,/Users/jajohnst/Documents/teaching/2025-4-SI-676-NetworkedLAMS/ummaa_project_data_samples/Containers
Containers,8403_6.jpg,jpg,2723812,2660,2724,2.6,3,Containers/8403_6.jpg,/Users/jajohnst/Documents/teaching/2025-4-SI-676-NetworkedLAMS/ummaa_project_data_samples/Containers
Containers,1989-74-46_6.jpg,jpg,764469,746.6,764,0.7,1,Containers/1989-74-46_6.jpg,/Users/jajohnst/Documents/teaching/2025-4-SI-676-NetworkedLAMS/ummaa_project_data_samples/Containers
Containers,8289_4.jpg,jpg,3205616,3130.5,3206,3.1,3,Containers/8289_4.jpg,/Users/jajohnst/Documents/teaching/2025-4-SI-676-NetworkedLAMS/ummaa_project_data_samples/Containers
Containers,8527-a_6.jpg,jpg,2109951,2060.5,2110,2,2,Containers/8527-a_6.jpg,/Users/jajohnst/Documents/teaching/2025-4-SI-676-NetworkedLAMS/ummaa_project_data_samples/Containers
Containers,17590_8.jpg,jpg,1680673,1641.3,1681,1.6,2,Containers/17590_8.jpg,/Users/jajohnst/Documents/teaching/2025-4-SI-676-NetworkedLAMS/ummaa_project_data_samples/Containers
Containers,8075_1.jpg,jpg,3640249,3554.9,3640,3.5,4,Containers/8075_1.jpg,/Users/jajohnst/Documents/teaching/2025-4-SI-676-NetworkedLAMS/ummaa_project_data_samples/Containers
Containers,17583_2.jpg,jpg,4386167,4283.4,4386,4.2,4,Containers/17583_2.jpg,/Users/jajohnst/Documents/teaching/2025-4-SI-676-NetworkedLAMS/ummaa_project_data_samples/Containers
Containers,8527-c_4.jpg,jpg,4356363,4254.3,4356,4.2,4,Containers/8527-c_4.jpg,/Users/jajohnst/Documents/teaching/2025-4-SI-676-NetworkedLAMS/ummaa_project_data_samples/Containers
Containers,8068_4.jpg,jpg,4030308,3935.8,4030,3.8,4,Containers/8068_4.jpg,/Users/jajohnst/Documents/teaching/2025-4-SI-676-NetworkedLAMS/ummaa_project_data_samples/Containers
Containers,23835_4.jpg,jpg,4592990,4485.3,4593,4.4,5,Containers/23835_4.jpg,/Users/jajohnst/Documents/teaching/2025-4-SI-676-NetworkedLAMS/ummaa_project_data_samples/Containers
Containers,17601_4.jpg,jpg,4072973,3977.5,4073,3.9,4,Containers/17601_4.jpg,/Users/jajohnst/Documents/teaching/2025-4-SI-676-NetworkedLAMS/ummaa_project_data_samples/Containers
Containers,17601_5.jpg,jpg,4061926,3966.7,4062,3.9,4,Containers/17601_5.jpg,/Users/jajohnst/Documents/teaching/2025-4-SI-676-NetworkedLAMS/ummaa_project_data_samples/Containers
Containers,8068_5.jpg,jpg,4002542,3908.7,4003,3.8,4,Containers/8068_5.jpg,/Users/jajohnst/Documents/teaching/2025-4-SI-676-NetworkedLAMS/ummaa_project_data_samples/Containers
Containers,8527-c_5.jpg,jpg,4385900,4283.1,4386,4.2,4,Containers/8527-c_5.jpg,/Users/jajohnst/Documents/teaching/2025-4-SI-676-NetworkedLAMS/ummaa_project_data_samples/Containers
Containers,23835_5.jpg,jpg,4519543,4413.6,4520,4.3,5,Containers/23835_5.jpg,/Users/jajohnst/Documents/teaching/2025-4-SI-676-NetworkedLAMS/ummaa_project_data_samples/Containers
Containers,17583_3.jpg,jpg,4229908,4130.8,4230,4,4,Containers/17583_3.jpg,/Users/jajohnst/Documents/teaching/2025-4-SI-676-NetworkedLAMS/ummaa_project_data_samples/Containers
Containers,8527-a_7.jpg,jpg,2821720,2755.6,2822,2.7,3,Containers/8527-a_7.jpg,/Users/jajohnst/Documents/teaching/2025-4-SI-676-NetworkedLAMS/ummaa_project_data_samples/Containers
Containers,8289_5.jpg,jpg,3235328,3159.5,3235,3.1,3,Containers/8289_5.jpg,/Users/jajohnst/Documents/teaching/2025-4-SI-676-NetworkedLAMS/ummaa_project_data_samples/Containers
Containers,1989-74-25_4.jpg,jpg,3688231,3601.8,3688,3.5,4,Containers/1989-74-25_4.jpg,/Users/jajohnst/Documents/teaching/2025-4-SI-676-NetworkedLAMS/ummaa_project_data_samples/Containers
Containers,8403_7.jpg,jpg,3252042,3175.8,3252,3.1,3,Containers/8403_7.jpg,/Users/jajohnst/Documents/teaching/2025-4-SI-676-NetworkedLAMS/ummaa_project_data_samples/Containers
Containers,8480_1.jpg,jpg,4045319,3950.5,4045,3.9,4,Containers/8480_1.jpg,/Users/jajohnst/Documents/teaching/2025-4-SI-676-NetworkedLAMS/ummaa_project_data_samples/Containers
Containers,8067_10.jpg,jpg,2776567,2711.5,2777,2.6,3,Containers/8067_10.jpg,/Users/jajohnst/Documents/teaching/2025-4-SI-676-NetworkedLAMS/ummaa_project_data_samples/Containers
Containers,8272_3.jpg,jpg,4176677,4078.8,4177,4,4,Containers/8272_3.jpg,/Users/jajohnst/Documents/teaching/2025-4-SI-676-NetworkedLAMS/ummaa_project_data_samples/Containers
Containers,8409-b_2.jpg,jpg,3852616,3762.3,3853,3.7,4,Containers/8409-b_2.jpg,/Users/jajohnst/Documents/teaching/2025-4-SI-676-NetworkedLAMS/ummaa_project_data_samples/Containers
Containers,1989-74-23_2.jpg,jpg,4576826,4469.6,4577,4.4,5,Containers/1989-74-23_2.jpg,/Users/jajohnst/Documents/teaching/2025-4-SI-676-NetworkedLAMS/ummaa_project_data_samples/Containers
Containers,8405_1.jpg,jpg,3168227,3094,3168,3,3,Containers/8405_1.jpg,/Users/jajohnst/Documents/teaching/2025-4-SI-676-NetworkedLAMS/ummaa_project_data_samples/Containers
Containers,17709_9.jpg,jpg,2866410,2799.2,2866,2.7,3,Containers/17709_9.jpg,/Users/jajohnst/Documents/teaching/2025-4-SI-676-NetworkedLAMS/ummaa_project_data_samples/Containers
Containers,17587_7.jpg,jpg,2955624,2886.4,2956,2.8,3,Containers/17587_7.jpg,/Users/jajohnst/Documents/teaching/2025-4-SI-676-NetworkedLAMS/ummaa_project_data_samples/Containers
Containers,1989-74-79_5.jpg,jpg,3259588,3183.2,3260,3.1,3,Containers/1989-74-79_5.jpg,/Users/jajohnst/Documents/teaching/2025-4-SI-676-NetworkedLAMS/ummaa_project_data_samples/Containers
Containers,17607_3.jpg,jpg,4265928,4165.9,4266,4.1,4,Containers/17607_3.jpg,/Users/jajohnst/Documents/teaching/2025-4-SI-676-NetworkedLAMS/ummaa_project_data_samples/Containers
Containers,8129_4.jpg,jpg,3319664,3241.9,3320,3.2,3,Containers/8129_4.jpg,/Users/jajohnst/Documents/teaching/2025-4-SI-676-NetworkedLAMS/ummaa_project_data_samples/Containers
Containers,1989-74-42_3.jpg,jpg,2470629,2412.7,2471,2.4,2,Containers/1989-74-42_3.jpg,/Users/jajohnst/Documents/teaching/2025-4-SI-676-NetworkedLAMS/ummaa_project_data_samples/Containers
Containers,92297_1.jpg,jpg,4906665,4791.7,4907,4.7,5,Containers/92297_1.jpg,/Users/jajohnst/Documents/teaching/2025-4-SI-676-NetworkedLAMS/ummaa_project_data_samples/Containers
Containers,17585_5.jpg,jpg,4510157,4404.5,4510,4.3,5,Containers/17585_5.jpg,/Users/jajohnst/Documents/teaching/2025-4-SI-676-NetworkedLAMS/ummaa_project_data_samples/Containers
Containers,1989-74-26_1.jpg,jpg,4927526,4812,4928,4.7,5,Containers/1989-74-26_1.jpg,/Users/jajohnst/Documents/teaching/2025-4-SI-676-NetworkedLAMS/ummaa_project_data_samples/Containers
Containers,8074_7.jpg,jpg,3316717,3239,3317,3.2,3,Containers/8074_7.jpg,/Users/jajohnst/Documents/teaching/2025-4-SI-676-NetworkedLAMS/ummaa_project_data_samples/Containers
Containers,17582_4.jpg,jpg,5573711,5443.1,5574,5.3,6,Containers/17582_4.jpg,/Users/jajohnst/Documents/teaching/2025-4-SI-676-NetworkedLAMS/ummaa_project_data_samples/Containers
Containers,92304_10.jpg,jpg,1967220,1921.1,1967,1.9,2,Containers/92304_10.jpg,/Users/jajohnst/Documents/teaching/2025-4-SI-676-NetworkedLAMS/ummaa_project_data_samples/Containers
Containers,17613_8.jpg,jpg,2736425,2672.3,2736,2.6,3,Containers/17613_8.jpg,/Users/jajohnst/Documents/teaching/2025-4-SI-676-NetworkedLAMS/ummaa_project_data_samples/Containers
Containers,8527-b_2.jpg,jpg,4479507,4374.5,4480,4.3,4,Containers/8527-b_2.jpg,/Users/jajohnst/Documents/teaching/2025-4-SI-676-NetworkedLAMS/ummaa_project_data_samples/Containers
Containers,8069_2.jpg,jpg,3629207,3544.1,3629,3.5,4,Containers/8069_2.jpg,/Users/jajohnst/Documents/teaching/2025-4-SI-676-NetworkedLAMS/ummaa_project_data_samples/Containers
Containers,1989-74-53_18.jpg,jpg,3933063,3840.9,3933,3.8,4,Containers/1989-74-53_18.jpg,/Users/jajohnst/Documents/teaching/2025-4-SI-676-NetworkedLAMS/ummaa_project_data_samples/Containers
Containers,8418_1_8.jpg,jpg,1873866,1829.9,1874,1.8,2,Containers/8418_1_8.jpg,/Users/jajohnst/Documents/teaching/2025-4-SI-676-NetworkedLAMS/ummaa_project_data_samples/Containers
Containers,17580_6.jpg,jpg,3597505,3513.2,3598,3.4,4,Containers/17580_6.jpg,/Users/jajohnst/Documents/teaching/2025-4-SI-676-NetworkedLAMS/ummaa_project_data_samples/Containers
Containers,8644_7.jpg,jpg,5299756,5175.5,5300,5.1,5,Containers/8644_7.jpg,/Users/jajohnst/Documents/teaching/2025-4-SI-676-NetworkedLAMS/ummaa_project_data_samples/Containers
Containers,8576_8.jpg,jpg,1179253,1151.6,1179,1.1,1,Containers/8576_8.jpg,/Users/jajohnst/Documents/teaching/2025-4-SI-676-NetworkedLAMS/ummaa_project_data_samples/Containers
Containers,8578_7.jpg,jpg,3215158,3139.8,3215,3.1,3,Containers/8578_7.jpg,/Users/jajohnst/Documents/teaching/2025-4-SI-676-NetworkedLAMS/ummaa_project_data_samples/Containers
Containers,17604_6.jpg,jpg,2430218,2373.3,2430,2.3,2,Containers/17604_6.jpg,/Users/jajohnst/Documents/teaching/2025-4-SI-676-NetworkedLAMS/ummaa_project_data_samples/Containers
Containers,17597_8.jpg,jpg,4557473,4450.7,4557,4.3,5,Containers/17597_8.jpg,/Users/jajohnst/Documents/teaching/2025-4-SI-676-NetworkedLAMS/ummaa_project_data_samples/Containers
Containers,17579_2.jpg,jpg,4469751,4365,4470,4.3,4,Containers/17579_2.jpg,/Users/jajohnst/Documents/teaching/2025-4-SI-676-NetworkedLAMS/ummaa_project_data_samples/Containers
Containers,17606_4.jpg,jpg,4938381,4822.6,4938,4.7,5,Containers/17606_4.jpg,/Users/jajohnst/Documents/teaching/2025-4-SI-676-NetworkedLAMS/ummaa_project_data_samples/Containers
Containers,8409-a_7.jpg,jpg,2031698,1984.1,2032,1.9,2,Containers/8409-a_7.jpg,/Users/jajohnst/Documents/teaching/2025-4-SI-676-NetworkedLAMS/ummaa_project_data_samples/Containers
Containers,8128_3.jpg,jpg,3615385,3530.6,3615,3.4,4,Containers/8128_3.jpg,/Users/jajohnst/Documents/teaching/2025-4-SI-676-NetworkedLAMS/ummaa_project_data_samples/Containers
Containers,17599_7.jpg,jpg,3088938,3016.5,3089,2.9,3,Containers/17599_7.jpg,/Users/jajohnst/Documents/teaching/2025-4-SI-676-NetworkedLAMS/ummaa_project_data_samples/Containers
Containers,37327_7.jpg,jpg,3423025,3342.8,3423,3.3,3,Containers/37327_7.jpg,/Users/jajohnst/Documents/teaching/2025-4-SI-676-NetworkedLAMS/ummaa_project_data_samples/Containers
Containers,37327_6.jpg,jpg,3967546,3874.6,3968,3.8,4,Containers/37327_6.jpg,/Users/jajohnst/Documents/teaching/2025-4-SI-676-NetworkedLAMS/ummaa_project_data_samples/Containers
Containers,17599_6.jpg,jpg,2948240,2879.1,2948,2.8,3,Containers/17599_6.jpg,/Users/jajohnst/Documents/teaching/2025-4-SI-676-NetworkedLAMS/ummaa_project_data_samples/Containers
Containers,8409-a_6.jpg,jpg,2381076,2325.3,2381,2.3,2,Containers/8409-a_6.jpg,/Users/jajohnst/Documents/teaching/2025-4-SI-676-NetworkedLAMS/ummaa_project_data_samples/Containers
Containers,8128_2.jpg,jpg,3757121,3669.1,3757,3.6,4,Containers/8128_2.jpg,/Users/jajohnst/Documents/teaching/2025-4-SI-676-NetworkedLAMS/ummaa_project_data_samples/Containers
Containers,17606_5.jpg,jpg,4664140,4554.8,4664,4.4,5,Containers/17606_5.jpg,/Users/jajohnst/Documents/teaching/2025-4-SI-676-NetworkedLAMS/ummaa_project_data_samples/Containers
Containers,17579_3.jpg,jpg,4346039,4244.2,4346,4.1,4,Containers/17579_3.jpg,/Users/jajohnst/Documents/teaching/2025-4-SI-676-NetworkedLAMS/ummaa_project_data_samples/Containers
Containers,17597_9.jpg,jpg,4585081,4477.6,4585,4.4,5,Containers/17597_9.jpg,/Users/jajohnst/Documents/teaching/2025-4-SI-676-NetworkedLAMS/ummaa_project_data_samples/Containers
Containers,17604_7.jpg,jpg,3611245,3526.6,3611,3.4,4,Containers/17604_7.jpg,/Users/jajohnst/Documents/teaching/2025-4-SI-676-NetworkedLAMS/ummaa_project_data_samples/Containers
Containers,8578_6.jpg,jpg,2819842,2753.8,2820,2.7,3,Containers/8578_6.jpg,/Users/jajohnst/Documents/teaching/2025-4-SI-676-NetworkedLAMS/ummaa_project_data_samples/Containers
Containers,17586_1.jpg,jpg,4774120,4662.2,4774,4.6,5,Containers/17586_1.jpg,/Users/jajohnst/Documents/teaching/2025-4-SI-676-NetworkedLAMS/ummaa_project_data_samples/Containers
Containers,8035_2.jpg,jpg,5008862,4891.5,5009,4.8,5,Containers/8035_2.jpg,/Users/jajohnst/Documents/teaching/2025-4-SI-676-NetworkedLAMS/ummaa_project_data_samples/Containers
Containers,8056_1.jpg,jpg,3090456,3018,3090,2.9,3,Containers/8056_1.jpg,/Users/jajohnst/Documents/teaching/2025-4-SI-676-NetworkedLAMS/ummaa_project_data_samples/Containers
Containers,8576_9.jpg,jpg,1221093,1192.5,1221,1.2,1,Containers/8576_9.jpg,/Users/jajohnst/Documents/teaching/2025-4-SI-676-NetworkedLAMS/ummaa_project_data_samples/Containers
Containers,8644_6.jpg,jpg,4878607,4764.3,4879,4.7,5,Containers/8644_6.jpg,/Users/jajohnst/Documents/teaching/2025-4-SI-676-NetworkedLAMS/ummaa_project_data_samples/Containers
Containers,17602_1.jpg,jpg,4645478,4536.6,4645,4.4,5,Containers/17602_1.jpg,/Users/jajohnst/Documents/teaching/2025-4-SI-676-NetworkedLAMS/ummaa_project_data_samples/Containers
Containers,17580_7.jpg,jpg,3297535,3220.2,3298,3.1,3,Containers/17580_7.jpg,/Users/jajohnst/Documents/teaching/2025-4-SI-676-NetworkedLAMS/ummaa_project_data_samples/Containers
Containers,8418_1_9.jpg,jpg,1929794,1884.6,1930,1.8,2,Containers/8418_1_9.jpg,/Users/jajohnst/Documents/teaching/2025-4-SI-676-NetworkedLAMS/ummaa_project_data_samples/Containers
Containers,1989-74-47_1.jpg,jpg,2789946,2724.6,2790,2.7,3,Containers/1989-74-47_1.jpg,/Users/jajohnst/Documents/teaching/2025-4-SI-676-NetworkedLAMS/ummaa_project_data_samples/Containers
Containers,8069_3.jpg,jpg,3503979,3421.9,3504,3.3,4,Containers/8069_3.jpg,/Users/jajohnst/Documents/teaching/2025-4-SI-676-NetworkedLAMS/ummaa_project_data_samples/Containers
Containers,8527-b_3.jpg,jpg,4430879,4327,4431,4.2,4,Containers/8527-b_3.jpg,/Users/jajohnst/Documents/teaching/2025-4-SI-676-NetworkedLAMS/ummaa_project_data_samples/Containers
Containers,17582_5.jpg,jpg,3592738,3508.5,3593,3.4,4,Containers/17582_5.jpg,/Users/jajohnst/Documents/teaching/2025-4-SI-676-NetworkedLAMS/ummaa_project_data_samples/Containers
Containers,8074_6.jpg,jpg,2775985,2710.9,2776,2.6,3,Containers/8074_6.jpg,/Users/jajohnst/Documents/teaching/2025-4-SI-676-NetworkedLAMS/ummaa_project_data_samples/Containers
Containers,1989-74-26_2.jpg,jpg,5260548,5137.3,5261,5,5,Containers/1989-74-26_2.jpg,/Users/jajohnst/Documents/teaching/2025-4-SI-676-NetworkedLAMS/ummaa_project_data_samples/Containers
Containers,8074_4.jpg,jpg,4167278,4069.6,4167,4,4,Containers/8074_4.jpg,/Users/jajohnst/Documents/teaching/2025-4-SI-676-NetworkedLAMS/ummaa_project_data_samples/Containers
Containers,17582_7.jpg,jpg,4354192,4252.1,4354,4.2,4,Containers/17582_7.jpg,/Users/jajohnst/Documents/teaching/2025-4-SI-676-NetworkedLAMS/ummaa_project_data_samples/Containers
Containers,8527-b_1.jpg,jpg,3503332,3421.2,3503,3.3,4,Containers/8527-b_1.jpg,/Users/jajohnst/Documents/teaching/2025-4-SI-676-NetworkedLAMS/ummaa_project_data_samples/Containers
Containers,8069_1.jpg,jpg,2360018,2304.7,2360,2.3,2,Containers/8069_1.jpg,/Users/jajohnst/Documents/teaching/2025-4-SI-676-NetworkedLAMS/ummaa_project_data_samples/Containers
Containers,1989-74-47_3.jpg,jpg,2779459,2714.3,2779,2.7,3,Containers/1989-74-47_3.jpg,/Users/jajohnst/Documents/teaching/2025-4-SI-676-NetworkedLAMS/ummaa_project_data_samples/Containers
Containers,17580_5.jpg,jpg,4039761,3945.1,4040,3.9,4,Containers/17580_5.jpg,/Users/jajohnst/Documents/teaching/2025-4-SI-676-NetworkedLAMS/ummaa_project_data_samples/Containers
Containers,17602_3.jpg,jpg,3405948,3326.1,3406,3.2,3,Containers/17602_3.jpg,/Users/jajohnst/Documents/teaching/2025-4-SI-676-NetworkedLAMS/ummaa_project_data_samples/Containers
Containers,8644_4.jpg,jpg,4108086,4011.8,4108,3.9,4,Containers/8644_4.jpg,/Users/jajohnst/Documents/teaching/2025-4-SI-676-NetworkedLAMS/ummaa_project_data_samples/Containers
Containers,17586_3.jpg,jpg,3034879,2963.7,3035,2.9,3,Containers/17586_3.jpg,/Users/jajohnst/Documents/teaching/2025-4-SI-676-NetworkedLAMS/ummaa_project_data_samples/Containers
Containers,17595_9.jpg,jpg,3591120,3507,3591,3.4,4,Containers/17595_9.jpg,/Users/jajohnst/Documents/teaching/2025-4-SI-676-NetworkedLAMS/ummaa_project_data_samples/Containers
Containers,8056_3.jpg,jpg,5182742,5061.3,5183,4.9,5,Containers/8056_3.jpg,/Users/jajohnst/Documents/teaching/2025-4-SI-676-NetworkedLAMS/ummaa_project_data_samples/Containers
Containers,17604_5.jpg,jpg,2942134,2873.2,2942,2.8,3,Containers/17604_5.jpg,/Users/jajohnst/Documents/teaching/2025-4-SI-676-NetworkedLAMS/ummaa_project_data_samples/Containers
Containers,8578_4.jpg,jpg,3406949,3327.1,3407,3.2,3,Containers/8578_4.jpg,/Users/jajohnst/Documents/teaching/2025-4-SI-676-NetworkedLAMS/ummaa_project_data_samples/Containers
Containers,17606_7.jpg,jpg,5448170,5320.5,5448,5.2,5,Containers/17606_7.jpg,/Users/jajohnst/Documents/teaching/2025-4-SI-676-NetworkedLAMS/ummaa_project_data_samples/Containers
Containers,17579_1.jpg,jpg,4562006,4455.1,4562,4.4,5,Containers/17579_1.jpg,/Users/jajohnst/Documents/teaching/2025-4-SI-676-NetworkedLAMS/ummaa_project_data_samples/Containers
Containers,17599_4.jpg,jpg,3532987,3450.2,3533,3.4,4,Containers/17599_4.jpg,/Users/jajohnst/Documents/teaching/2025-4-SI-676-NetworkedLAMS/ummaa_project_data_samples/Containers
Containers,37327_4.jpg,jpg,3622946,3538,3623,3.5,4,Containers/37327_4.jpg,/Users/jajohnst/Documents/teaching/2025-4-SI-676-NetworkedLAMS/ummaa_project_data_samples/Containers
Containers,8409-a_4.jpg,jpg,3364390,3285.5,3364,3.2,3,Containers/8409-a_4.jpg,/Users/jajohnst/Documents/teaching/2025-4-SI-676-NetworkedLAMS/ummaa_project_data_samples/Containers
Containers,8128_1.jpg,jpg,4608267,4500.3,4608,4.4,5,Containers/8128_1.jpg,/Users/jajohnst/Documents/teaching/2025-4-SI-676-NetworkedLAMS/ummaa_project_data_samples/Containers
Containers,8409-a_5.jpg,jpg,3374488,3295.4,3374,3.2,3,Containers/8409-a_5.jpg,/Users/jajohnst/Documents/teaching/2025-4-SI-676-NetworkedLAMS/ummaa_project_data_samples/Containers
Containers,37327_5.jpg,jpg,3702822,3616,3703,3.5,4,Containers/37327_5.jpg,/Users/jajohnst/Documents/teaching/2025-4-SI-676-NetworkedLAMS/ummaa_project_data_samples/Containers
Containers,17599_5.jpg,jpg,3583741,3499.7,3584,3.4,4,Containers/17599_5.jpg,/Users/jajohnst/Documents/teaching/2025-4-SI-676-NetworkedLAMS/ummaa_project_data_samples/Containers
Containers,17606_6.jpg,jpg,6079696,5937.2,6080,5.8,6,Containers/17606_6.jpg,/Users/jajohnst/Documents/teaching/2025-4-SI-676-NetworkedLAMS/ummaa_project_data_samples/Containers
Containers,8578_5.jpg,jpg,3343642,3265.3,3344,3.2,3,Containers/8578_5.jpg,/Users/jajohnst/Documents/teaching/2025-4-SI-676-NetworkedLAMS/ummaa_project_data_samples/Containers
Containers,17604_4.jpg,jpg,3393357,3313.8,3393,3.2,3,Containers/17604_4.jpg,/Users/jajohnst/Documents/teaching/2025-4-SI-676-NetworkedLAMS/ummaa_project_data_samples/Containers
Containers,8645-b_8.jpg,jpg,3422892,3342.7,3423,3.3,3,Containers/8645-b_8.jpg,/Users/jajohnst/Documents/teaching/2025-4-SI-676-NetworkedLAMS/ummaa_project_data_samples/Containers
Containers,8056_2.jpg,jpg,2911562,2843.3,2912,2.8,3,Containers/8056_2.jpg,/Users/jajohnst/Documents/teaching/2025-4-SI-676-NetworkedLAMS/ummaa_project_data_samples/Containers
Containers,17595_8.jpg,jpg,4168903,4071.2,4169,4,4,Containers/17595_8.jpg,/Users/jajohnst/Documents/teaching/2025-4-SI-676-NetworkedLAMS/ummaa_project_data_samples/Containers
Containers,8035_1.jpg,jpg,4704375,4594.1,4704,4.5,5,Containers/8035_1.jpg,/Users/jajohnst/Documents/teaching/2025-4-SI-676-NetworkedLAMS/ummaa_project_data_samples/Containers
Containers,17586_2.jpg,jpg,3047502,2976.1,3048,2.9,3,Containers/17586_2.jpg,/Users/jajohnst/Documents/teaching/2025-4-SI-676-NetworkedLAMS/ummaa_project_data_samples/Containers
Containers,17602_2.jpg,jpg,3677653,3591.5,3678,3.5,4,Containers/17602_2.jpg,/Users/jajohnst/Documents/teaching/2025-4-SI-676-NetworkedLAMS/ummaa_project_data_samples/Containers
Containers,8644_5.jpg,jpg,4848084,4734.5,4848,4.6,5,Containers/8644_5.jpg,/Users/jajohnst/Documents/teaching/2025-4-SI-676-NetworkedLAMS/ummaa_project_data_samples/Containers
Containers,17580_4.jpg,jpg,4176725,4078.8,4177,4,4,Containers/17580_4.jpg,/Users/jajohnst/Documents/teaching/2025-4-SI-676-NetworkedLAMS/ummaa_project_data_samples/Containers
Containers,1989-74-47_2.jpg,jpg,2792262,2726.8,2792,2.7,3,Containers/1989-74-47_2.jpg,/Users/jajohnst/Documents/teaching/2025-4-SI-676-NetworkedLAMS/ummaa_project_data_samples/Containers
Containers,17582_6.jpg,jpg,4767249,4655.5,4767,4.5,5,Containers/17582_6.jpg,/Users/jajohnst/Documents/teaching/2025-4-SI-676-NetworkedLAMS/ummaa_project_data_samples/Containers
Containers,8074_5.jpg,jpg,4124363,4027.7,4124,3.9,4,Containers/8074_5.jpg,/Users/jajohnst/Documents/teaching/2025-4-SI-676-NetworkedLAMS/ummaa_project_data_samples/Containers
Containers,1989-74-26_3.jpg,jpg,5232162,5109.5,5232,5,5,Containers/1989-74-26_3.jpg,/Users/jajohnst/Documents/teaching/2025-4-SI-676-NetworkedLAMS/ummaa_project_data_samples/Containers
Containers,17591_8.jpg,jpg,3229375,3153.7,3229,3.1,3,Containers/17591_8.jpg,/Users/jajohnst/Documents/teaching/2025-4-SI-676-NetworkedLAMS/ummaa_project_data_samples/Containers
Containers,8074_1.jpg,jpg,3630795,3545.7,3631,3.5,4,Containers/8074_1.jpg,/Users/jajohnst/Documents/teaching/2025-4-SI-676-NetworkedLAMS/ummaa_project_data_samples/Containers
Containers,17582_2.jpg,jpg,5506738,5377.7,5507,5.3,6,Containers/17582_2.jpg,/Users/jajohnst/Documents/teaching/2025-4-SI-676-NetworkedLAMS/ummaa_project_data_samples/Containers
Containers,1989-74-26_7.jpg,jpg,3277383,3200.6,3277,3.1,3,Containers/1989-74-26_7.jpg,/Users/jajohnst/Documents/teaching/2025-4-SI-676-NetworkedLAMS/ummaa_project_data_samples/Containers
Containers,8069_4.jpg,jpg,3588287,3504.2,3588,3.4,4,Containers/8069_4.jpg,/Users/jajohnst/Documents/teaching/2025-4-SI-676-NetworkedLAMS/ummaa_project_data_samples/Containers
Containers,8527-b_4.jpg,jpg,4432157,4328.3,4432,4.2,4,Containers/8527-b_4.jpg,/Users/jajohnst/Documents/teaching/2025-4-SI-676-NetworkedLAMS/ummaa_project_data_samples/Containers
Containers,17606_10.jpg,jpg,3688515,3602.1,3689,3.5,4,Containers/17606_10.jpg,/Users/jajohnst/Documents/teaching/2025-4-SI-676-NetworkedLAMS/ummaa_project_data_samples/Containers
Containers,1989-74-47_6.jpg,jpg,1144198,1117.4,1144,1.1,1,Containers/1989-74-47_6.jpg,/Users/jajohnst/Documents/teaching/2025-4-SI-676-NetworkedLAMS/ummaa_project_data_samples/Containers
Containers,8126_11.jpg,jpg,1628050,1589.9,1628,1.6,2,Containers/8126_11.jpg,/Users/jajohnst/Documents/teaching/2025-4-SI-676-NetworkedLAMS/ummaa_project_data_samples/Containers
Containers,8644_1.jpg,jpg,4370151,4267.7,4370,4.2,4,Containers/8644_1.jpg,/Users/jajohnst/Documents/teaching/2025-4-SI-676-NetworkedLAMS/ummaa_project_data_samples/Containers
Containers,17602_6.jpg,jpg,3356163,3277.5,3356,3.2,3,Containers/17602_6.jpg,/Users/jajohnst/Documents/teaching/2025-4-SI-676-NetworkedLAMS/ummaa_project_data_samples/Containers
Containers,17575_9.jpg,jpg,4798736,4686.3,4799,4.6,5,Containers/17575_9.jpg,/Users/jajohnst/Documents/teaching/2025-4-SI-676-NetworkedLAMS/ummaa_project_data_samples/Containers
Containers,8578_1.jpg,jpg,4767073,4655.3,4767,4.5,5,Containers/8578_1.jpg,/Users/jajohnst/Documents/teaching/2025-4-SI-676-NetworkedLAMS/ummaa_project_data_samples/Containers
Containers,17577.jpg,jpg,1369557,1337.5,1370,1.3,1,Containers/17577.jpg,/Users/jajohnst/Documents/teaching/2025-4-SI-676-NetworkedLAMS/ummaa_project_data_samples/Containers
Containers,17599_1.jpg,jpg,3058831,2987.1,3059,2.9,3,Containers/17599_1.jpg,/Users/jajohnst/Documents/teaching/2025-4-SI-676-NetworkedLAMS/ummaa_project_data_samples/Containers
Containers,37327_1.jpg,jpg,4864486,4750.5,4864,4.6,5,Containers/37327_1.jpg,/Users/jajohnst/Documents/teaching/2025-4-SI-676-NetworkedLAMS/ummaa_project_data_samples/Containers
Containers,8409-a_1.jpg,jpg,3336330,3258.1,3336,3.2,3,Containers/8409-a_1.jpg,/Users/jajohnst/Documents/teaching/2025-4-SI-676-NetworkedLAMS/ummaa_project_data_samples/Containers
Containers,8128_5.jpg,jpg,3592272,3508.1,3592,3.4,4,Containers/8128_5.jpg,/Users/jajohnst/Documents/teaching/2025-4-SI-676-NetworkedLAMS/ummaa_project_data_samples/Containers
Containers,17606_2.jpg,jpg,5585211,5454.3,5585,5.3,6,Containers/17606_2.jpg,/Users/jajohnst/Documents/teaching/2025-4-SI-676-NetworkedLAMS/ummaa_project_data_samples/Containers
Containers,17579_4.jpg,jpg,4263774,4163.8,4264,4.1,4,Containers/17579_4.jpg,/Users/jajohnst/Documents/teaching/2025-4-SI-676-NetworkedLAMS/ummaa_project_data_samples/Containers
Containers,17579_5.jpg,jpg,4404239,4301,4404,4.2,4,Containers/17579_5.jpg,/Users/jajohnst/Documents/teaching/2025-4-SI-676-NetworkedLAMS/ummaa_project_data_samples/Containers
Containers,17606_3.jpg,jpg,5728440,5594.2,5728,5.5,6,Containers/17606_3.jpg,/Users/jajohnst/Documents/teaching/2025-4-SI-676-NetworkedLAMS/ummaa_project_data_samples/Containers
Containers,8128_4.jpg,jpg,3665968,3580,3666,3.5,4,Containers/8128_4.jpg,/Users/jajohnst/Documents/teaching/2025-4-SI-676-NetworkedLAMS/ummaa_project_data_samples/Containers
Containers,17595_10.jpg,jpg,3665495,3579.6,3665,3.5,4,Containers/17595_10.jpg,/Users/jajohnst/Documents/teaching/2025-4-SI-676-NetworkedLAMS/ummaa_project_data_samples/Containers
Containers,17604_1.jpg,jpg,4019636,3925.4,4020,3.8,4,Containers/17604_1.jpg,/Users/jajohnst/Documents/teaching/2025-4-SI-676-NetworkedLAMS/ummaa_project_data_samples/Containers
Containers,17575_8.jpg,jpg,4679489,4569.8,4679,4.5,5,Containers/17575_8.jpg,/Users/jajohnst/Documents/teaching/2025-4-SI-676-NetworkedLAMS/ummaa_project_data_samples/Containers
Containers,17602_7.jpg,jpg,4397874,4294.8,4398,4.2,4,Containers/17602_7.jpg,/Users/jajohnst/Documents/teaching/2025-4-SI-676-NetworkedLAMS/ummaa_project_data_samples/Containers
Containers,8126_10.jpg,jpg,1634316,1596,1634,1.6,2,Containers/8126_10.jpg,/Users/jajohnst/Documents/teaching/2025-4-SI-676-NetworkedLAMS/ummaa_project_data_samples/Containers
Containers,17580_1.jpg,jpg,3743023,3655.3,3743,3.6,4,Containers/17580_1.jpg,/Users/jajohnst/Documents/teaching/2025-4-SI-676-NetworkedLAMS/ummaa_project_data_samples/Containers
Containers,17606_11.jpg,jpg,3600893,3516.5,3601,3.4,4,Containers/17606_11.jpg,/Users/jajohnst/Documents/teaching/2025-4-SI-676-NetworkedLAMS/ummaa_project_data_samples/Containers
Containers,8527-b_5.jpg,jpg,4418780,4315.2,4419,4.2,4,Containers/8527-b_5.jpg,/Users/jajohnst/Documents/teaching/2025-4-SI-676-NetworkedLAMS/ummaa_project_data_samples/Containers
Containers,8069_5.jpg,jpg,3486709,3405,3487,3.3,3,Containers/8069_5.jpg,/Users/jajohnst/Documents/teaching/2025-4-SI-676-NetworkedLAMS/ummaa_project_data_samples/Containers
Containers,1989-74-26_6.jpg,jpg,3709316,3622.4,3709,3.5,4,Containers/1989-74-26_6.jpg,/Users/jajohnst/Documents/teaching/2025-4-SI-676-NetworkedLAMS/ummaa_project_data_samples/Containers
Containers,17582_3.jpg,jpg,3598048,3513.7,3598,3.4,4,Containers/17582_3.jpg,/Users/jajohnst/Documents/teaching/2025-4-SI-676-NetworkedLAMS/ummaa_project_data_samples/Containers
Containers,8074_2.jpg,jpg,4168184,4070.5,4168,4,4,Containers/8074_2.jpg,/Users/jajohnst/Documents/teaching/2025-4-SI-676-NetworkedLAMS/ummaa_project_data_samples/Containers
Containers,17582_1.jpg,jpg,4656594,4547.5,4657,4.4,5,Containers/17582_1.jpg,/Users/jajohnst/Documents/teaching/2025-4-SI-676-NetworkedLAMS/ummaa_project_data_samples/Containers
Containers,8067_8.jpg,jpg,3741129,3653.4,3741,3.6,4,Containers/8067_8.jpg,/Users/jajohnst/Documents/teaching/2025-4-SI-676-NetworkedLAMS/ummaa_project_data_samples/Containers
Containers,1989-74-26_4.jpg,jpg,5354078,5228.6,5354,5.1,5,Containers/1989-74-26_4.jpg,/Users/jajohnst/Documents/teaching/2025-4-SI-676-NetworkedLAMS/ummaa_project_data_samples/Containers
Containers,8069_7.jpg,jpg,1505504,1470.2,1506,1.4,2,Containers/8069_7.jpg,/Users/jajohnst/Documents/teaching/2025-4-SI-676-NetworkedLAMS/ummaa_project_data_samples/Containers
Containers,8527-b_7.jpg,jpg,2844501,2777.8,2845,2.7,3,Containers/8527-b_7.jpg,/Users/jajohnst/Documents/teaching/2025-4-SI-676-NetworkedLAMS/ummaa_project_data_samples/Containers
Containers,17606_13.jpg,jpg,5851420,5714.3,5851,5.6,6,Containers/17606_13.jpg,/Users/jajohnst/Documents/teaching/2025-4-SI-676-NetworkedLAMS/ummaa_project_data_samples/Containers
Containers,17580_3.jpg,jpg,4025780,3931.4,4026,3.8,4,Containers/17580_3.jpg,/Users/jajohnst/Documents/teaching/2025-4-SI-676-NetworkedLAMS/ummaa_project_data_samples/Containers
Containers,17593_9.jpg,jpg,2546622,2486.9,2547,2.4,3,Containers/17593_9.jpg,/Users/jajohnst/Documents/teaching/2025-4-SI-676-NetworkedLAMS/ummaa_project_data_samples/Containers
Containers,1989-74-47_5.jpg,jpg,621434,606.9,621,0.6,1,Containers/1989-74-47_5.jpg,/Users/jajohnst/Documents/teaching/2025-4-SI-676-NetworkedLAMS/ummaa_project_data_samples/Containers
Containers,17602_5.jpg,jpg,3380470,3301.2,3380,3.2,3,Containers/17602_5.jpg,/Users/jajohnst/Documents/teaching/2025-4-SI-676-NetworkedLAMS/ummaa_project_data_samples/Containers
Containers,8644_2.jpg,jpg,2839441,2772.9,2839,2.7,3,Containers/8644_2.jpg,/Users/jajohnst/Documents/teaching/2025-4-SI-676-NetworkedLAMS/ummaa_project_data_samples/Containers
Containers,17586_5.jpg,jpg,2334534,2279.8,2335,2.2,2,Containers/17586_5.jpg,/Users/jajohnst/Documents/teaching/2025-4-SI-676-NetworkedLAMS/ummaa_project_data_samples/Containers
Containers,8578_2.jpg,jpg,3340822,3262.5,3341,3.2,3,Containers/8578_2.jpg,/Users/jajohnst/Documents/teaching/2025-4-SI-676-NetworkedLAMS/ummaa_project_data_samples/Containers
Containers,17604_3.jpg,jpg,2898421,2830.5,2898,2.8,3,Containers/17604_3.jpg,/Users/jajohnst/Documents/teaching/2025-4-SI-676-NetworkedLAMS/ummaa_project_data_samples/Containers
Containers,92304_8.jpg,jpg,2580731,2520.2,2581,2.5,3,Containers/92304_8.jpg,/Users/jajohnst/Documents/teaching/2025-4-SI-676-NetworkedLAMS/ummaa_project_data_samples/Containers
Containers,8126_9.jpg,jpg,2714142,2650.5,2714,2.6,3,Containers/8126_9.jpg,/Users/jajohnst/Documents/teaching/2025-4-SI-676-NetworkedLAMS/ummaa_project_data_samples/Containers
Containers,1989-74-76_8.jpg,jpg,3305464,3228,3305,3.2,3,Containers/1989-74-76_8.jpg,/Users/jajohnst/Documents/teaching/2025-4-SI-676-NetworkedLAMS/ummaa_project_data_samples/Containers
Containers,8128_6.jpg,jpg,3659706,3573.9,3660,3.5,4,Containers/8128_6.jpg,/Users/jajohnst/Documents/teaching/2025-4-SI-676-NetworkedLAMS/ummaa_project_data_samples/Containers
Containers,8409-a_2.jpg,jpg,3395803,3316.2,3396,3.2,3,Containers/8409-a_2.jpg,/Users/jajohnst/Documents/teaching/2025-4-SI-676-NetworkedLAMS/ummaa_project_data_samples/Containers
Containers,17599_2.jpg,jpg,3632636,3547.5,3633,3.5,4,Containers/17599_2.jpg,/Users/jajohnst/Documents/teaching/2025-4-SI-676-NetworkedLAMS/ummaa_project_data_samples/Containers
Containers,37327_2.jpg,jpg,3737901,3650.3,3738,3.6,4,Containers/37327_2.jpg,/Users/jajohnst/Documents/teaching/2025-4-SI-676-NetworkedLAMS/ummaa_project_data_samples/Containers
Containers,17579_7.jpg,jpg,3001208,2930.9,3001,2.9,3,Containers/17579_7.jpg,/Users/jajohnst/Documents/teaching/2025-4-SI-676-NetworkedLAMS/ummaa_project_data_samples/Containers
Containers,17606_1.jpg,jpg,5151975,5031.2,5152,4.9,5,Containers/17606_1.jpg,/Users/jajohnst/Documents/teaching/2025-4-SI-676-NetworkedLAMS/ummaa_project_data_samples/Containers
Containers,17579_6.jpg,jpg,3340580,3262.3,3341,3.2,3,Containers/17579_6.jpg,/Users/jajohnst/Documents/teaching/2025-4-SI-676-NetworkedLAMS/ummaa_project_data_samples/Containers
Containers,37327_3.jpg,jpg,3554039,3470.7,3554,3.4,4,Containers/37327_3.jpg,/Users/jajohnst/Documents/teaching/2025-4-SI-676-NetworkedLAMS/ummaa_project_data_samples/Containers
Containers,17599_3.jpg,jpg,3503138,3421,3503,3.3,4,Containers/17599_3.jpg,/Users/jajohnst/Documents/teaching/2025-4-SI-676-NetworkedLAMS/ummaa_project_data_samples/Containers
Containers,8128_7.jpg,jpg,3726322,3639,3726,3.6,4,Containers/8128_7.jpg,/Users/jajohnst/Documents/teaching/2025-4-SI-676-NetworkedLAMS/ummaa_project_data_samples/Containers
Containers,8409-a_3.jpg,jpg,3357525,3278.8,3358,3.2,3,Containers/8409-a_3.jpg,/Users/jajohnst/Documents/teaching/2025-4-SI-676-NetworkedLAMS/ummaa_project_data_samples/Containers
Containers,92304_9.jpg,jpg,1730592,1690,1731,1.7,2,Containers/92304_9.jpg,/Users/jajohnst/Documents/teaching/2025-4-SI-676-NetworkedLAMS/ummaa_project_data_samples/Containers
Containers,8126_8.jpg,jpg,2828806,2762.5,2829,2.7,3,Containers/8126_8.jpg,/Users/jajohnst/Documents/teaching/2025-4-SI-676-NetworkedLAMS/ummaa_project_data_samples/Containers
Containers,17604_2.jpg,jpg,3368269,3289.3,3368,3.2,3,Containers/17604_2.jpg,/Users/jajohnst/Documents/teaching/2025-4-SI-676-NetworkedLAMS/ummaa_project_data_samples/Containers
Containers,8578_3.jpg,jpg,3426128,3345.8,3426,3.3,3,Containers/8578_3.jpg,/Users/jajohnst/Documents/teaching/2025-4-SI-676-NetworkedLAMS/ummaa_project_data_samples/Containers
Containers,17586_4.jpg,jpg,2312296,2258.1,2312,2.2,2,Containers/17586_4.jpg,/Users/jajohnst/Documents/teaching/2025-4-SI-676-NetworkedLAMS/ummaa_project_data_samples/Containers
Containers,8056_4.jpg,jpg,4933505,4817.9,4934,4.7,5,Containers/8056_4.jpg,/Users/jajohnst/Documents/teaching/2025-4-SI-676-NetworkedLAMS/ummaa_project_data_samples/Containers
Containers,17602_4.jpg,jpg,3552052,3468.8,3552,3.4,4,Containers/17602_4.jpg,/Users/jajohnst/Documents/teaching/2025-4-SI-676-NetworkedLAMS/ummaa_project_data_samples/Containers
Containers,8644_3.jpg,jpg,3684061,3597.7,3684,3.5,4,Containers/8644_3.jpg,/Users/jajohnst/Documents/teaching/2025-4-SI-676-NetworkedLAMS/ummaa_project_data_samples/Containers
Containers,1989-74-47_4.jpg,jpg,2802543,2736.9,2803,2.7,3,Containers/1989-74-47_4.jpg,/Users/jajohnst/Documents/teaching/2025-4-SI-676-NetworkedLAMS/ummaa_project_data_samples/Containers
Containers,17593_8.jpg,jpg,2870765,2803.5,2871,2.7,3,Containers/17593_8.jpg,/Users/jajohnst/Documents/teaching/2025-4-SI-676-NetworkedLAMS/ummaa_project_data_samples/Containers
Containers,17580_2.jpg,jpg,4139040,4042,4139,3.9,4,Containers/17580_2.jpg,/Users/jajohnst/Documents/teaching/2025-4-SI-676-NetworkedLAMS/ummaa_project_data_samples/Containers
Containers,17606_12.jpg,jpg,5787730,5652.1,5788,5.5,6,Containers/17606_12.jpg,/Users/jajohnst/Documents/teaching/2025-4-SI-676-NetworkedLAMS/ummaa_project_data_samples/Containers
Containers,8527-b_6.jpg,jpg,2164450,2113.7,2164,2.1,2,Containers/8527-b_6.jpg,/Users/jajohnst/Documents/teaching/2025-4-SI-676-NetworkedLAMS/ummaa_project_data_samples/Containers
Containers,8069_6.jpg,jpg,1278107,1248.2,1278,1.2,1,Containers/8069_6.jpg,/Users/jajohnst/Documents/teaching/2025-4-SI-676-NetworkedLAMS/ummaa_project_data_samples/Containers
Containers,1989-74-26_5.jpg,jpg,5430521,5303.2,5431,5.2,5,Containers/1989-74-26_5.jpg,/Users/jajohnst/Documents/teaching/2025-4-SI-676-NetworkedLAMS/ummaa_project_data_samples/Containers
Containers,8067_9.jpg,jpg,3559530,3476.1,3560,3.4,4,Containers/8067_9.jpg,/Users/jajohnst/Documents/teaching/2025-4-SI-676-NetworkedLAMS/ummaa_project_data_samples/Containers
Containers,8074_3.jpg,jpg,4225799,4126.8,4226,4,4,Containers/8074_3.jpg,/Users/jajohnst/Documents/teaching/2025-4-SI-676-NetworkedLAMS/ummaa_project_data_samples/Containers
Containers,8067_4.jpg,jpg,3306604,3229.1,3307,3.2,3,Containers/8067_4.jpg,/Users/jajohnst/Documents/teaching/2025-4-SI-676-NetworkedLAMS/ummaa_project_data_samples/Containers
Containers,92303_10.jpg,jpg,2325797,2271.3,2326,2.2,2,Containers/92303_10.jpg,/Users/jajohnst/Documents/teaching/2025-4-SI-676-NetworkedLAMS/ummaa_project_data_samples/Containers
Containers,17591_7.jpg,jpg,3150438,3076.6,3150,3,3,Containers/17591_7.jpg,/Users/jajohnst/Documents/teaching/2025-4-SI-676-NetworkedLAMS/ummaa_project_data_samples/Containers
Containers,25675_1.jpg,jpg,2279699,2226.3,2280,2.2,2,Containers/25675_1.jpg,/Users/jajohnst/Documents/teaching/2025-4-SI-676-NetworkedLAMS/ummaa_project_data_samples/Containers
Containers,92302_2.jpg,jpg,3128250,3054.9,3128,3,3,Containers/92302_2.jpg,/Users/jajohnst/Documents/teaching/2025-4-SI-676-NetworkedLAMS/ummaa_project_data_samples/Containers
Containers,37326_12.jpg,jpg,3491450,3409.6,3491,3.3,3,Containers/37326_12.jpg,/Users/jajohnst/Documents/teaching/2025-4-SI-676-NetworkedLAMS/ummaa_project_data_samples/Containers
Containers,8528-a_7.jpg,jpg,2586471,2525.9,2586,2.5,3,Containers/8528-a_7.jpg,/Users/jajohnst/Documents/teaching/2025-4-SI-676-NetworkedLAMS/ummaa_project_data_samples/Containers
Containers,1989-74-26_8.jpg,jpg,3619144,3534.3,3619,3.5,4,Containers/1989-74-26_8.jpg,/Users/jajohnst/Documents/teaching/2025-4-SI-676-NetworkedLAMS/ummaa_project_data_samples/Containers
Containers,17613_1.jpg,jpg,5299228,5175,5299,5.1,5,Containers/17613_1.jpg,/Users/jajohnst/Documents/teaching/2025-4-SI-676-NetworkedLAMS/ummaa_project_data_samples/Containers
Containers,17593_5.jpg,jpg,4343505,4241.7,4344,4.1,4,Containers/17593_5.jpg,/Users/jajohnst/Documents/teaching/2025-4-SI-676-NetworkedLAMS/ummaa_project_data_samples/Containers
Containers,8418_1_1.jpg,jpg,4291000,4190.4,4291,4.1,4,Containers/8418_1_1.jpg,/Users/jajohnst/Documents/teaching/2025-4-SI-676-NetworkedLAMS/ummaa_project_data_samples/Containers
Containers,1989-74-53_11.jpg,jpg,1284847,1254.7,1285,1.2,1,Containers/1989-74-53_11.jpg,/Users/jajohnst/Documents/teaching/2025-4-SI-676-NetworkedLAMS/ummaa_project_data_samples/Containers
Containers,8528-c_5.jpg,jpg,4496412,4391,4496,4.3,4,Containers/8528-c_5.jpg,/Users/jajohnst/Documents/teaching/2025-4-SI-676-NetworkedLAMS/ummaa_project_data_samples/Containers
Containers,8529-a_2.jpg,jpg,4406465,4303.2,4406,4.2,4,Containers/8529-a_2.jpg,/Users/jajohnst/Documents/teaching/2025-4-SI-676-NetworkedLAMS/ummaa_project_data_samples/Containers
Containers,8637-b_3.jpg,jpg,4437956,4333.9,4438,4.2,4,Containers/8637-b_3.jpg,/Users/jajohnst/Documents/teaching/2025-4-SI-676-NetworkedLAMS/ummaa_project_data_samples/Containers
Containers,17602_9.jpg,jpg,2881679,2814.1,2882,2.7,3,Containers/17602_9.jpg,/Users/jajohnst/Documents/teaching/2025-4-SI-676-NetworkedLAMS/ummaa_project_data_samples/Containers
Containers,8124_7.jpg,jpg,3606745,3522.2,3607,3.4,4,Containers/8124_7.jpg,/Users/jajohnst/Documents/teaching/2025-4-SI-676-NetworkedLAMS/ummaa_project_data_samples/Containers
Containers,17595_3.jpg,jpg,3576605,3492.8,3577,3.4,4,Containers/17595_3.jpg,/Users/jajohnst/Documents/teaching/2025-4-SI-676-NetworkedLAMS/ummaa_project_data_samples/Containers
Containers,8645-b_3.jpg,jpg,3215339,3140,3215,3.1,3,Containers/8645-b_3.jpg,/Users/jajohnst/Documents/teaching/2025-4-SI-676-NetworkedLAMS/ummaa_project_data_samples/Containers
Containers,17575_6.jpg,jpg,3655019,3569.4,3655,3.5,4,Containers/17575_6.jpg,/Users/jajohnst/Documents/teaching/2025-4-SI-676-NetworkedLAMS/ummaa_project_data_samples/Containers
Containers,8576_1.jpg,jpg,4614386,4506.2,4614,4.4,5,Containers/8576_1.jpg,/Users/jajohnst/Documents/teaching/2025-4-SI-676-NetworkedLAMS/ummaa_project_data_samples/Containers
Containers,8550_2.jpg,jpg,3455524,3374.5,3456,3.3,3,Containers/8550_2.jpg,/Users/jajohnst/Documents/teaching/2025-4-SI-676-NetworkedLAMS/ummaa_project_data_samples/Containers
Containers,8058_6.jpg,jpg,1543895,1507.7,1544,1.5,2,Containers/8058_6.jpg,/Users/jajohnst/Documents/teaching/2025-4-SI-676-NetworkedLAMS/ummaa_project_data_samples/Containers
Containers,17588_6.jpg,jpg,3220957,3145.5,3221,3.1,3,Containers/17588_6.jpg,/Users/jajohnst/Documents/teaching/2025-4-SI-676-NetworkedLAMS/ummaa_project_data_samples/Containers
Containers,92304_4.jpg,jpg,3270340,3193.7,3270,3.1,3,Containers/92304_4.jpg,/Users/jajohnst/Documents/teaching/2025-4-SI-676-NetworkedLAMS/ummaa_project_data_samples/Containers
Containers,8126_5.jpg,jpg,4048768,3953.9,4049,3.9,4,Containers/8126_5.jpg,/Users/jajohnst/Documents/teaching/2025-4-SI-676-NetworkedLAMS/ummaa_project_data_samples/Containers
Containers,17597_1.jpg,jpg,4913081,4797.9,4913,4.7,5,Containers/17597_1.jpg,/Users/jajohnst/Documents/teaching/2025-4-SI-676-NetworkedLAMS/ummaa_project_data_samples/Containers
Containers,17577_4.jpg,jpg,4228785,4129.7,4229,4,4,Containers/17577_4.jpg,/Users/jajohnst/Documents/teaching/2025-4-SI-676-NetworkedLAMS/ummaa_project_data_samples/Containers
Containers,1989-74-76_4.jpg,jpg,2746732,2682.4,2747,2.6,3,Containers/1989-74-76_4.jpg,/Users/jajohnst/Documents/teaching/2025-4-SI-676-NetworkedLAMS/ummaa_project_data_samples/Containers
Containers,17608_2.jpg,jpg,3826910,3737.2,3827,3.6,4,Containers/17608_2.jpg,/Users/jajohnst/Documents/teaching/2025-4-SI-676-NetworkedLAMS/ummaa_project_data_samples/Containers
Containers,92107_3.jpg,jpg,2923801,2855.3,2924,2.8,3,Containers/92107_3.jpg,/Users/jajohnst/Documents/teaching/2025-4-SI-676-NetworkedLAMS/ummaa_project_data_samples/Containers
Containers,92298_1.jpg,jpg,4751890,4640.5,4752,4.5,5,Containers/92298_1.jpg,/Users/jajohnst/Documents/teaching/2025-4-SI-676-NetworkedLAMS/ummaa_project_data_samples/Containers
Containers,92107_2.jpg,jpg,2912983,2844.7,2913,2.8,3,Containers/92107_2.jpg,/Users/jajohnst/Documents/teaching/2025-4-SI-676-NetworkedLAMS/ummaa_project_data_samples/Containers
Containers,17608_3.jpg,jpg,3881736,3790.8,3882,3.7,4,Containers/17608_3.jpg,/Users/jajohnst/Documents/teaching/2025-4-SI-676-NetworkedLAMS/ummaa_project_data_samples/Containers
Containers,17577_5.jpg,jpg,4290905,4190.3,4291,4.1,4,Containers/17577_5.jpg,/Users/jajohnst/Documents/teaching/2025-4-SI-676-NetworkedLAMS/ummaa_project_data_samples/Containers
Containers,1989-74-76_5.jpg,jpg,2720375,2656.6,2720,2.6,3,Containers/1989-74-76_5.jpg,/Users/jajohnst/Documents/teaching/2025-4-SI-676-NetworkedLAMS/ummaa_project_data_samples/Containers
Containers,92304_5.jpg,jpg,3121829,3048.7,3122,3,3,Containers/92304_5.jpg,/Users/jajohnst/Documents/teaching/2025-4-SI-676-NetworkedLAMS/ummaa_project_data_samples/Containers
Containers,8126_4.jpg,jpg,3774253,3685.8,3774,3.6,4,Containers/8126_4.jpg,/Users/jajohnst/Documents/teaching/2025-4-SI-676-NetworkedLAMS/ummaa_project_data_samples/Containers
Containers,8637-d_4.jpg,jpg,5072631,4953.7,5073,4.8,5,Containers/8637-d_4.jpg,/Users/jajohnst/Documents/teaching/2025-4-SI-676-NetworkedLAMS/ummaa_project_data_samples/Containers
Containers,17588_7.jpg,jpg,3287262,3210.2,3287,3.1,3,Containers/17588_7.jpg,/Users/jajohnst/Documents/teaching/2025-4-SI-676-NetworkedLAMS/ummaa_project_data_samples/Containers
Containers,8058_7.jpg,jpg,1746801,1705.9,1747,1.7,2,Containers/8058_7.jpg,/Users/jajohnst/Documents/teaching/2025-4-SI-676-NetworkedLAMS/ummaa_project_data_samples/Containers
Containers,17653-b_1.jpg,jpg,2172356,2121.4,2172,2.1,2,Containers/17653-b_1.jpg,/Users/jajohnst/Documents/teaching/2025-4-SI-676-NetworkedLAMS/ummaa_project_data_samples/Containers
Containers,8550_3.jpg,jpg,3031408,2960.4,3031,2.9,3,Containers/8550_3.jpg,/Users/jajohnst/Documents/teaching/2025-4-SI-676-NetworkedLAMS/ummaa_project_data_samples/Containers
Containers,17575_7.jpg,jpg,2494799,2436.3,2495,2.4,2,Containers/17575_7.jpg,/Users/jajohnst/Documents/teaching/2025-4-SI-676-NetworkedLAMS/ummaa_project_data_samples/Containers
Containers,8645-b_2.jpg,jpg,5503473,5374.5,5503,5.2,6,Containers/8645-b_2.jpg,/Users/jajohnst/Documents/teaching/2025-4-SI-676-NetworkedLAMS/ummaa_project_data_samples/Containers
Containers,17595_2.jpg,jpg,5466082,5338,5466,5.2,5,Containers/17595_2.jpg,/Users/jajohnst/Documents/teaching/2025-4-SI-676-NetworkedLAMS/ummaa_project_data_samples/Containers
Containers,8124_6.jpg,jpg,3397452,3317.8,3397,3.2,3,Containers/8124_6.jpg,/Users/jajohnst/Documents/teaching/2025-4-SI-676-NetworkedLAMS/ummaa_project_data_samples/Containers
Containers,17602_8.jpg,jpg,2880511,2813,2881,2.7,3,Containers/17602_8.jpg,/Users/jajohnst/Documents/teaching/2025-4-SI-676-NetworkedLAMS/ummaa_project_data_samples/Containers
Containers,8637-b_2.jpg,jpg,2884171,2816.6,2884,2.8,3,Containers/8637-b_2.jpg,/Users/jajohnst/Documents/teaching/2025-4-SI-676-NetworkedLAMS/ummaa_project_data_samples/Containers
Containers,8529-a_3.jpg,jpg,4358643,4256.5,4359,4.2,4,Containers/8529-a_3.jpg,/Users/jajohnst/Documents/teaching/2025-4-SI-676-NetworkedLAMS/ummaa_project_data_samples/Containers
Containers,1989-74-53_10.jpg,jpg,2154536,2104,2155,2.1,2,Containers/1989-74-53_10.jpg,/Users/jajohnst/Documents/teaching/2025-4-SI-676-NetworkedLAMS/ummaa_project_data_samples/Containers
Containers,8528-c_4.jpg,jpg,4448323,4344.1,4448,4.2,4,Containers/8528-c_4.jpg,/Users/jajohnst/Documents/teaching/2025-4-SI-676-NetworkedLAMS/ummaa_project_data_samples/Containers
Containers,17593_4.jpg,jpg,4332933,4231.4,4333,4.1,4,Containers/17593_4.jpg,/Users/jajohnst/Documents/teaching/2025-4-SI-676-NetworkedLAMS/ummaa_project_data_samples/Containers
Containers,8528-a_6.jpg,jpg,2166702,2115.9,2167,2.1,2,Containers/8528-a_6.jpg,/Users/jajohnst/Documents/teaching/2025-4-SI-676-NetworkedLAMS/ummaa_project_data_samples/Containers
Containers,1989-74-26_9.jpg,jpg,3387922,3308.5,3388,3.2,3,Containers/1989-74-26_9.jpg,/Users/jajohnst/Documents/teaching/2025-4-SI-676-NetworkedLAMS/ummaa_project_data_samples/Containers
Containers,92302_3.jpg,jpg,3010568,2940,3011,2.9,3,Containers/92302_3.jpg,/Users/jajohnst/Documents/teaching/2025-4-SI-676-NetworkedLAMS/ummaa_project_data_samples/Containers
Containers,17591_6.jpg,jpg,3571832,3488.1,3572,3.4,4,Containers/17591_6.jpg,/Users/jajohnst/Documents/teaching/2025-4-SI-676-NetworkedLAMS/ummaa_project_data_samples/Containers
Containers,8067_5.jpg,jpg,3277999,3201.2,3278,3.1,3,Containers/8067_5.jpg,/Users/jajohnst/Documents/teaching/2025-4-SI-676-NetworkedLAMS/ummaa_project_data_samples/Containers
Containers,25675_2.jpg,jpg,2475481,2417.5,2475,2.4,2,Containers/25675_2.jpg,/Users/jajohnst/Documents/teaching/2025-4-SI-676-NetworkedLAMS/ummaa_project_data_samples/Containers
Containers,92302_1.jpg,jpg,4655755,4546.6,4656,4.4,5,Containers/92302_1.jpg,/Users/jajohnst/Documents/teaching/2025-4-SI-676-NetworkedLAMS/ummaa_project_data_samples/Containers
Containers,37326_11.jpg,jpg,3682872,3596.6,3683,3.5,4,Containers/37326_11.jpg,/Users/jajohnst/Documents/teaching/2025-4-SI-676-NetworkedLAMS/ummaa_project_data_samples/Containers
Containers,8067_7.jpg,jpg,2910894,2842.7,2911,2.8,3,Containers/8067_7.jpg,/Users/jajohnst/Documents/teaching/2025-4-SI-676-NetworkedLAMS/ummaa_project_data_samples/Containers
Containers,17591_4.jpg,jpg,4669682,4560.2,4670,4.5,5,Containers/17591_4.jpg,/Users/jajohnst/Documents/teaching/2025-4-SI-676-NetworkedLAMS/ummaa_project_data_samples/Containers
Containers,8528-a_4.jpg,jpg,4518831,4412.9,4519,4.3,5,Containers/8528-a_4.jpg,/Users/jajohnst/Documents/teaching/2025-4-SI-676-NetworkedLAMS/ummaa_project_data_samples/Containers
Containers,17613_2.jpg,jpg,3644027,3558.6,3644,3.5,4,Containers/17613_2.jpg,/Users/jajohnst/Documents/teaching/2025-4-SI-676-NetworkedLAMS/ummaa_project_data_samples/Containers
Containers,8418_1_2.jpg,jpg,3451045,3370.2,3451,3.3,3,Containers/8418_1_2.jpg,/Users/jajohnst/Documents/teaching/2025-4-SI-676-NetworkedLAMS/ummaa_project_data_samples/Containers
Containers,17593_6.jpg,jpg,3220296,3144.8,3220,3.1,3,Containers/17593_6.jpg,/Users/jajohnst/Documents/teaching/2025-4-SI-676-NetworkedLAMS/ummaa_project_data_samples/Containers
Containers,8529-a_1.jpg,jpg,3366632,3287.7,3367,3.2,3,Containers/8529-a_1.jpg,/Users/jajohnst/Documents/teaching/2025-4-SI-676-NetworkedLAMS/ummaa_project_data_samples/Containers
Containers,8528-c_6.jpg,jpg,2026176,1978.7,2026,1.9,2,Containers/8528-c_6.jpg,/Users/jajohnst/Documents/teaching/2025-4-SI-676-NetworkedLAMS/ummaa_project_data_samples/Containers
Containers,1989-74-53_12.jpg,jpg,2802178,2736.5,2802,2.7,3,Containers/1989-74-53_12.jpg,/Users/jajohnst/Documents/teaching/2025-4-SI-676-NetworkedLAMS/ummaa_project_data_samples/Containers
Containers,8124_4.jpg,jpg,4571206,4464.1,4571,4.4,5,Containers/8124_4.jpg,/Users/jajohnst/Documents/teaching/2025-4-SI-676-NetworkedLAMS/ummaa_project_data_samples/Containers
Containers,8550_1.jpg,jpg,4965398,4849,4965,4.7,5,Containers/8550_1.jpg,/Users/jajohnst/Documents/teaching/2025-4-SI-676-NetworkedLAMS/ummaa_project_data_samples/Containers
Containers,17575_5.jpg,jpg,4543118,4436.6,4543,4.3,5,Containers/17575_5.jpg,/Users/jajohnst/Documents/teaching/2025-4-SI-676-NetworkedLAMS/ummaa_project_data_samples/Containers
Containers,8576_2.jpg,jpg,3724185,3636.9,3724,3.6,4,Containers/8576_2.jpg,/Users/jajohnst/Documents/teaching/2025-4-SI-676-NetworkedLAMS/ummaa_project_data_samples/Containers
Containers,17588_5.jpg,jpg,3288583,3211.5,3289,3.1,3,Containers/17588_5.jpg,/Users/jajohnst/Documents/teaching/2025-4-SI-676-NetworkedLAMS/ummaa_project_data_samples/Containers
Containers,8058_5.jpg,jpg,3896975,3805.6,3897,3.7,4,Containers/8058_5.jpg,/Users/jajohnst/Documents/teaching/2025-4-SI-676-NetworkedLAMS/ummaa_project_data_samples/Containers
Containers,17653-b_3.jpg,jpg,3719700,3632.5,3720,3.5,4,Containers/17653-b_3.jpg,/Users/jajohnst/Documents/teaching/2025-4-SI-676-NetworkedLAMS/ummaa_project_data_samples/Containers
Containers,17597_2.jpg,jpg,4458762,4354.3,4459,4.3,4,Containers/17597_2.jpg,/Users/jajohnst/Documents/teaching/2025-4-SI-676-NetworkedLAMS/ummaa_project_data_samples/Containers
Containers,8126_6.jpg,jpg,3130818,3057.4,3131,3,3,Containers/8126_6.jpg,/Users/jajohnst/Documents/teaching/2025-4-SI-676-NetworkedLAMS/ummaa_project_data_samples/Containers
Containers,92304_7.jpg,jpg,1736144,1695.5,1736,1.7,2,Containers/92304_7.jpg,/Users/jajohnst/Documents/teaching/2025-4-SI-676-NetworkedLAMS/ummaa_project_data_samples/Containers
Containers,17608_1.jpg,jpg,4024455,3930.1,4024,3.8,4,Containers/17608_1.jpg,/Users/jajohnst/Documents/teaching/2025-4-SI-676-NetworkedLAMS/ummaa_project_data_samples/Containers
Containers,1989-74-76_7.jpg,jpg,2474587,2416.6,2475,2.4,2,Containers/1989-74-76_7.jpg,/Users/jajohnst/Documents/teaching/2025-4-SI-676-NetworkedLAMS/ummaa_project_data_samples/Containers
Containers,17577_7.jpg,jpg,2388245,2332.3,2388,2.3,2,Containers/17577_7.jpg,/Users/jajohnst/Documents/teaching/2025-4-SI-676-NetworkedLAMS/ummaa_project_data_samples/Containers
Containers,8128_9.jpg,jpg,1924714,1879.6,1925,1.8,2,Containers/8128_9.jpg,/Users/jajohnst/Documents/teaching/2025-4-SI-676-NetworkedLAMS/ummaa_project_data_samples/Containers
Containers,17579_8.jpg,jpg,2747711,2683.3,2748,2.6,3,Containers/17579_8.jpg,/Users/jajohnst/Documents/teaching/2025-4-SI-676-NetworkedLAMS/ummaa_project_data_samples/Containers
Containers,8637-f_4.jpg,jpg,4569805,4462.7,4570,4.4,5,Containers/8637-f_4.jpg,/Users/jajohnst/Documents/teaching/2025-4-SI-676-NetworkedLAMS/ummaa_project_data_samples/Containers
Containers,92298_3.jpg,jpg,4499433,4394,4499,4.3,4,Containers/92298_3.jpg,/Users/jajohnst/Documents/teaching/2025-4-SI-676-NetworkedLAMS/ummaa_project_data_samples/Containers
Containers,17579_9.jpg,jpg,2702896,2639.5,2703,2.6,3,Containers/17579_9.jpg,/Users/jajohnst/Documents/teaching/2025-4-SI-676-NetworkedLAMS/ummaa_project_data_samples/Containers
Containers,92298_2.jpg,jpg,4505201,4399.6,4505,4.3,5,Containers/92298_2.jpg,/Users/jajohnst/Documents/teaching/2025-4-SI-676-NetworkedLAMS/ummaa_project_data_samples/Containers
Containers,92107_1.jpg,jpg,4599518,4491.7,4600,4.4,5,Containers/92107_1.jpg,/Users/jajohnst/Documents/teaching/2025-4-SI-676-NetworkedLAMS/ummaa_project_data_samples/Containers
Containers,8128_8.jpg,jpg,4835339,4722,4835,4.6,5,Containers/8128_8.jpg,/Users/jajohnst/Documents/teaching/2025-4-SI-676-NetworkedLAMS/ummaa_project_data_samples/Containers
Containers,1989-74-76_6.jpg,jpg,2595402,2534.6,2595,2.5,3,Containers/1989-74-76_6.jpg,/Users/jajohnst/Documents/teaching/2025-4-SI-676-NetworkedLAMS/ummaa_project_data_samples/Containers
Containers,17577_6.jpg,jpg,3132009,3058.6,3132,3,3,Containers/17577_6.jpg,/Users/jajohnst/Documents/teaching/2025-4-SI-676-NetworkedLAMS/ummaa_project_data_samples/Containers
Containers,8126_7.jpg,jpg,3017878,2947.1,3018,2.9,3,Containers/8126_7.jpg,/Users/jajohnst/Documents/teaching/2025-4-SI-676-NetworkedLAMS/ummaa_project_data_samples/Containers
Containers,92304_6.jpg,jpg,2624245,2562.7,2624,2.5,3,Containers/92304_6.jpg,/Users/jajohnst/Documents/teaching/2025-4-SI-676-NetworkedLAMS/ummaa_project_data_samples/Containers
Containers,17597_3.jpg,jpg,4426786,4323,4427,4.2,4,Containers/17597_3.jpg,/Users/jajohnst/Documents/teaching/2025-4-SI-676-NetworkedLAMS/ummaa_project_data_samples/Containers
Containers,17653-b_2.jpg,jpg,3760294,3672.2,3760,3.6,4,Containers/17653-b_2.jpg,/Users/jajohnst/Documents/teaching/2025-4-SI-676-NetworkedLAMS/ummaa_project_data_samples/Containers
Containers,8058_4.jpg,jpg,4408396,4305.1,4408,4.2,4,Containers/8058_4.jpg,/Users/jajohnst/Documents/teaching/2025-4-SI-676-NetworkedLAMS/ummaa_project_data_samples/Containers
Containers,17588_4.jpg,jpg,3307867,3230.3,3308,3.2,3,Containers/17588_4.jpg,/Users/jajohnst/Documents/teaching/2025-4-SI-676-NetworkedLAMS/ummaa_project_data_samples/Containers
Containers,8576_3.jpg,jpg,3707924,3621,3708,3.5,4,Containers/8576_3.jpg,/Users/jajohnst/Documents/teaching/2025-4-SI-676-NetworkedLAMS/ummaa_project_data_samples/Containers
Containers,17575_4.jpg,jpg,4456759,4352.3,4457,4.3,4,Containers/17575_4.jpg,/Users/jajohnst/Documents/teaching/2025-4-SI-676-NetworkedLAMS/ummaa_project_data_samples/Containers
Containers,8124_5.jpg,jpg,4248498,4148.9,4248,4.1,4,Containers/8124_5.jpg,/Users/jajohnst/Documents/teaching/2025-4-SI-676-NetworkedLAMS/ummaa_project_data_samples/Containers
Containers,8645-b_1.jpg,jpg,4160025,4062.5,4160,4,4,Containers/8645-b_1.jpg,/Users/jajohnst/Documents/teaching/2025-4-SI-676-NetworkedLAMS/ummaa_project_data_samples/Containers
Containers,17595_1.jpg,jpg,4524676,4418.6,4525,4.3,5,Containers/17595_1.jpg,/Users/jajohnst/Documents/teaching/2025-4-SI-676-NetworkedLAMS/ummaa_project_data_samples/Containers
Containers,8637-b_1.jpg,jpg,2894142,2826.3,2894,2.8,3,Containers/8637-b_1.jpg,/Users/jajohnst/Documents/teaching/2025-4-SI-676-NetworkedLAMS/ummaa_project_data_samples/Containers
Containers,8528-c_7.jpg,jpg,2548173,2488.5,2548,2.4,3,Containers/8528-c_7.jpg,/Users/jajohnst/Documents/teaching/2025-4-SI-676-NetworkedLAMS/ummaa_project_data_samples/Containers
Containers,1989-74-53_13.jpg,jpg,2579928,2519.5,2580,2.5,3,Containers/1989-74-53_13.jpg,/Users/jajohnst/Documents/teaching/2025-4-SI-676-NetworkedLAMS/ummaa_project_data_samples/Containers
Containers,17593_7.jpg,jpg,3373850,3294.8,3374,3.2,3,Containers/17593_7.jpg,/Users/jajohnst/Documents/teaching/2025-4-SI-676-NetworkedLAMS/ummaa_project_data_samples/Containers
Containers,8418_1_3.jpg,jpg,3603037,3518.6,3603,3.4,4,Containers/8418_1_3.jpg,/Users/jajohnst/Documents/teaching/2025-4-SI-676-NetworkedLAMS/ummaa_project_data_samples/Containers
Containers,17613_3.jpg,jpg,3678263,3592.1,3678,3.5,4,Containers/17613_3.jpg,/Users/jajohnst/Documents/teaching/2025-4-SI-676-NetworkedLAMS/ummaa_project_data_samples/Containers
Containers,8528-a_5.jpg,jpg,4535936,4429.6,4536,4.3,5,Containers/8528-a_5.jpg,/Users/jajohnst/Documents/teaching/2025-4-SI-676-NetworkedLAMS/ummaa_project_data_samples/Containers
Containers,17591_5.jpg,jpg,4530293,4424.1,4530,4.3,5,Containers/17591_5.jpg,/Users/jajohnst/Documents/teaching/2025-4-SI-676-NetworkedLAMS/ummaa_project_data_samples/Containers
Containers,8067_6.jpg,jpg,2826063,2759.8,2826,2.7,3,Containers/8067_6.jpg,/Users/jajohnst/Documents/teaching/2025-4-SI-676-NetworkedLAMS/ummaa_project_data_samples/Containers
Containers,37326_10.jpg,jpg,3536142,3453.3,3536,3.4,4,Containers/37326_10.jpg,/Users/jajohnst/Documents/teaching/2025-4-SI-676-NetworkedLAMS/ummaa_project_data_samples/Containers
Containers,25675_3.jpg,jpg,2229614,2177.4,2230,2.1,2,Containers/25675_3.jpg,/Users/jajohnst/Documents/teaching/2025-4-SI-676-NetworkedLAMS/ummaa_project_data_samples/Containers
Containers,8528-a_1.jpg,jpg,2883786,2816.2,2884,2.8,3,Containers/8528-a_1.jpg,/Users/jajohnst/Documents/teaching/2025-4-SI-676-NetworkedLAMS/ummaa_project_data_samples/Containers
Containers,25675_7.jpg,jpg,1107518,1081.6,1108,1.1,1,Containers/25675_7.jpg,/Users/jajohnst/Documents/teaching/2025-4-SI-676-NetworkedLAMS/ummaa_project_data_samples/Containers
Containers,92302_4.jpg,jpg,3305774,3228.3,3306,3.2,3,Containers/92302_4.jpg,/Users/jajohnst/Documents/teaching/2025-4-SI-676-NetworkedLAMS/ummaa_project_data_samples/Containers
Containers,8067_2.jpg,jpg,3244493,3168.5,3244,3.1,3,Containers/8067_2.jpg,/Users/jajohnst/Documents/teaching/2025-4-SI-676-NetworkedLAMS/ummaa_project_data_samples/Containers
Containers,17591_1.jpg,jpg,4490092,4384.9,4490,4.3,4,Containers/17591_1.jpg,/Users/jajohnst/Documents/teaching/2025-4-SI-676-NetworkedLAMS/ummaa_project_data_samples/Containers
Containers,17613_7.jpg,jpg,1719235,1678.9,1719,1.6,2,Containers/17613_7.jpg,/Users/jajohnst/Documents/teaching/2025-4-SI-676-NetworkedLAMS/ummaa_project_data_samples/Containers
Containers,8529-a_4.jpg,jpg,4348570,4246.7,4349,4.1,4,Containers/8529-a_4.jpg,/Users/jajohnst/Documents/teaching/2025-4-SI-676-NetworkedLAMS/ummaa_project_data_samples/Containers
Containers,1989-74-53_17.jpg,jpg,3647246,3561.8,3647,3.5,4,Containers/1989-74-53_17.jpg,/Users/jajohnst/Documents/teaching/2025-4-SI-676-NetworkedLAMS/ummaa_project_data_samples/Containers
Containers,8528-c_3.jpg,jpg,4509528,4403.8,4510,4.3,5,Containers/8528-c_3.jpg,/Users/jajohnst/Documents/teaching/2025-4-SI-676-NetworkedLAMS/ummaa_project_data_samples/Containers
Containers,8418_1_7.jpg,jpg,2027545,1980,2028,1.9,2,Containers/8418_1_7.jpg,/Users/jajohnst/Documents/teaching/2025-4-SI-676-NetworkedLAMS/ummaa_project_data_samples/Containers
Containers,17580_9.jpg,jpg,2065822,2017.4,2066,2,2,Containers/17580_9.jpg,/Users/jajohnst/Documents/teaching/2025-4-SI-676-NetworkedLAMS/ummaa_project_data_samples/Containers
Containers,17593_3.jpg,jpg,4268484,4168.4,4268,4.1,4,Containers/17593_3.jpg,/Users/jajohnst/Documents/teaching/2025-4-SI-676-NetworkedLAMS/ummaa_project_data_samples/Containers
Containers,8644_8.jpg,jpg,5565078,5434.6,5565,5.3,6,Containers/8644_8.jpg,/Users/jajohnst/Documents/teaching/2025-4-SI-676-NetworkedLAMS/ummaa_project_data_samples/Containers
Containers,8550_4.jpg,jpg,4449414,4345.1,4449,4.2,4,Containers/8550_4.jpg,/Users/jajohnst/Documents/teaching/2025-4-SI-676-NetworkedLAMS/ummaa_project_data_samples/Containers
Containers,8576_7.jpg,jpg,3901567,3810.1,3902,3.7,4,Containers/8576_7.jpg,/Users/jajohnst/Documents/teaching/2025-4-SI-676-NetworkedLAMS/ummaa_project_data_samples/Containers
Containers,17595_5.jpg,jpg,3520009,3437.5,3520,3.4,4,Containers/17595_5.jpg,/Users/jajohnst/Documents/teaching/2025-4-SI-676-NetworkedLAMS/ummaa_project_data_samples/Containers
Containers,8645-b_5.jpg,jpg,3268599,3192,3269,3.1,3,Containers/8645-b_5.jpg,/Users/jajohnst/Documents/teaching/2025-4-SI-676-NetworkedLAMS/ummaa_project_data_samples/Containers
Containers,8124_1.jpg,jpg,2482011,2423.8,2482,2.4,2,Containers/8124_1.jpg,/Users/jajohnst/Documents/teaching/2025-4-SI-676-NetworkedLAMS/ummaa_project_data_samples/Containers
Containers,8637-d_3.jpg,jpg,5376492,5250.5,5376,5.1,5,Containers/8637-d_3.jpg,/Users/jajohnst/Documents/teaching/2025-4-SI-676-NetworkedLAMS/ummaa_project_data_samples/Containers
Containers,8578_8.jpg,jpg,2315676,2261.4,2316,2.2,2,Containers/8578_8.jpg,/Users/jajohnst/Documents/teaching/2025-4-SI-676-NetworkedLAMS/ummaa_project_data_samples/Containers
Containers,17604_9.jpg,jpg,3423168,3342.9,3423,3.3,3,Containers/17604_9.jpg,/Users/jajohnst/Documents/teaching/2025-4-SI-676-NetworkedLAMS/ummaa_project_data_samples/Containers
Containers,17653-b_6.jpg,jpg,1431335,1397.8,1431,1.4,1,Containers/17653-b_6.jpg,/Users/jajohnst/Documents/teaching/2025-4-SI-676-NetworkedLAMS/ummaa_project_data_samples/Containers
Containers,17608_4.jpg,jpg,3894213,3802.9,3894,3.7,4,Containers/17608_4.jpg,/Users/jajohnst/Documents/teaching/2025-4-SI-676-NetworkedLAMS/ummaa_project_data_samples/Containers
Containers,17577_2.jpg,jpg,4453143,4348.8,4453,4.2,4,Containers/17577_2.jpg,/Users/jajohnst/Documents/teaching/2025-4-SI-676-NetworkedLAMS/ummaa_project_data_samples/Containers
Containers,1989-74-76_2.jpg,jpg,2508065,2449.3,2508,2.4,3,Containers/1989-74-76_2.jpg,/Users/jajohnst/Documents/teaching/2025-4-SI-676-NetworkedLAMS/ummaa_project_data_samples/Containers
Containers,17597_7.jpg,jpg,2528473,2469.2,2528,2.4,3,Containers/17597_7.jpg,/Users/jajohnst/Documents/teaching/2025-4-SI-676-NetworkedLAMS/ummaa_project_data_samples/Containers
Containers,92304_2.jpg,jpg,4031538,3937,4032,3.8,4,Containers/92304_2.jpg,/Users/jajohnst/Documents/teaching/2025-4-SI-676-NetworkedLAMS/ummaa_project_data_samples/Containers
Containers,8126_3.jpg,jpg,3830202,3740.4,3830,3.7,4,Containers/8126_3.jpg,/Users/jajohnst/Documents/teaching/2025-4-SI-676-NetworkedLAMS/ummaa_project_data_samples/Containers
Containers,92298_6.jpg,jpg,4146052,4048.9,4146,4,4,Containers/92298_6.jpg,/Users/jajohnst/Documents/teaching/2025-4-SI-676-NetworkedLAMS/ummaa_project_data_samples/Containers
Containers,8637-f_1.jpg,jpg,2965123,2895.6,2965,2.8,3,Containers/8637-f_1.jpg,/Users/jajohnst/Documents/teaching/2025-4-SI-676-NetworkedLAMS/ummaa_project_data_samples/Containers
Containers,8409-a_8.jpg,jpg,4035113,3940.5,4035,3.8,4,Containers/8409-a_8.jpg,/Users/jajohnst/Documents/teaching/2025-4-SI-676-NetworkedLAMS/ummaa_project_data_samples/Containers
Containers,92107_5.jpg,jpg,1690139,1650.5,1690,1.6,2,Containers/92107_5.jpg,/Users/jajohnst/Documents/teaching/2025-4-SI-676-NetworkedLAMS/ummaa_project_data_samples/Containers
Containers,37327_8.jpg,jpg,2385014,2329.1,2385,2.3,2,Containers/37327_8.jpg,/Users/jajohnst/Documents/teaching/2025-4-SI-676-NetworkedLAMS/ummaa_project_data_samples/Containers
Containers,17599_8.jpg,jpg,4555134,4448.4,4555,4.3,5,Containers/17599_8.jpg,/Users/jajohnst/Documents/teaching/2025-4-SI-676-NetworkedLAMS/ummaa_project_data_samples/Containers
Containers,17599_9.jpg,jpg,2087476,2038.6,2087,2,2,Containers/17599_9.jpg,/Users/jajohnst/Documents/teaching/2025-4-SI-676-NetworkedLAMS/ummaa_project_data_samples/Containers
Containers,37327_9.jpg,jpg,2344034,2289.1,2344,2.2,2,Containers/37327_9.jpg,/Users/jajohnst/Documents/teaching/2025-4-SI-676-NetworkedLAMS/ummaa_project_data_samples/Containers
Containers,92107_4.jpg,jpg,1679107,1639.8,1679,1.6,2,Containers/92107_4.jpg,/Users/jajohnst/Documents/teaching/2025-4-SI-676-NetworkedLAMS/ummaa_project_data_samples/Containers
Containers,92298_7.jpg,jpg,4038852,3944.2,4039,3.9,4,Containers/92298_7.jpg,/Users/jajohnst/Documents/teaching/2025-4-SI-676-NetworkedLAMS/ummaa_project_data_samples/Containers
Containers,92304_3.jpg,jpg,3999340,3905.6,3999,3.8,4,Containers/92304_3.jpg,/Users/jajohnst/Documents/teaching/2025-4-SI-676-NetworkedLAMS/ummaa_project_data_samples/Containers
Containers,8126_2.jpg,jpg,3811426,3722.1,3811,3.6,4,Containers/8126_2.jpg,/Users/jajohnst/Documents/teaching/2025-4-SI-676-NetworkedLAMS/ummaa_project_data_samples/Containers
Containers,17597_6.jpg,jpg,3240567,3164.6,3241,3.1,3,Containers/17597_6.jpg,/Users/jajohnst/Documents/teaching/2025-4-SI-676-NetworkedLAMS/ummaa_project_data_samples/Containers
Containers,17577_3.jpg,jpg,4120553,4024,4121,3.9,4,Containers/17577_3.jpg,/Users/jajohnst/Documents/teaching/2025-4-SI-676-NetworkedLAMS/ummaa_project_data_samples/Containers
Containers,1989-74-76_3.jpg,jpg,2438403,2381.3,2438,2.3,2,Containers/1989-74-76_3.jpg,/Users/jajohnst/Documents/teaching/2025-4-SI-676-NetworkedLAMS/ummaa_project_data_samples/Containers
Containers,17608_5.jpg,jpg,3924984,3833,3925,3.7,4,Containers/17608_5.jpg,/Users/jajohnst/Documents/teaching/2025-4-SI-676-NetworkedLAMS/ummaa_project_data_samples/Containers
Containers,17653-b_7.jpg,jpg,2132048,2082.1,2132,2,2,Containers/17653-b_7.jpg,/Users/jajohnst/Documents/teaching/2025-4-SI-676-NetworkedLAMS/ummaa_project_data_samples/Containers
Containers,8058_1.jpg,jpg,3698832,3612.1,3699,3.5,4,Containers/8058_1.jpg,/Users/jajohnst/Documents/teaching/2025-4-SI-676-NetworkedLAMS/ummaa_project_data_samples/Containers
Containers,17588_1.jpg,jpg,4896785,4782,4897,4.7,5,Containers/17588_1.jpg,/Users/jajohnst/Documents/teaching/2025-4-SI-676-NetworkedLAMS/ummaa_project_data_samples/Containers
Containers,17604_8.jpg,jpg,3803121,3714,3803,3.6,4,Containers/17604_8.jpg,/Users/jajohnst/Documents/teaching/2025-4-SI-676-NetworkedLAMS/ummaa_project_data_samples/Containers
Containers,8637-d_2.jpg,jpg,3211797,3136.5,3212,3.1,3,Containers/8637-d_2.jpg,/Users/jajohnst/Documents/teaching/2025-4-SI-676-NetworkedLAMS/ummaa_project_data_samples/Containers
Containers,8645-b_4.jpg,jpg,5736303,5601.9,5736,5.5,6,Containers/8645-b_4.jpg,/Users/jajohnst/Documents/teaching/2025-4-SI-676-NetworkedLAMS/ummaa_project_data_samples/Containers
Containers,17595_4.jpg,jpg,5712464,5578.6,5712,5.4,6,Containers/17595_4.jpg,/Users/jajohnst/Documents/teaching/2025-4-SI-676-NetworkedLAMS/ummaa_project_data_samples/Containers
Containers,8576_6.jpg,jpg,3613974,3529.3,3614,3.4,4,Containers/8576_6.jpg,/Users/jajohnst/Documents/teaching/2025-4-SI-676-NetworkedLAMS/ummaa_project_data_samples/Containers
Containers,17575_1.jpg,jpg,4171865,4074.1,4172,4,4,Containers/17575_1.jpg,/Users/jajohnst/Documents/teaching/2025-4-SI-676-NetworkedLAMS/ummaa_project_data_samples/Containers
Containers,8550_5.jpg,jpg,4366580,4264.2,4367,4.2,4,Containers/8550_5.jpg,/Users/jajohnst/Documents/teaching/2025-4-SI-676-NetworkedLAMS/ummaa_project_data_samples/Containers
Containers,8637-b_4.jpg,jpg,4452065,4347.7,4452,4.2,4,Containers/8637-b_4.jpg,/Users/jajohnst/Documents/teaching/2025-4-SI-676-NetworkedLAMS/ummaa_project_data_samples/Containers
Containers,17593_2.jpg,jpg,4309519,4208.5,4310,4.1,4,Containers/17593_2.jpg,/Users/jajohnst/Documents/teaching/2025-4-SI-676-NetworkedLAMS/ummaa_project_data_samples/Containers
Containers,17580_8.jpg,jpg,5027032,4909.2,5027,4.8,5,Containers/17580_8.jpg,/Users/jajohnst/Documents/teaching/2025-4-SI-676-NetworkedLAMS/ummaa_project_data_samples/Containers
Containers,8418_1_6.jpg,jpg,5047418,4929.1,5047,4.8,5,Containers/8418_1_6.jpg,/Users/jajohnst/Documents/teaching/2025-4-SI-676-NetworkedLAMS/ummaa_project_data_samples/Containers
Containers,1989-74-53_16.jpg,jpg,3306547,3229,3307,3.2,3,Containers/1989-74-53_16.jpg,/Users/jajohnst/Documents/teaching/2025-4-SI-676-NetworkedLAMS/ummaa_project_data_samples/Containers
Containers,8528-c_2.jpg,jpg,4503416,4397.9,4503,4.3,5,Containers/8528-c_2.jpg,/Users/jajohnst/Documents/teaching/2025-4-SI-676-NetworkedLAMS/ummaa_project_data_samples/Containers
Containers,8529-a_5.jpg,jpg,4336694,4235.1,4337,4.1,4,Containers/8529-a_5.jpg,/Users/jajohnst/Documents/teaching/2025-4-SI-676-NetworkedLAMS/ummaa_project_data_samples/Containers
Containers,17613_6.jpg,jpg,1738780,1698,1739,1.7,2,Containers/17613_6.jpg,/Users/jajohnst/Documents/teaching/2025-4-SI-676-NetworkedLAMS/ummaa_project_data_samples/Containers
Containers,8067_3.jpg,jpg,3236756,3160.9,3237,3.1,3,Containers/8067_3.jpg,/Users/jajohnst/Documents/teaching/2025-4-SI-676-NetworkedLAMS/ummaa_project_data_samples/Containers
Containers,92302_5.jpg,jpg,3344448,3266.1,3344,3.2,3,Containers/92302_5.jpg,/Users/jajohnst/Documents/teaching/2025-4-SI-676-NetworkedLAMS/ummaa_project_data_samples/Containers
Containers,25675_6.jpg,jpg,1089711,1064.2,1090,1,1,Containers/25675_6.jpg,/Users/jajohnst/Documents/teaching/2025-4-SI-676-NetworkedLAMS/ummaa_project_data_samples/Containers
Containers,8528-a_2.jpg,jpg,4543926,4437.4,4544,4.3,5,Containers/8528-a_2.jpg,/Users/jajohnst/Documents/teaching/2025-4-SI-676-NetworkedLAMS/ummaa_project_data_samples/Containers
Containers,8067_1.jpg,jpg,2415742,2359.1,2416,2.3,2,Containers/8067_1.jpg,/Users/jajohnst/Documents/teaching/2025-4-SI-676-NetworkedLAMS/ummaa_project_data_samples/Containers
Containers,17591_2.jpg,jpg,4785698,4673.5,4786,4.6,5,Containers/17591_2.jpg,/Users/jajohnst/Documents/teaching/2025-4-SI-676-NetworkedLAMS/ummaa_project_data_samples/Containers
Containers,17582_8.jpg,jpg,4696855,4586.8,4697,4.5,5,Containers/17582_8.jpg,/Users/jajohnst/Documents/teaching/2025-4-SI-676-NetworkedLAMS/ummaa_project_data_samples/Containers
Containers,25675_4.jpg,jpg,1120180,1093.9,1120,1.1,1,Containers/25675_4.jpg,/Users/jajohnst/Documents/teaching/2025-4-SI-676-NetworkedLAMS/ummaa_project_data_samples/Containers
Containers,92302_7.jpg,jpg,3381386,3302.1,3381,3.2,3,Containers/92302_7.jpg,/Users/jajohnst/Documents/teaching/2025-4-SI-676-NetworkedLAMS/ummaa_project_data_samples/Containers
Containers,17613_4.jpg,jpg,1825572,1782.8,1826,1.7,2,Containers/17613_4.jpg,/Users/jajohnst/Documents/teaching/2025-4-SI-676-NetworkedLAMS/ummaa_project_data_samples/Containers
Containers,1989-74-53_14.jpg,jpg,2829084,2762.8,2829,2.7,3,Containers/1989-74-53_14.jpg,/Users/jajohnst/Documents/teaching/2025-4-SI-676-NetworkedLAMS/ummaa_project_data_samples/Containers
Containers,8529-a_7.jpg,jpg,4982180,4865.4,4982,4.8,5,Containers/8529-a_7.jpg,/Users/jajohnst/Documents/teaching/2025-4-SI-676-NetworkedLAMS/ummaa_project_data_samples/Containers
Containers,8418_1_4.jpg,jpg,3398387,3318.7,3398,3.2,3,Containers/8418_1_4.jpg,/Users/jajohnst/Documents/teaching/2025-4-SI-676-NetworkedLAMS/ummaa_project_data_samples/Containers
Containers,17575_3.jpg,jpg,4562331,4455.4,4562,4.4,5,Containers/17575_3.jpg,/Users/jajohnst/Documents/teaching/2025-4-SI-676-NetworkedLAMS/ummaa_project_data_samples/Containers
Containers,8576_4.jpg,jpg,3596592,3512.3,3597,3.4,4,Containers/8576_4.jpg,/Users/jajohnst/Documents/teaching/2025-4-SI-676-NetworkedLAMS/ummaa_project_data_samples/Containers
Containers,8550_7.jpg,jpg,4320663,4219.4,4321,4.1,4,Containers/8550_7.jpg,/Users/jajohnst/Documents/teaching/2025-4-SI-676-NetworkedLAMS/ummaa_project_data_samples/Containers
Containers,8124_2.jpg,jpg,4564559,4457.6,4565,4.4,5,Containers/8124_2.jpg,/Users/jajohnst/Documents/teaching/2025-4-SI-676-NetworkedLAMS/ummaa_project_data_samples/Containers
Containers,17595_6.jpg,jpg,4418367,4314.8,4418,4.2,4,Containers/17595_6.jpg,/Users/jajohnst/Documents/teaching/2025-4-SI-676-NetworkedLAMS/ummaa_project_data_samples/Containers
Containers,8645-b_6.jpg,jpg,4358860,4256.7,4359,4.2,4,Containers/8645-b_6.jpg,/Users/jajohnst/Documents/teaching/2025-4-SI-676-NetworkedLAMS/ummaa_project_data_samples/Containers
Containers,17653-b_5.jpg,jpg,3703174,3616.4,3703,3.5,4,Containers/17653-b_5.jpg,/Users/jajohnst/Documents/teaching/2025-4-SI-676-NetworkedLAMS/ummaa_project_data_samples/Containers
Containers,8058_3.jpg,jpg,4083659,3987.9,4084,3.9,4,Containers/8058_3.jpg,/Users/jajohnst/Documents/teaching/2025-4-SI-676-NetworkedLAMS/ummaa_project_data_samples/Containers
Containers,17588_3.jpg,jpg,2359369,2304.1,2359,2.3,2,Containers/17588_3.jpg,/Users/jajohnst/Documents/teaching/2025-4-SI-676-NetworkedLAMS/ummaa_project_data_samples/Containers
Containers,1989-74-76_1.jpg,jpg,3700580,3613.8,3701,3.5,4,Containers/1989-74-76_1.jpg,/Users/jajohnst/Documents/teaching/2025-4-SI-676-NetworkedLAMS/ummaa_project_data_samples/Containers
Containers,17577_1.jpg,jpg,4812560,4699.8,4813,4.6,5,Containers/17577_1.jpg,/Users/jajohnst/Documents/teaching/2025-4-SI-676-NetworkedLAMS/ummaa_project_data_samples/Containers
Containers,17608_7.jpg,jpg,4245270,4145.8,4245,4,4,Containers/17608_7.jpg,/Users/jajohnst/Documents/teaching/2025-4-SI-676-NetworkedLAMS/ummaa_project_data_samples/Containers
Containers,92304_1.jpg,jpg,5026244,4908.4,5026,4.8,5,Containers/92304_1.jpg,/Users/jajohnst/Documents/teaching/2025-4-SI-676-NetworkedLAMS/ummaa_project_data_samples/Containers
Containers,17597_4.jpg,jpg,4624875,4516.5,4625,4.4,5,Containers/17597_4.jpg,/Users/jajohnst/Documents/teaching/2025-4-SI-676-NetworkedLAMS/ummaa_project_data_samples/Containers
Containers,17606_8.jpg,jpg,5816272,5680,5816,5.5,6,Containers/17606_8.jpg,/Users/jajohnst/Documents/teaching/2025-4-SI-676-NetworkedLAMS/ummaa_project_data_samples/Containers
Containers,8637-f_2.jpg,jpg,2819328,2753.2,2819,2.7,3,Containers/8637-f_2.jpg,/Users/jajohnst/Documents/teaching/2025-4-SI-676-NetworkedLAMS/ummaa_project_data_samples/Containers
Containers,92298_5.jpg,jpg,4492660,4387.4,4493,4.3,4,Containers/92298_5.jpg,/Users/jajohnst/Documents/teaching/2025-4-SI-676-NetworkedLAMS/ummaa_project_data_samples/Containers
Containers,92107_6.jpg,jpg,3212708,3137.4,3213,3.1,3,Containers/92107_6.jpg,/Users/jajohnst/Documents/teaching/2025-4-SI-676-NetworkedLAMS/ummaa_project_data_samples/Containers
Containers,92107_7.jpg,jpg,3130400,3057,3130,3,3,Containers/92107_7.jpg,/Users/jajohnst/Documents/teaching/2025-4-SI-676-NetworkedLAMS/ummaa_project_data_samples/Containers
Containers,8637-f_3.jpg,jpg,4438005,4334,4438,4.2,4,Containers/8637-f_3.jpg,/Users/jajohnst/Documents/teaching/2025-4-SI-676-NetworkedLAMS/ummaa_project_data_samples/Containers
Containers,92298_4.jpg,jpg,4579274,4471.9,4579,4.4,5,Containers/92298_4.jpg,/Users/jajohnst/Documents/teaching/2025-4-SI-676-NetworkedLAMS/ummaa_project_data_samples/Containers
Containers,17606_9.jpg,jpg,5965166,5825.4,5965,5.7,6,Containers/17606_9.jpg,/Users/jajohnst/Documents/teaching/2025-4-SI-676-NetworkedLAMS/ummaa_project_data_samples/Containers
Containers,17597_5.jpg,jpg,4474184,4369.3,4474,4.3,4,Containers/17597_5.jpg,/Users/jajohnst/Documents/teaching/2025-4-SI-676-NetworkedLAMS/ummaa_project_data_samples/Containers
Containers,8126_1.jpg,jpg,4007940,3914,4008,3.8,4,Containers/8126_1.jpg,/Users/jajohnst/Documents/teaching/2025-4-SI-676-NetworkedLAMS/ummaa_project_data_samples/Containers
Containers,17608_6.jpg,jpg,2583176,2522.6,2583,2.5,3,Containers/17608_6.jpg,/Users/jajohnst/Documents/teaching/2025-4-SI-676-NetworkedLAMS/ummaa_project_data_samples/Containers
Containers,17588_2.jpg,jpg,2839091,2772.5,2839,2.7,3,Containers/17588_2.jpg,/Users/jajohnst/Documents/teaching/2025-4-SI-676-NetworkedLAMS/ummaa_project_data_samples/Containers
Containers,8058_2.jpg,jpg,4445253,4341.1,4445,4.2,4,Containers/8058_2.jpg,/Users/jajohnst/Documents/teaching/2025-4-SI-676-NetworkedLAMS/ummaa_project_data_samples/Containers
Containers,17653-b_4.jpg,jpg,3745678,3657.9,3746,3.6,4,Containers/17653-b_4.jpg,/Users/jajohnst/Documents/teaching/2025-4-SI-676-NetworkedLAMS/ummaa_project_data_samples/Containers
Containers,8637-d_1.jpg,jpg,3153504,3079.6,3154,3,3,Containers/8637-d_1.jpg,/Users/jajohnst/Documents/teaching/2025-4-SI-676-NetworkedLAMS/ummaa_project_data_samples/Containers
Containers,8645-b_7.jpg,jpg,3568604,3485,3569,3.4,4,Containers/8645-b_7.jpg,/Users/jajohnst/Documents/teaching/2025-4-SI-676-NetworkedLAMS/ummaa_project_data_samples/Containers
Containers,17595_7.jpg,jpg,4160301,4062.8,4160,4,4,Containers/17595_7.jpg,/Users/jajohnst/Documents/teaching/2025-4-SI-676-NetworkedLAMS/ummaa_project_data_samples/Containers
Containers,8124_3.jpg,jpg,4308953,4208,4309,4.1,4,Containers/8124_3.jpg,/Users/jajohnst/Documents/teaching/2025-4-SI-676-NetworkedLAMS/ummaa_project_data_samples/Containers
Containers,8550_6.jpg,jpg,4296158,4195.5,4296,4.1,4,Containers/8550_6.jpg,/Users/jajohnst/Documents/teaching/2025-4-SI-676-NetworkedLAMS/ummaa_project_data_samples/Containers
Containers,8576_5.jpg,jpg,3668072,3582.1,3668,3.5,4,Containers/8576_5.jpg,/Users/jajohnst/Documents/teaching/2025-4-SI-676-NetworkedLAMS/ummaa_project_data_samples/Containers
Containers,17575_2.jpg,jpg,4368578,4266.2,4369,4.2,4,Containers/17575_2.jpg,/Users/jajohnst/Documents/teaching/2025-4-SI-676-NetworkedLAMS/ummaa_project_data_samples/Containers
Containers,8418_1_5.jpg,jpg,3549531,3466.3,3550,3.4,4,Containers/8418_1_5.jpg,/Users/jajohnst/Documents/teaching/2025-4-SI-676-NetworkedLAMS/ummaa_project_data_samples/Containers
Containers,17593_1.jpg,jpg,3807444,3718.2,3807,3.6,4,Containers/17593_1.jpg,/Users/jajohnst/Documents/teaching/2025-4-SI-676-NetworkedLAMS/ummaa_project_data_samples/Containers
Containers,8529-a_6.jpg,jpg,4242289,4142.9,4242,4,4,Containers/8529-a_6.jpg,/Users/jajohnst/Documents/teaching/2025-4-SI-676-NetworkedLAMS/ummaa_project_data_samples/Containers
Containers,8528-c_1.jpg,jpg,2894127,2826.3,2894,2.8,3,Containers/8528-c_1.jpg,/Users/jajohnst/Documents/teaching/2025-4-SI-676-NetworkedLAMS/ummaa_project_data_samples/Containers
Containers,1989-74-53_15.jpg,jpg,2756905,2692.3,2757,2.6,3,Containers/1989-74-53_15.jpg,/Users/jajohnst/Documents/teaching/2025-4-SI-676-NetworkedLAMS/ummaa_project_data_samples/Containers
Containers,17613_5.jpg,jpg,1702900,1663,1703,1.6,2,Containers/17613_5.jpg,/Users/jajohnst/Documents/teaching/2025-4-SI-676-NetworkedLAMS/ummaa_project_data_samples/Containers
Containers,92302_6.jpg,jpg,3556399,3473,3556,3.4,4,Containers/92302_6.jpg,/Users/jajohnst/Documents/teaching/2025-4-SI-676-NetworkedLAMS/ummaa_project_data_samples/Containers
Containers,25675_5.jpg,jpg,1137531,1110.9,1138,1.1,1,Containers/25675_5.jpg,/Users/jajohnst/Documents/teaching/2025-4-SI-676-NetworkedLAMS/ummaa_project_data_samples/Containers
Containers,17591_3.jpg,jpg,4637177,4528.5,4637,4.4,5,Containers/17591_3.jpg,/Users/jajohnst/Documents/teaching/2025-4-SI-676-NetworkedLAMS/ummaa_project_data_samples/Containers
Containers,8528-a_3.jpg,jpg,4541143,4434.7,4541,4.3,5,Containers/8528-a_3.jpg,/Users/jajohnst/Documents/teaching/2025-4-SI-676-NetworkedLAMS/ummaa_project_data_samples/Containers
Containers,17596_2.jpg,jpg,4144600,4047.5,4145,4,4,Containers/17596_2.jpg,/Users/jajohnst/Documents/teaching/2025-4-SI-676-NetworkedLAMS/ummaa_project_data_samples/Containers
Containers,8645-a_2.jpg,jpg,4643324,4534.5,4643,4.4,5,Containers/8645-a_2.jpg,/Users/jajohnst/Documents/teaching/2025-4-SI-676-NetworkedLAMS/ummaa_project_data_samples/Containers
Containers,17585_8.jpg,jpg,3760860,3672.7,3761,3.6,4,Containers/17585_8.jpg,/Users/jajohnst/Documents/teaching/2025-4-SI-676-NetworkedLAMS/ummaa_project_data_samples/Containers
Containers,92305_7.jpg,jpg,5526423,5396.9,5526,5.3,6,Containers/92305_7.jpg,/Users/jajohnst/Documents/teaching/2025-4-SI-676-NetworkedLAMS/ummaa_project_data_samples/Containers
Containers,8127_6.jpg,jpg,3175831,3101.4,3176,3,3,Containers/8127_6.jpg,/Users/jajohnst/Documents/teaching/2025-4-SI-676-NetworkedLAMS/ummaa_project_data_samples/Containers
Containers,17576_7.jpg,jpg,3625156,3540.2,3625,3.5,4,Containers/17576_7.jpg,/Users/jajohnst/Documents/teaching/2025-4-SI-676-NetworkedLAMS/ummaa_project_data_samples/Containers
Containers,8129_9.jpg,jpg,3469497,3388.2,3469,3.3,3,Containers/8129_9.jpg,/Users/jajohnst/Documents/teaching/2025-4-SI-676-NetworkedLAMS/ummaa_project_data_samples/Containers
Containers,17653-a_1.jpg,jpg,2640908,2579,2641,2.5,3,Containers/17653-a_1.jpg,/Users/jajohnst/Documents/teaching/2025-4-SI-676-NetworkedLAMS/ummaa_project_data_samples/Containers
Containers,8652_3.jpg,jpg,5208157,5086.1,5208,5,5,Containers/8652_3.jpg,/Users/jajohnst/Documents/teaching/2025-4-SI-676-NetworkedLAMS/ummaa_project_data_samples/Containers
Containers,8146_7.jpg,jpg,4677500,4567.9,4678,4.5,5,Containers/8146_7.jpg,/Users/jajohnst/Documents/teaching/2025-4-SI-676-NetworkedLAMS/ummaa_project_data_samples/Containers
Containers,8551_1.jpg,jpg,4624182,4515.8,4624,4.4,5,Containers/8551_1.jpg,/Users/jajohnst/Documents/teaching/2025-4-SI-676-NetworkedLAMS/ummaa_project_data_samples/Containers
Containers,1989-74-53_6.jpg,jpg,4515368,4409.5,4515,4.3,5,Containers/1989-74-53_6.jpg,/Users/jajohnst/Documents/teaching/2025-4-SI-676-NetworkedLAMS/ummaa_project_data_samples/Containers
Containers,17709_4.jpg,jpg,3255004,3178.7,3255,3.1,3,Containers/17709_4.jpg,/Users/jajohnst/Documents/teaching/2025-4-SI-676-NetworkedLAMS/ummaa_project_data_samples/Containers
Containers,17574_5.jpg,jpg,5090996,4971.7,5091,4.9,5,Containers/17574_5.jpg,/Users/jajohnst/Documents/teaching/2025-4-SI-676-NetworkedLAMS/ummaa_project_data_samples/Containers
Containers,92122_1.jpg,jpg,3063481,2991.7,3063,2.9,3,Containers/92122_1.jpg,/Users/jajohnst/Documents/teaching/2025-4-SI-676-NetworkedLAMS/ummaa_project_data_samples/Containers
Containers,8281_1.jpg,jpg,2917685,2849.3,2918,2.8,3,Containers/8281_1.jpg,/Users/jajohnst/Documents/teaching/2025-4-SI-676-NetworkedLAMS/ummaa_project_data_samples/Containers
Containers,1989-74-36_3.jpg,jpg,4607983,4500,4608,4.4,5,Containers/1989-74-36_3.jpg,/Users/jajohnst/Documents/teaching/2025-4-SI-676-NetworkedLAMS/ummaa_project_data_samples/Containers
Containers,1989-74-25_9.jpg,jpg,2893662,2825.8,2894,2.8,3,Containers/1989-74-25_9.jpg,/Users/jajohnst/Documents/teaching/2025-4-SI-676-NetworkedLAMS/ummaa_project_data_samples/Containers
Containers,8528-b_6.jpg,jpg,2019699,1972.4,2020,1.9,2,Containers/8528-b_6.jpg,/Users/jajohnst/Documents/teaching/2025-4-SI-676-NetworkedLAMS/ummaa_project_data_samples/Containers
Containers,92303_1.jpg,jpg,4859585,4745.7,4860,4.6,5,Containers/92303_1.jpg,/Users/jajohnst/Documents/teaching/2025-4-SI-676-NetworkedLAMS/ummaa_project_data_samples/Containers
Containers,17590_4.jpg,jpg,4539237,4432.8,4539,4.3,5,Containers/17590_4.jpg,/Users/jajohnst/Documents/teaching/2025-4-SI-676-NetworkedLAMS/ummaa_project_data_samples/Containers
Containers,17570_1.jpg,jpg,5210279,5088.2,5210,5,5,Containers/17570_1.jpg,/Users/jajohnst/Documents/teaching/2025-4-SI-676-NetworkedLAMS/ummaa_project_data_samples/Containers
Containers,8529-b_3.jpg,jpg,4046852,3952,4047,3.9,4,Containers/8529-b_3.jpg,/Users/jajohnst/Documents/teaching/2025-4-SI-676-NetworkedLAMS/ummaa_project_data_samples/Containers
Containers,8068_8.jpg,jpg,4419970,4316.4,4420,4.2,4,Containers/8068_8.jpg,/Users/jajohnst/Documents/teaching/2025-4-SI-676-NetworkedLAMS/ummaa_project_data_samples/Containers
Containers,17612_2.jpg,jpg,4225626,4126.6,4226,4,4,Containers/17612_2.jpg,/Users/jajohnst/Documents/teaching/2025-4-SI-676-NetworkedLAMS/ummaa_project_data_samples/Containers
Containers,8637-a_2.jpg,jpg,2747344,2683,2747,2.6,3,Containers/8637-a_2.jpg,/Users/jajohnst/Documents/teaching/2025-4-SI-676-NetworkedLAMS/ummaa_project_data_samples/Containers
Containers,17612_3.jpg,jpg,4143866,4046.7,4144,4,4,Containers/17612_3.jpg,/Users/jajohnst/Documents/teaching/2025-4-SI-676-NetworkedLAMS/ummaa_project_data_samples/Containers
Containers,8637-a_3.jpg,jpg,4521802,4415.8,4522,4.3,5,Containers/8637-a_3.jpg,/Users/jajohnst/Documents/teaching/2025-4-SI-676-NetworkedLAMS/ummaa_project_data_samples/Containers
Containers,8068_9.jpg,jpg,4345573,4243.7,4346,4.1,4,Containers/8068_9.jpg,/Users/jajohnst/Documents/teaching/2025-4-SI-676-NetworkedLAMS/ummaa_project_data_samples/Containers
Containers,8529-b_2.jpg,jpg,4112432,4016,4112,3.9,4,Containers/8529-b_2.jpg,/Users/jajohnst/Documents/teaching/2025-4-SI-676-NetworkedLAMS/ummaa_project_data_samples/Containers
Containers,17590_5.jpg,jpg,4399668,4296.6,4400,4.2,4,Containers/17590_5.jpg,/Users/jajohnst/Documents/teaching/2025-4-SI-676-NetworkedLAMS/ummaa_project_data_samples/Containers
Containers,8418_2_1.jpg,jpg,4505155,4399.6,4505,4.3,5,Containers/8418_2_1.jpg,/Users/jajohnst/Documents/teaching/2025-4-SI-676-NetworkedLAMS/ummaa_project_data_samples/Containers
Containers,8637-c_1.jpg,jpg,3096634,3024.1,3097,3,3,Containers/8637-c_1.jpg,/Users/jajohnst/Documents/teaching/2025-4-SI-676-NetworkedLAMS/ummaa_project_data_samples/Containers
Containers,17610_1.jpg,jpg,4842878,4729.4,4843,4.6,5,Containers/17610_1.jpg,/Users/jajohnst/Documents/teaching/2025-4-SI-676-NetworkedLAMS/ummaa_project_data_samples/Containers
Containers,26644_1.jpg,jpg,4013514,3919.4,4014,3.8,4,Containers/26644_1.jpg,/Users/jajohnst/Documents/teaching/2025-4-SI-676-NetworkedLAMS/ummaa_project_data_samples/Containers
Containers,17709_10.jpg,jpg,2860988,2793.9,2861,2.7,3,Containers/17709_10.jpg,/Users/jajohnst/Documents/teaching/2025-4-SI-676-NetworkedLAMS/ummaa_project_data_samples/Containers
Containers,1989-74-25_8.jpg,jpg,2956590,2887.3,2957,2.8,3,Containers/1989-74-25_8.jpg,/Users/jajohnst/Documents/teaching/2025-4-SI-676-NetworkedLAMS/ummaa_project_data_samples/Containers
Containers,8528-b_7.jpg,jpg,2421318,2364.6,2421,2.3,2,Containers/8528-b_7.jpg,/Users/jajohnst/Documents/teaching/2025-4-SI-676-NetworkedLAMS/ummaa_project_data_samples/Containers
Containers,8410_1.jpg,jpg,3191655,3116.9,3192,3,3,Containers/8410_1.jpg,/Users/jajohnst/Documents/teaching/2025-4-SI-676-NetworkedLAMS/ummaa_project_data_samples/Containers
Containers,1989-74-36_2.jpg,jpg,4697702,4587.6,4698,4.5,5,Containers/1989-74-36_2.jpg,/Users/jajohnst/Documents/teaching/2025-4-SI-676-NetworkedLAMS/ummaa_project_data_samples/Containers
Containers,17709_5.jpg,jpg,3235440,3159.6,3235,3.1,3,Containers/17709_5.jpg,/Users/jajohnst/Documents/teaching/2025-4-SI-676-NetworkedLAMS/ummaa_project_data_samples/Containers
Containers,17574_4.jpg,jpg,6293283,6145.8,6293,6,6,Containers/17574_4.jpg,/Users/jajohnst/Documents/teaching/2025-4-SI-676-NetworkedLAMS/ummaa_project_data_samples/Containers
Containers,8528-d_1.jpg,jpg,3345055,3266.7,3345,3.2,3,Containers/8528-d_1.jpg,/Users/jajohnst/Documents/teaching/2025-4-SI-676-NetworkedLAMS/ummaa_project_data_samples/Containers
Containers,1989-74-53_7.jpg,jpg,1827946,1785.1,1828,1.7,2,Containers/1989-74-53_7.jpg,/Users/jajohnst/Documents/teaching/2025-4-SI-676-NetworkedLAMS/ummaa_project_data_samples/Containers
Containers,17594_1.jpg,jpg,4199156,4100.7,4199,4,4,Containers/17594_1.jpg,/Users/jajohnst/Documents/teaching/2025-4-SI-676-NetworkedLAMS/ummaa_project_data_samples/Containers
Containers,8146_6.jpg,jpg,3753104,3665.1,3753,3.6,4,Containers/8146_6.jpg,/Users/jajohnst/Documents/teaching/2025-4-SI-676-NetworkedLAMS/ummaa_project_data_samples/Containers
Containers,8652_2.jpg,jpg,5329043,5204.1,5329,5.1,5,Containers/8652_2.jpg,/Users/jajohnst/Documents/teaching/2025-4-SI-676-NetworkedLAMS/ummaa_project_data_samples/Containers
Containers,8129_8.jpg,jpg,3158464,3084.4,3158,3,3,Containers/8129_8.jpg,/Users/jajohnst/Documents/teaching/2025-4-SI-676-NetworkedLAMS/ummaa_project_data_samples/Containers
Containers,17576_6.jpg,jpg,4313567,4212.5,4314,4.1,4,Containers/17576_6.jpg,/Users/jajohnst/Documents/teaching/2025-4-SI-676-NetworkedLAMS/ummaa_project_data_samples/Containers
Containers,8575_1.jpg,jpg,4712353,4601.9,4712,4.5,5,Containers/8575_1.jpg,/Users/jajohnst/Documents/teaching/2025-4-SI-676-NetworkedLAMS/ummaa_project_data_samples/Containers
Containers,92305_6.jpg,jpg,5429735,5302.5,5430,5.2,5,Containers/92305_6.jpg,/Users/jajohnst/Documents/teaching/2025-4-SI-676-NetworkedLAMS/ummaa_project_data_samples/Containers
Containers,17585_9.jpg,jpg,3887460,3796.3,3887,3.7,4,Containers/17585_9.jpg,/Users/jajohnst/Documents/teaching/2025-4-SI-676-NetworkedLAMS/ummaa_project_data_samples/Containers
Containers,8127_7.jpg,jpg,3261884,3185.4,3262,3.1,3,Containers/8127_7.jpg,/Users/jajohnst/Documents/teaching/2025-4-SI-676-NetworkedLAMS/ummaa_project_data_samples/Containers
Containers,8645-a_3.jpg,jpg,3801254,3712.2,3801,3.6,4,Containers/8645-a_3.jpg,/Users/jajohnst/Documents/teaching/2025-4-SI-676-NetworkedLAMS/ummaa_project_data_samples/Containers
Containers,17596_3.jpg,jpg,4229415,4130.3,4229,4,4,Containers/17596_3.jpg,/Users/jajohnst/Documents/teaching/2025-4-SI-676-NetworkedLAMS/ummaa_project_data_samples/Containers
Containers,8127_5.jpg,jpg,4011500,3917.5,4012,3.8,4,Containers/8127_5.jpg,/Users/jajohnst/Documents/teaching/2025-4-SI-676-NetworkedLAMS/ummaa_project_data_samples/Containers
Containers,92305_4.jpg,jpg,4644562,4535.7,4645,4.4,5,Containers/92305_4.jpg,/Users/jajohnst/Documents/teaching/2025-4-SI-676-NetworkedLAMS/ummaa_project_data_samples/Containers
Containers,17596_1.jpg,jpg,3442563,3361.9,3443,3.3,3,Containers/17596_1.jpg,/Users/jajohnst/Documents/teaching/2025-4-SI-676-NetworkedLAMS/ummaa_project_data_samples/Containers
Containers,8645-a_1.jpg,jpg,4676034,4566.4,4676,4.5,5,Containers/8645-a_1.jpg,/Users/jajohnst/Documents/teaching/2025-4-SI-676-NetworkedLAMS/ummaa_project_data_samples/Containers
Containers,8575_3.jpg,jpg,4382243,4279.5,4382,4.2,4,Containers/8575_3.jpg,/Users/jajohnst/Documents/teaching/2025-4-SI-676-NetworkedLAMS/ummaa_project_data_samples/Containers
Containers,17576_4.jpg,jpg,4690341,4580.4,4690,4.5,5,Containers/17576_4.jpg,/Users/jajohnst/Documents/teaching/2025-4-SI-676-NetworkedLAMS/ummaa_project_data_samples/Containers
Containers,17653-a_2.jpg,jpg,4299834,4199.1,4300,4.1,4,Containers/17653-a_2.jpg,/Users/jajohnst/Documents/teaching/2025-4-SI-676-NetworkedLAMS/ummaa_project_data_samples/Containers
Containers,17587_9.jpg,jpg,2963506,2894,2964,2.8,3,Containers/17587_9.jpg,/Users/jajohnst/Documents/teaching/2025-4-SI-676-NetworkedLAMS/ummaa_project_data_samples/Containers
Containers,8146_4.jpg,jpg,2871602,2804.3,2872,2.7,3,Containers/8146_4.jpg,/Users/jajohnst/Documents/teaching/2025-4-SI-676-NetworkedLAMS/ummaa_project_data_samples/Containers
Containers,17594_3.jpg,jpg,5451713,5323.9,5452,5.2,5,Containers/17594_3.jpg,/Users/jajohnst/Documents/teaching/2025-4-SI-676-NetworkedLAMS/ummaa_project_data_samples/Containers
Containers,17574_6.jpg,jpg,6326666,6178.4,6327,6,6,Containers/17574_6.jpg,/Users/jajohnst/Documents/teaching/2025-4-SI-676-NetworkedLAMS/ummaa_project_data_samples/Containers
Containers,17709_7.jpg,jpg,2523338,2464.2,2523,2.4,3,Containers/17709_7.jpg,/Users/jajohnst/Documents/teaching/2025-4-SI-676-NetworkedLAMS/ummaa_project_data_samples/Containers
Containers,1989-74-53_5.jpg,jpg,4427460,4323.7,4427,4.2,4,Containers/1989-74-53_5.jpg,/Users/jajohnst/Documents/teaching/2025-4-SI-676-NetworkedLAMS/ummaa_project_data_samples/Containers
Containers,8528-d_3.jpg,jpg,2780701,2715.5,2781,2.7,3,Containers/8528-d_3.jpg,/Users/jajohnst/Documents/teaching/2025-4-SI-676-NetworkedLAMS/ummaa_project_data_samples/Containers
Containers,8551_2.jpg,jpg,4834848,4721.5,4835,4.6,5,Containers/8551_2.jpg,/Users/jajohnst/Documents/teaching/2025-4-SI-676-NetworkedLAMS/ummaa_project_data_samples/Containers
Containers,92122_2.jpg,jpg,2660017,2597.7,2660,2.5,3,Containers/92122_2.jpg,/Users/jajohnst/Documents/teaching/2025-4-SI-676-NetworkedLAMS/ummaa_project_data_samples/Containers
Containers,8281_2.jpg,jpg,3754056,3666.1,3754,3.6,4,Containers/8281_2.jpg,/Users/jajohnst/Documents/teaching/2025-4-SI-676-NetworkedLAMS/ummaa_project_data_samples/Containers
Containers,8528-b_5.jpg,jpg,4521554,4415.6,4522,4.3,5,Containers/8528-b_5.jpg,/Users/jajohnst/Documents/teaching/2025-4-SI-676-NetworkedLAMS/ummaa_project_data_samples/Containers
Containers,8410_3.jpg,jpg,3962071,3869.2,3962,3.8,4,Containers/8410_3.jpg,/Users/jajohnst/Documents/teaching/2025-4-SI-676-NetworkedLAMS/ummaa_project_data_samples/Containers
Containers,26644_3.jpg,jpg,4384410,4281.7,4384,4.2,4,Containers/26644_3.jpg,/Users/jajohnst/Documents/teaching/2025-4-SI-676-NetworkedLAMS/ummaa_project_data_samples/Containers
Containers,17610_3.jpg,jpg,4597617,4489.9,4598,4.4,5,Containers/17610_3.jpg,/Users/jajohnst/Documents/teaching/2025-4-SI-676-NetworkedLAMS/ummaa_project_data_samples/Containers
Containers,8637-c_3.jpg,jpg,4738319,4627.3,4738,4.5,5,Containers/8637-c_3.jpg,/Users/jajohnst/Documents/teaching/2025-4-SI-676-NetworkedLAMS/ummaa_project_data_samples/Containers
Containers,17590_7.jpg,jpg,3559384,3476,3559,3.4,4,Containers/17590_7.jpg,/Users/jajohnst/Documents/teaching/2025-4-SI-676-NetworkedLAMS/ummaa_project_data_samples/Containers
Containers,8418_2_3.jpg,jpg,1926169,1881,1926,1.8,2,Containers/8418_2_3.jpg,/Users/jajohnst/Documents/teaching/2025-4-SI-676-NetworkedLAMS/ummaa_project_data_samples/Containers
Containers,92303_2.jpg,jpg,4093416,3997.5,4093,3.9,4,Containers/92303_2.jpg,/Users/jajohnst/Documents/teaching/2025-4-SI-676-NetworkedLAMS/ummaa_project_data_samples/Containers
Containers,17570_2.jpg,jpg,3930332,3838.2,3930,3.7,4,Containers/17570_2.jpg,/Users/jajohnst/Documents/teaching/2025-4-SI-676-NetworkedLAMS/ummaa_project_data_samples/Containers
Containers,8637-a_1.jpg,jpg,2900209,2832.2,2900,2.8,3,Containers/8637-a_1.jpg,/Users/jajohnst/Documents/teaching/2025-4-SI-676-NetworkedLAMS/ummaa_project_data_samples/Containers
Containers,17612_1.jpg,jpg,3891737,3800.5,3892,3.7,4,Containers/17612_1.jpg,/Users/jajohnst/Documents/teaching/2025-4-SI-676-NetworkedLAMS/ummaa_project_data_samples/Containers
Containers,8529-b_1.jpg,jpg,3338915,3260.7,3339,3.2,3,Containers/8529-b_1.jpg,/Users/jajohnst/Documents/teaching/2025-4-SI-676-NetworkedLAMS/ummaa_project_data_samples/Containers
Containers,17570_3.jpg,jpg,4080571,3984.9,4081,3.9,4,Containers/17570_3.jpg,/Users/jajohnst/Documents/teaching/2025-4-SI-676-NetworkedLAMS/ummaa_project_data_samples/Containers
Containers,92303_3.jpg,jpg,4150997,4053.7,4151,4,4,Containers/92303_3.jpg,/Users/jajohnst/Documents/teaching/2025-4-SI-676-NetworkedLAMS/ummaa_project_data_samples/Containers
Containers,8418_2_2.jpg,jpg,2583015,2522.5,2583,2.5,3,Containers/8418_2_2.jpg,/Users/jajohnst/Documents/teaching/2025-4-SI-676-NetworkedLAMS/ummaa_project_data_samples/Containers
Containers,17590_6.jpg,jpg,3412549,3332.6,3413,3.3,3,Containers/17590_6.jpg,/Users/jajohnst/Documents/teaching/2025-4-SI-676-NetworkedLAMS/ummaa_project_data_samples/Containers
Containers,17610_2.jpg,jpg,3913303,3821.6,3913,3.7,4,Containers/17610_2.jpg,/Users/jajohnst/Documents/teaching/2025-4-SI-676-NetworkedLAMS/ummaa_project_data_samples/Containers
Containers,8637-c_2.jpg,jpg,2977931,2908.1,2978,2.8,3,Containers/8637-c_2.jpg,/Users/jajohnst/Documents/teaching/2025-4-SI-676-NetworkedLAMS/ummaa_project_data_samples/Containers
Containers,26644_2.jpg,jpg,4399011,4295.9,4399,4.2,4,Containers/26644_2.jpg,/Users/jajohnst/Documents/teaching/2025-4-SI-676-NetworkedLAMS/ummaa_project_data_samples/Containers
Containers,1989-74-36_1.jpg,jpg,3626114,3541.1,3626,3.5,4,Containers/1989-74-36_1.jpg,/Users/jajohnst/Documents/teaching/2025-4-SI-676-NetworkedLAMS/ummaa_project_data_samples/Containers
Containers,8410_2.jpg,jpg,3980131,3886.8,3980,3.8,4,Containers/8410_2.jpg,/Users/jajohnst/Documents/teaching/2025-4-SI-676-NetworkedLAMS/ummaa_project_data_samples/Containers
Containers,8528-b_4.jpg,jpg,4466481,4361.8,4466,4.3,4,Containers/8528-b_4.jpg,/Users/jajohnst/Documents/teaching/2025-4-SI-676-NetworkedLAMS/ummaa_project_data_samples/Containers
Containers,8281_3.jpg,jpg,3666181,3580.3,3666,3.5,4,Containers/8281_3.jpg,/Users/jajohnst/Documents/teaching/2025-4-SI-676-NetworkedLAMS/ummaa_project_data_samples/Containers
Containers,8637-e_4.jpg,jpg,4278471,4178.2,4278,4.1,4,Containers/8637-e_4.jpg,/Users/jajohnst/Documents/teaching/2025-4-SI-676-NetworkedLAMS/ummaa_project_data_samples/Containers
Containers,92122_3.jpg,jpg,2770446,2705.5,2770,2.6,3,Containers/92122_3.jpg,/Users/jajohnst/Documents/teaching/2025-4-SI-676-NetworkedLAMS/ummaa_project_data_samples/Containers
Containers,8528-d_2.jpg,jpg,2784568,2719.3,2785,2.7,3,Containers/8528-d_2.jpg,/Users/jajohnst/Documents/teaching/2025-4-SI-676-NetworkedLAMS/ummaa_project_data_samples/Containers
Containers,1989-74-53_4.jpg,jpg,4526275,4420.2,4526,4.3,5,Containers/1989-74-53_4.jpg,/Users/jajohnst/Documents/teaching/2025-4-SI-676-NetworkedLAMS/ummaa_project_data_samples/Containers
Containers,8551_3.jpg,jpg,2836014,2769.5,2836,2.7,3,Containers/8551_3.jpg,/Users/jajohnst/Documents/teaching/2025-4-SI-676-NetworkedLAMS/ummaa_project_data_samples/Containers
Containers,17574_7.jpg,jpg,5912517,5773.9,5913,5.6,6,Containers/17574_7.jpg,/Users/jajohnst/Documents/teaching/2025-4-SI-676-NetworkedLAMS/ummaa_project_data_samples/Containers
Containers,17709_6.jpg,jpg,2852717,2785.9,2853,2.7,3,Containers/17709_6.jpg,/Users/jajohnst/Documents/teaching/2025-4-SI-676-NetworkedLAMS/ummaa_project_data_samples/Containers
Containers,17594_2.jpg,jpg,5361719,5236.1,5362,5.1,5,Containers/17594_2.jpg,/Users/jajohnst/Documents/teaching/2025-4-SI-676-NetworkedLAMS/ummaa_project_data_samples/Containers
Containers,8146_5.jpg,jpg,1848849,1805.5,1849,1.8,2,Containers/8146_5.jpg,/Users/jajohnst/Documents/teaching/2025-4-SI-676-NetworkedLAMS/ummaa_project_data_samples/Containers
Containers,17587_8.jpg,jpg,2963540,2894.1,2964,2.8,3,Containers/17587_8.jpg,/Users/jajohnst/Documents/teaching/2025-4-SI-676-NetworkedLAMS/ummaa_project_data_samples/Containers
Containers,8652_1.jpg,jpg,5326494,5201.7,5326,5.1,5,Containers/8652_1.jpg,/Users/jajohnst/Documents/teaching/2025-4-SI-676-NetworkedLAMS/ummaa_project_data_samples/Containers
Containers,17653-a_3.jpg,jpg,4160766,4063.2,4161,4,4,Containers/17653-a_3.jpg,/Users/jajohnst/Documents/teaching/2025-4-SI-676-NetworkedLAMS/ummaa_project_data_samples/Containers
Containers,17576_5.jpg,jpg,4647579,4538.7,4648,4.4,5,Containers/17576_5.jpg,/Users/jajohnst/Documents/teaching/2025-4-SI-676-NetworkedLAMS/ummaa_project_data_samples/Containers
Containers,8575_2.jpg,jpg,4365781,4263.5,4366,4.2,4,Containers/8575_2.jpg,/Users/jajohnst/Documents/teaching/2025-4-SI-676-NetworkedLAMS/ummaa_project_data_samples/Containers
Containers,8127_4.jpg,jpg,3977125,3883.9,3977,3.8,4,Containers/8127_4.jpg,/Users/jajohnst/Documents/teaching/2025-4-SI-676-NetworkedLAMS/ummaa_project_data_samples/Containers
Containers,92305_5.jpg,jpg,4520447,4414.5,4520,4.3,5,Containers/92305_5.jpg,/Users/jajohnst/Documents/teaching/2025-4-SI-676-NetworkedLAMS/ummaa_project_data_samples/Containers
Containers,8575_6.jpg,jpg,3429173,3348.8,3429,3.3,3,Containers/8575_6.jpg,/Users/jajohnst/Documents/teaching/2025-4-SI-676-NetworkedLAMS/ummaa_project_data_samples/Containers
Containers,17576_1.jpg,jpg,4827808,4714.7,4828,4.6,5,Containers/17576_1.jpg,/Users/jajohnst/Documents/teaching/2025-4-SI-676-NetworkedLAMS/ummaa_project_data_samples/Containers
Containers,92305_1.jpg,jpg,4825181,4712.1,4825,4.6,5,Containers/92305_1.jpg,/Users/jajohnst/Documents/teaching/2025-4-SI-676-NetworkedLAMS/ummaa_project_data_samples/Containers
Containers,17596_4.jpg,jpg,4375629,4273.1,4376,4.2,4,Containers/17596_4.jpg,/Users/jajohnst/Documents/teaching/2025-4-SI-676-NetworkedLAMS/ummaa_project_data_samples/Containers
Containers,8645-a_4.jpg,jpg,2120316,2070.6,2120,2,2,Containers/8645-a_4.jpg,/Users/jajohnst/Documents/teaching/2025-4-SI-676-NetworkedLAMS/ummaa_project_data_samples/Containers
Containers,17607_8.jpg,jpg,5038997,4920.9,5039,4.8,5,Containers/17607_8.jpg,/Users/jajohnst/Documents/teaching/2025-4-SI-676-NetworkedLAMS/ummaa_project_data_samples/Containers
Containers,8652_5.jpg,jpg,5378472,5252.4,5378,5.1,5,Containers/8652_5.jpg,/Users/jajohnst/Documents/teaching/2025-4-SI-676-NetworkedLAMS/ummaa_project_data_samples/Containers
Containers,17653-a_7.jpg,jpg,2467493,2409.7,2467,2.4,2,Containers/17653-a_7.jpg,/Users/jajohnst/Documents/teaching/2025-4-SI-676-NetworkedLAMS/ummaa_project_data_samples/Containers
Containers,17575_10.jpg,jpg,4469221,4364.5,4469,4.3,4,Containers/17575_10.jpg,/Users/jajohnst/Documents/teaching/2025-4-SI-676-NetworkedLAMS/ummaa_project_data_samples/Containers
Containers,17709_2.jpg,jpg,3258576,3182.2,3259,3.1,3,Containers/17709_2.jpg,/Users/jajohnst/Documents/teaching/2025-4-SI-676-NetworkedLAMS/ummaa_project_data_samples/Containers
Containers,17574_3.jpg,jpg,5204257,5082.3,5204,5,5,Containers/17574_3.jpg,/Users/jajohnst/Documents/teaching/2025-4-SI-676-NetworkedLAMS/ummaa_project_data_samples/Containers
Containers,8551_7.jpg,jpg,4070344,3974.9,4070,3.9,4,Containers/8551_7.jpg,/Users/jajohnst/Documents/teaching/2025-4-SI-676-NetworkedLAMS/ummaa_project_data_samples/Containers
Containers,8528-d_6.jpg,jpg,2561742,2501.7,2562,2.4,3,Containers/8528-d_6.jpg,/Users/jajohnst/Documents/teaching/2025-4-SI-676-NetworkedLAMS/ummaa_project_data_samples/Containers
Containers,8146_1.jpg,jpg,3777924,3689.4,3778,3.6,4,Containers/8146_1.jpg,/Users/jajohnst/Documents/teaching/2025-4-SI-676-NetworkedLAMS/ummaa_project_data_samples/Containers
Containers,17594_6.jpg,jpg,2902849,2834.8,2903,2.8,3,Containers/17594_6.jpg,/Users/jajohnst/Documents/teaching/2025-4-SI-676-NetworkedLAMS/ummaa_project_data_samples/Containers
Containers,8281_7.jpg,jpg,1811368,1768.9,1811,1.7,2,Containers/8281_7.jpg,/Users/jajohnst/Documents/teaching/2025-4-SI-676-NetworkedLAMS/ummaa_project_data_samples/Containers
Containers,92122_7.jpg,jpg,3208461,3133.3,3208,3.1,3,Containers/92122_7.jpg,/Users/jajohnst/Documents/teaching/2025-4-SI-676-NetworkedLAMS/ummaa_project_data_samples/Containers
Containers,8410_6.jpg,jpg,2582687,2522.2,2583,2.5,3,Containers/8410_6.jpg,/Users/jajohnst/Documents/teaching/2025-4-SI-676-NetworkedLAMS/ummaa_project_data_samples/Containers
Containers,1989-74-36_5.jpg,jpg,4655640,4546.5,4656,4.4,5,Containers/1989-74-36_5.jpg,/Users/jajohnst/Documents/teaching/2025-4-SI-676-NetworkedLAMS/ummaa_project_data_samples/Containers
Containers,17610_6.jpg,jpg,2504946,2446.2,2505,2.4,3,Containers/17610_6.jpg,/Users/jajohnst/Documents/teaching/2025-4-SI-676-NetworkedLAMS/ummaa_project_data_samples/Containers
Containers,17607_12.jpg,jpg,4116492,4020,4116,3.9,4,Containers/17607_12.jpg,/Users/jajohnst/Documents/teaching/2025-4-SI-676-NetworkedLAMS/ummaa_project_data_samples/Containers
Containers,26644_6.jpg,jpg,3272504,3195.8,3273,3.1,3,Containers/26644_6.jpg,/Users/jajohnst/Documents/teaching/2025-4-SI-676-NetworkedLAMS/ummaa_project_data_samples/Containers
Containers,17570_7.jpg,jpg,2461406,2403.7,2461,2.3,2,Containers/17570_7.jpg,/Users/jajohnst/Documents/teaching/2025-4-SI-676-NetworkedLAMS/ummaa_project_data_samples/Containers
Containers,8529-b_5.jpg,jpg,4060146,3965,4060,3.9,4,Containers/8529-b_5.jpg,/Users/jajohnst/Documents/teaching/2025-4-SI-676-NetworkedLAMS/ummaa_project_data_samples/Containers
Containers,17590_2.jpg,jpg,4337571,4235.9,4338,4.1,4,Containers/17590_2.jpg,/Users/jajohnst/Documents/teaching/2025-4-SI-676-NetworkedLAMS/ummaa_project_data_samples/Containers
Containers,8418_2_6.jpg,jpg,3742150,3654.4,3742,3.6,4,Containers/8418_2_6.jpg,/Users/jajohnst/Documents/teaching/2025-4-SI-676-NetworkedLAMS/ummaa_project_data_samples/Containers
Containers,17583_8.jpg,jpg,3741644,3653.9,3742,3.6,4,Containers/17583_8.jpg,/Users/jajohnst/Documents/teaching/2025-4-SI-676-NetworkedLAMS/ummaa_project_data_samples/Containers
Containers,92303_7.jpg,jpg,2280079,2226.6,2280,2.2,2,Containers/92303_7.jpg,/Users/jajohnst/Documents/teaching/2025-4-SI-676-NetworkedLAMS/ummaa_project_data_samples/Containers
Containers,17612_4.jpg,jpg,4184974,4086.9,4185,4,4,Containers/17612_4.jpg,/Users/jajohnst/Documents/teaching/2025-4-SI-676-NetworkedLAMS/ummaa_project_data_samples/Containers
Containers,8637-a_4.jpg,jpg,4327514,4226.1,4328,4.1,4,Containers/8637-a_4.jpg,/Users/jajohnst/Documents/teaching/2025-4-SI-676-NetworkedLAMS/ummaa_project_data_samples/Containers
Containers,1989-74-26_10.jpg,jpg,3760251,3672.1,3760,3.6,4,Containers/1989-74-26_10.jpg,/Users/jajohnst/Documents/teaching/2025-4-SI-676-NetworkedLAMS/ummaa_project_data_samples/Containers
Containers,1989-74-26_11.jpg,jpg,2423142,2366.3,2423,2.3,2,Containers/1989-74-26_11.jpg,/Users/jajohnst/Documents/teaching/2025-4-SI-676-NetworkedLAMS/ummaa_project_data_samples/Containers
Containers,17612_5.jpg,jpg,4168796,4071.1,4169,4,4,Containers/17612_5.jpg,/Users/jajohnst/Documents/teaching/2025-4-SI-676-NetworkedLAMS/ummaa_project_data_samples/Containers
Containers,92303_6.jpg,jpg,2835776,2769.3,2836,2.7,3,Containers/92303_6.jpg,/Users/jajohnst/Documents/teaching/2025-4-SI-676-NetworkedLAMS/ummaa_project_data_samples/Containers
Containers,17583_9.jpg,jpg,3733978,3646.5,3734,3.6,4,Containers/17583_9.jpg,/Users/jajohnst/Documents/teaching/2025-4-SI-676-NetworkedLAMS/ummaa_project_data_samples/Containers
Containers,8418_2_7.jpg,jpg,3862406,3771.9,3862,3.7,4,Containers/8418_2_7.jpg,/Users/jajohnst/Documents/teaching/2025-4-SI-676-NetworkedLAMS/ummaa_project_data_samples/Containers
Containers,17590_3.jpg,jpg,4397084,4294,4397,4.2,4,Containers/17590_3.jpg,/Users/jajohnst/Documents/teaching/2025-4-SI-676-NetworkedLAMS/ummaa_project_data_samples/Containers
Containers,17570_6.jpg,jpg,2477053,2419,2477,2.4,2,Containers/17570_6.jpg,/Users/jajohnst/Documents/teaching/2025-4-SI-676-NetworkedLAMS/ummaa_project_data_samples/Containers
Containers,8529-b_4.jpg,jpg,4048452,3953.6,4048,3.9,4,Containers/8529-b_4.jpg,/Users/jajohnst/Documents/teaching/2025-4-SI-676-NetworkedLAMS/ummaa_project_data_samples/Containers
Containers,26644_7.jpg,jpg,3107768,3034.9,3108,3,3,Containers/26644_7.jpg,/Users/jajohnst/Documents/teaching/2025-4-SI-676-NetworkedLAMS/ummaa_project_data_samples/Containers
Containers,17610_7.jpg,jpg,2489659,2431.3,2490,2.4,2,Containers/17610_7.jpg,/Users/jajohnst/Documents/teaching/2025-4-SI-676-NetworkedLAMS/ummaa_project_data_samples/Containers
Containers,8410_7.jpg,jpg,3372478,3293.4,3372,3.2,3,Containers/8410_7.jpg,/Users/jajohnst/Documents/teaching/2025-4-SI-676-NetworkedLAMS/ummaa_project_data_samples/Containers
Containers,1989-74-36_4.jpg,jpg,4622105,4513.8,4622,4.4,5,Containers/1989-74-36_4.jpg,/Users/jajohnst/Documents/teaching/2025-4-SI-676-NetworkedLAMS/ummaa_project_data_samples/Containers
Containers,8528-b_1.jpg,jpg,2898077,2830.2,2898,2.8,3,Containers/8528-b_1.jpg,/Users/jajohnst/Documents/teaching/2025-4-SI-676-NetworkedLAMS/ummaa_project_data_samples/Containers
Containers,92122_6.jpg,jpg,2684715,2621.8,2685,2.6,3,Containers/92122_6.jpg,/Users/jajohnst/Documents/teaching/2025-4-SI-676-NetworkedLAMS/ummaa_project_data_samples/Containers
Containers,8281_6.jpg,jpg,1856568,1813.1,1857,1.8,2,Containers/8281_6.jpg,/Users/jajohnst/Documents/teaching/2025-4-SI-676-NetworkedLAMS/ummaa_project_data_samples/Containers
Containers,8637-e_1.jpg,jpg,2844040,2777.4,2844,2.7,3,Containers/8637-e_1.jpg,/Users/jajohnst/Documents/teaching/2025-4-SI-676-NetworkedLAMS/ummaa_project_data_samples/Containers
Containers,17594_7.jpg,jpg,3091480,3019,3091,2.9,3,Containers/17594_7.jpg,/Users/jajohnst/Documents/teaching/2025-4-SI-676-NetworkedLAMS/ummaa_project_data_samples/Containers
Containers,1989-74-23_8.jpg,jpg,5666052,5533.3,5666,5.4,6,Containers/1989-74-23_8.jpg,/Users/jajohnst/Documents/teaching/2025-4-SI-676-NetworkedLAMS/ummaa_project_data_samples/Containers
Containers,8551_6.jpg,jpg,2399770,2343.5,2400,2.3,2,Containers/8551_6.jpg,/Users/jajohnst/Documents/teaching/2025-4-SI-676-NetworkedLAMS/ummaa_project_data_samples/Containers
Containers,1989-74-53_1.jpg,jpg,3095908,3023.3,3096,3,3,Containers/1989-74-53_1.jpg,/Users/jajohnst/Documents/teaching/2025-4-SI-676-NetworkedLAMS/ummaa_project_data_samples/Containers
Containers,17709_3.jpg,jpg,3270160,3193.5,3270,3.1,3,Containers/17709_3.jpg,/Users/jajohnst/Documents/teaching/2025-4-SI-676-NetworkedLAMS/ummaa_project_data_samples/Containers
Containers,17574_2.jpg,jpg,6171577,6026.9,6172,5.9,6,Containers/17574_2.jpg,/Users/jajohnst/Documents/teaching/2025-4-SI-676-NetworkedLAMS/ummaa_project_data_samples/Containers
Containers,17575_11.jpg,jpg,4309176,4208.2,4309,4.1,4,Containers/17575_11.jpg,/Users/jajohnst/Documents/teaching/2025-4-SI-676-NetworkedLAMS/ummaa_project_data_samples/Containers
Containers,17653-a_6.jpg,jpg,1649872,1611.2,1650,1.6,2,Containers/17653-a_6.jpg,/Users/jajohnst/Documents/teaching/2025-4-SI-676-NetworkedLAMS/ummaa_project_data_samples/Containers
Containers,8652_4.jpg,jpg,5051618,4933.2,5052,4.8,5,Containers/8652_4.jpg,/Users/jajohnst/Documents/teaching/2025-4-SI-676-NetworkedLAMS/ummaa_project_data_samples/Containers
Containers,17607_9.jpg,jpg,3546941,3463.8,3547,3.4,4,Containers/17607_9.jpg,/Users/jajohnst/Documents/teaching/2025-4-SI-676-NetworkedLAMS/ummaa_project_data_samples/Containers
Containers,8645-a_5.jpg,jpg,1972693,1926.5,1973,1.9,2,Containers/8645-a_5.jpg,/Users/jajohnst/Documents/teaching/2025-4-SI-676-NetworkedLAMS/ummaa_project_data_samples/Containers
Containers,17596_5.jpg,jpg,4206977,4108.4,4207,4,4,Containers/17596_5.jpg,/Users/jajohnst/Documents/teaching/2025-4-SI-676-NetworkedLAMS/ummaa_project_data_samples/Containers
Containers,8127_1.jpg,jpg,3912923,3821.2,3913,3.7,4,Containers/8127_1.jpg,/Users/jajohnst/Documents/teaching/2025-4-SI-676-NetworkedLAMS/ummaa_project_data_samples/Containers
Containers,8575_7.jpg,jpg,2971039,2901.4,2971,2.8,3,Containers/8575_7.jpg,/Users/jajohnst/Documents/teaching/2025-4-SI-676-NetworkedLAMS/ummaa_project_data_samples/Containers
Containers,8575_5.jpg,jpg,4400069,4296.9,4400,4.2,4,Containers/8575_5.jpg,/Users/jajohnst/Documents/teaching/2025-4-SI-676-NetworkedLAMS/ummaa_project_data_samples/Containers
Containers,17576_2.jpg,jpg,4854629,4740.8,4855,4.6,5,Containers/17576_2.jpg,/Users/jajohnst/Documents/teaching/2025-4-SI-676-NetworkedLAMS/ummaa_project_data_samples/Containers
Containers,17596_7.jpg,jpg,2532957,2473.6,2533,2.4,3,Containers/17596_7.jpg,/Users/jajohnst/Documents/teaching/2025-4-SI-676-NetworkedLAMS/ummaa_project_data_samples/Containers
Containers,8127_3.jpg,jpg,3911234,3819.6,3911,3.7,4,Containers/8127_3.jpg,/Users/jajohnst/Documents/teaching/2025-4-SI-676-NetworkedLAMS/ummaa_project_data_samples/Containers
Containers,92305_2.jpg,jpg,4668188,4558.8,4668,4.5,5,Containers/92305_2.jpg,/Users/jajohnst/Documents/teaching/2025-4-SI-676-NetworkedLAMS/ummaa_project_data_samples/Containers
Containers,8652_6.jpg,jpg,3620251,3535.4,3620,3.5,4,Containers/8652_6.jpg,/Users/jajohnst/Documents/teaching/2025-4-SI-676-NetworkedLAMS/ummaa_project_data_samples/Containers
Containers,37326_8.jpg,jpg,3531726,3449,3532,3.4,4,Containers/37326_8.jpg,/Users/jajohnst/Documents/teaching/2025-4-SI-676-NetworkedLAMS/ummaa_project_data_samples/Containers
Containers,17598_8.jpg,jpg,2611818,2550.6,2612,2.5,3,Containers/17598_8.jpg,/Users/jajohnst/Documents/teaching/2025-4-SI-676-NetworkedLAMS/ummaa_project_data_samples/Containers
Containers,17653-a_4.jpg,jpg,4276402,4176.2,4276,4.1,4,Containers/17653-a_4.jpg,/Users/jajohnst/Documents/teaching/2025-4-SI-676-NetworkedLAMS/ummaa_project_data_samples/Containers
Containers,8528-d_5.jpg,jpg,1733680,1693,1734,1.7,2,Containers/8528-d_5.jpg,/Users/jajohnst/Documents/teaching/2025-4-SI-676-NetworkedLAMS/ummaa_project_data_samples/Containers
Containers,1989-74-53_3.jpg,jpg,4178955,4081,4179,4,4,Containers/1989-74-53_3.jpg,/Users/jajohnst/Documents/teaching/2025-4-SI-676-NetworkedLAMS/ummaa_project_data_samples/Containers
Containers,8551_4.jpg,jpg,4747047,4635.8,4747,4.5,5,Containers/8551_4.jpg,/Users/jajohnst/Documents/teaching/2025-4-SI-676-NetworkedLAMS/ummaa_project_data_samples/Containers
Containers,17709_1.jpg,jpg,4393607,4290.6,4394,4.2,4,Containers/17709_1.jpg,/Users/jajohnst/Documents/teaching/2025-4-SI-676-NetworkedLAMS/ummaa_project_data_samples/Containers
Containers,8146_2.jpg,jpg,2900268,2832.3,2900,2.8,3,Containers/8146_2.jpg,/Users/jajohnst/Documents/teaching/2025-4-SI-676-NetworkedLAMS/ummaa_project_data_samples/Containers
Containers,17594_5.jpg,jpg,5315056,5190.5,5315,5.1,5,Containers/17594_5.jpg,/Users/jajohnst/Documents/teaching/2025-4-SI-676-NetworkedLAMS/ummaa_project_data_samples/Containers
Containers,8637-e_3.jpg,jpg,4475883,4371,4476,4.3,4,Containers/8637-e_3.jpg,/Users/jajohnst/Documents/teaching/2025-4-SI-676-NetworkedLAMS/ummaa_project_data_samples/Containers
Containers,8281_4.jpg,jpg,3627139,3542.1,3627,3.5,4,Containers/8281_4.jpg,/Users/jajohnst/Documents/teaching/2025-4-SI-676-NetworkedLAMS/ummaa_project_data_samples/Containers
Containers,92122_4.jpg,jpg,2759567,2694.9,2760,2.6,3,Containers/92122_4.jpg,/Users/jajohnst/Documents/teaching/2025-4-SI-676-NetworkedLAMS/ummaa_project_data_samples/Containers
Containers,1989-74-36_6.jpg,jpg,2442496,2385.2,2442,2.3,2,Containers/1989-74-36_6.jpg,/Users/jajohnst/Documents/teaching/2025-4-SI-676-NetworkedLAMS/ummaa_project_data_samples/Containers
Containers,8410_5.jpg,jpg,3858594,3768.2,3859,3.7,4,Containers/8410_5.jpg,/Users/jajohnst/Documents/teaching/2025-4-SI-676-NetworkedLAMS/ummaa_project_data_samples/Containers
Containers,8528-b_3.jpg,jpg,4541558,4435.1,4542,4.3,5,Containers/8528-b_3.jpg,/Users/jajohnst/Documents/teaching/2025-4-SI-676-NetworkedLAMS/ummaa_project_data_samples/Containers
Containers,8480_9.jpg,jpg,1719756,1679.4,1720,1.6,2,Containers/8480_9.jpg,/Users/jajohnst/Documents/teaching/2025-4-SI-676-NetworkedLAMS/ummaa_project_data_samples/Containers
Containers,17607_11.jpg,jpg,4302851,4202,4303,4.1,4,Containers/17607_11.jpg,/Users/jajohnst/Documents/teaching/2025-4-SI-676-NetworkedLAMS/ummaa_project_data_samples/Containers
Containers,17610_5.jpg,jpg,2595122,2534.3,2595,2.5,3,Containers/17610_5.jpg,/Users/jajohnst/Documents/teaching/2025-4-SI-676-NetworkedLAMS/ummaa_project_data_samples/Containers
Containers,26644_5.jpg,jpg,4335281,4233.7,4335,4.1,4,Containers/26644_5.jpg,/Users/jajohnst/Documents/teaching/2025-4-SI-676-NetworkedLAMS/ummaa_project_data_samples/Containers
Containers,8529-b_6.jpg,jpg,4130391,4033.6,4130,3.9,4,Containers/8529-b_6.jpg,/Users/jajohnst/Documents/teaching/2025-4-SI-676-NetworkedLAMS/ummaa_project_data_samples/Containers
Containers,17570_4.jpg,jpg,4066045,3970.7,4066,3.9,4,Containers/17570_4.jpg,/Users/jajohnst/Documents/teaching/2025-4-SI-676-NetworkedLAMS/ummaa_project_data_samples/Containers
Containers,8418_2_5.jpg,jpg,1923113,1878,1923,1.8,2,Containers/8418_2_5.jpg,/Users/jajohnst/Documents/teaching/2025-4-SI-676-NetworkedLAMS/ummaa_project_data_samples/Containers
Containers,92303_4.jpg,jpg,4212115,4113.4,4212,4,4,Containers/92303_4.jpg,/Users/jajohnst/Documents/teaching/2025-4-SI-676-NetworkedLAMS/ummaa_project_data_samples/Containers
Containers,17590_1.jpg,jpg,4125898,4029.2,4126,3.9,4,Containers/17590_1.jpg,/Users/jajohnst/Documents/teaching/2025-4-SI-676-NetworkedLAMS/ummaa_project_data_samples/Containers
Containers,17612_7.jpg,jpg,2613165,2551.9,2613,2.5,3,Containers/17612_7.jpg,/Users/jajohnst/Documents/teaching/2025-4-SI-676-NetworkedLAMS/ummaa_project_data_samples/Containers
Containers,17612_6.jpg,jpg,2024764,1977.3,2025,1.9,2,Containers/17612_6.jpg,/Users/jajohnst/Documents/teaching/2025-4-SI-676-NetworkedLAMS/ummaa_project_data_samples/Containers
Containers,92303_5.jpg,jpg,4321795,4220.5,4322,4.1,4,Containers/92303_5.jpg,/Users/jajohnst/Documents/teaching/2025-4-SI-676-NetworkedLAMS/ummaa_project_data_samples/Containers
Containers,8418_2_4.jpg,jpg,2462551,2404.8,2463,2.3,2,Containers/8418_2_4.jpg,/Users/jajohnst/Documents/teaching/2025-4-SI-676-NetworkedLAMS/ummaa_project_data_samples/Containers
Containers,8529-b_7.jpg,jpg,5040750,4922.6,5041,4.8,5,Containers/8529-b_7.jpg,/Users/jajohnst/Documents/teaching/2025-4-SI-676-NetworkedLAMS/ummaa_project_data_samples/Containers
Containers,17570_5.jpg,jpg,3917918,3826.1,3918,3.7,4,Containers/17570_5.jpg,/Users/jajohnst/Documents/teaching/2025-4-SI-676-NetworkedLAMS/ummaa_project_data_samples/Containers
Containers,26644_4.jpg,jpg,4420025,4316.4,4420,4.2,4,Containers/26644_4.jpg,/Users/jajohnst/Documents/teaching/2025-4-SI-676-NetworkedLAMS/ummaa_project_data_samples/Containers
Containers,17610_4.jpg,jpg,2703564,2640.2,2704,2.6,3,Containers/17610_4.jpg,/Users/jajohnst/Documents/teaching/2025-4-SI-676-NetworkedLAMS/ummaa_project_data_samples/Containers
Containers,8637-c_4.jpg,jpg,5073823,4954.9,5074,4.8,5,Containers/8637-c_4.jpg,/Users/jajohnst/Documents/teaching/2025-4-SI-676-NetworkedLAMS/ummaa_project_data_samples/Containers
Containers,17607_10.jpg,jpg,3727988,3640.6,3728,3.6,4,Containers/17607_10.jpg,/Users/jajohnst/Documents/teaching/2025-4-SI-676-NetworkedLAMS/ummaa_project_data_samples/Containers
Containers,8480_8.jpg,jpg,4902396,4787.5,4902,4.7,5,Containers/8480_8.jpg,/Users/jajohnst/Documents/teaching/2025-4-SI-676-NetworkedLAMS/ummaa_project_data_samples/Containers
Containers,8528-b_2.jpg,jpg,4609070,4501,4609,4.4,5,Containers/8528-b_2.jpg,/Users/jajohnst/Documents/teaching/2025-4-SI-676-NetworkedLAMS/ummaa_project_data_samples/Containers
Containers,1989-74-36_7.jpg,jpg,3051128,2979.6,3051,2.9,3,Containers/1989-74-36_7.jpg,/Users/jajohnst/Documents/teaching/2025-4-SI-676-NetworkedLAMS/ummaa_project_data_samples/Containers
Containers,8410_4.jpg,jpg,3893043,3801.8,3893,3.7,4,Containers/8410_4.jpg,/Users/jajohnst/Documents/teaching/2025-4-SI-676-NetworkedLAMS/ummaa_project_data_samples/Containers
Containers,92122_5.jpg,jpg,2807825,2742,2808,2.7,3,Containers/92122_5.jpg,/Users/jajohnst/Documents/teaching/2025-4-SI-676-NetworkedLAMS/ummaa_project_data_samples/Containers
Containers,8281_5.jpg,jpg,3577096,3493.3,3577,3.4,4,Containers/8281_5.jpg,/Users/jajohnst/Documents/teaching/2025-4-SI-676-NetworkedLAMS/ummaa_project_data_samples/Containers
Containers,8637-e_2.jpg,jpg,2730642,2666.6,2731,2.6,3,Containers/8637-e_2.jpg,/Users/jajohnst/Documents/teaching/2025-4-SI-676-NetworkedLAMS/ummaa_project_data_samples/Containers
Containers,17594_4.jpg,jpg,5386152,5259.9,5386,5.1,5,Containers/17594_4.jpg,/Users/jajohnst/Documents/teaching/2025-4-SI-676-NetworkedLAMS/ummaa_project_data_samples/Containers
Containers,8146_3.jpg,jpg,1884446,1840.3,1884,1.8,2,Containers/8146_3.jpg,/Users/jajohnst/Documents/teaching/2025-4-SI-676-NetworkedLAMS/ummaa_project_data_samples/Containers
Containers,17574_1.jpg,jpg,5517381,5388.1,5517,5.3,6,Containers/17574_1.jpg,/Users/jajohnst/Documents/teaching/2025-4-SI-676-NetworkedLAMS/ummaa_project_data_samples/Containers
Containers,1989-74-53_2.jpg,jpg,3724223,3636.9,3724,3.6,4,Containers/1989-74-53_2.jpg,/Users/jajohnst/Documents/teaching/2025-4-SI-676-NetworkedLAMS/ummaa_project_data_samples/Containers
Containers,8528-d_4.jpg,jpg,4591734,4484.1,4592,4.4,5,Containers/8528-d_4.jpg,/Users/jajohnst/Documents/teaching/2025-4-SI-676-NetworkedLAMS/ummaa_project_data_samples/Containers
Containers,8551_5.jpg,jpg,2770638,2705.7,2771,2.6,3,Containers/8551_5.jpg,/Users/jajohnst/Documents/teaching/2025-4-SI-676-NetworkedLAMS/ummaa_project_data_samples/Containers
Containers,8169_tag.jpg,jpg,3120354,3047.2,3120,3,3,Containers/8169_tag.jpg,/Users/jajohnst/Documents/teaching/2025-4-SI-676-NetworkedLAMS/ummaa_project_data_samples/Containers
Containers,17598_9.jpg,jpg,2645781,2583.8,2646,2.5,3,Containers/17598_9.jpg,/Users/jajohnst/Documents/teaching/2025-4-SI-676-NetworkedLAMS/ummaa_project_data_samples/Containers
Containers,17653-a_5.jpg,jpg,4276378,4176.2,4276,4.1,4,Containers/17653-a_5.jpg,/Users/jajohnst/Documents/teaching/2025-4-SI-676-NetworkedLAMS/ummaa_project_data_samples/Containers
Containers,37326_9.jpg,jpg,3463418,3382.2,3463,3.3,3,Containers/37326_9.jpg,/Users/jajohnst/Documents/teaching/2025-4-SI-676-NetworkedLAMS/ummaa_project_data_samples/Containers
Containers,8652_7.jpg,jpg,3287472,3210.4,3287,3.1,3,Containers/8652_7.jpg,/Users/jajohnst/Documents/teaching/2025-4-SI-676-NetworkedLAMS/ummaa_project_data_samples/Containers
Containers,8127_2.jpg,jpg,3955589,3862.9,3956,3.8,4,Containers/8127_2.jpg,/Users/jajohnst/Documents/teaching/2025-4-SI-676-NetworkedLAMS/ummaa_project_data_samples/Containers
Containers,92305_3.jpg,jpg,4553383,4446.7,4553,4.3,5,Containers/92305_3.jpg,/Users/jajohnst/Documents/teaching/2025-4-SI-676-NetworkedLAMS/ummaa_project_data_samples/Containers
Containers,17596_6.jpg,jpg,3300551,3223.2,3301,3.1,3,Containers/17596_6.jpg,/Users/jajohnst/Documents/teaching/2025-4-SI-676-NetworkedLAMS/ummaa_project_data_samples/Containers
Containers,17576_3.jpg,jpg,4866249,4752.2,4866,4.6,5,Containers/17576_3.jpg,/Users/jajohnst/Documents/teaching/2025-4-SI-676-NetworkedLAMS/ummaa_project_data_samples/Containers
Containers,8575_4.jpg,jpg,4463912,4359.3,4464,4.3,4,Containers/8575_4.jpg,/Users/jajohnst/Documents/teaching/2025-4-SI-676-NetworkedLAMS/ummaa_project_data_samples/Containers
Dress and Personal Adornment,8036_2.jpg,jpg,1992472,1945.8,1992,1.9,2,Dress and Personal Adornment/8036_2.jpg,/Users/jajohnst/Documents/teaching/2025-4-SI-676-NetworkedLAMS/ummaa_project_data_samples/Dress and Personal Adornment
Dress and Personal Adornment,92134.jpg,jpg,1137412,1110.8,1137,1.1,1,Dress and Personal Adornment/92134.jpg,/Users/jajohnst/Documents/teaching/2025-4-SI-676-NetworkedLAMS/ummaa_project_data_samples/Dress and Personal Adornment
Dress and Personal Adornment,1989-74-66_6.jpg,jpg,2415957,2359.3,2416,2.3,2,Dress and Personal Adornment/1989-74-66_6.jpg,/Users/jajohnst/Documents/teaching/2025-4-SI-676-NetworkedLAMS/ummaa_project_data_samples/Dress and Personal Adornment
Dress and Personal Adornment,17707_2.jpg,jpg,4298950,4198.2,4299,4.1,4,Dress and Personal Adornment/17707_2.jpg,/Users/jajohnst/Documents/teaching/2025-4-SI-676-NetworkedLAMS/ummaa_project_data_samples/Dress and Personal Adornment
Dress and Personal Adornment,37324_6.jpg,jpg,3613113,3528.4,3613,3.4,4,Dress and Personal Adornment/37324_6.jpg,/Users/jajohnst/Documents/teaching/2025-4-SI-676-NetworkedLAMS/ummaa_project_data_samples/Dress and Personal Adornment
Dress and Personal Adornment,8571-b_6.jpg,jpg,2727774,2663.8,2728,2.6,3,Dress and Personal Adornment/8571-b_6.jpg,/Users/jajohnst/Documents/teaching/2025-4-SI-676-NetworkedLAMS/ummaa_project_data_samples/Dress and Personal Adornment
Dress and Personal Adornment,8130_1.jpg,jpg,3745167,3657.4,3745,3.6,4,Dress and Personal Adornment/8130_1.jpg,/Users/jajohnst/Documents/teaching/2025-4-SI-676-NetworkedLAMS/ummaa_project_data_samples/Dress and Personal Adornment
Dress and Personal Adornment,17661-a_2.jpg,jpg,3575958,3492.1,3576,3.4,4,Dress and Personal Adornment/17661-a_2.jpg,/Users/jajohnst/Documents/teaching/2025-4-SI-676-NetworkedLAMS/ummaa_project_data_samples/Dress and Personal Adornment
Dress and Personal Adornment,1989-74-27_2.jpg,jpg,3184133,3109.5,3184,3,3,Dress and Personal Adornment/1989-74-27_2.jpg,/Users/jajohnst/Documents/teaching/2025-4-SI-676-NetworkedLAMS/ummaa_project_data_samples/Dress and Personal Adornment
Dress and Personal Adornment,1989-74-62_2.jpg,jpg,4060594,3965.4,4061,3.9,4,Dress and Personal Adornment/1989-74-62_2.jpg,/Users/jajohnst/Documents/teaching/2025-4-SI-676-NetworkedLAMS/ummaa_project_data_samples/Dress and Personal Adornment
Dress and Personal Adornment,8369_1.jpg,jpg,4354853,4252.8,4355,4.2,4,Dress and Personal Adornment/8369_1.jpg,/Users/jajohnst/Documents/teaching/2025-4-SI-676-NetworkedLAMS/ummaa_project_data_samples/Dress and Personal Adornment
Dress and Personal Adornment,17662_2.jpg,jpg,3715893,3628.8,3716,3.5,4,Dress and Personal Adornment/17662_2.jpg,/Users/jajohnst/Documents/teaching/2025-4-SI-676-NetworkedLAMS/ummaa_project_data_samples/Dress and Personal Adornment
Dress and Personal Adornment,1989-74-59_4.jpg,jpg,3458470,3377.4,3458,3.3,3,Dress and Personal Adornment/1989-74-59_4.jpg,/Users/jajohnst/Documents/teaching/2025-4-SI-676-NetworkedLAMS/ummaa_project_data_samples/Dress and Personal Adornment
Dress and Personal Adornment,17661-c_1.jpg,jpg,4193771,4095.5,4194,4,4,Dress and Personal Adornment/17661-c_1.jpg,/Users/jajohnst/Documents/teaching/2025-4-SI-676-NetworkedLAMS/ummaa_project_data_samples/Dress and Personal Adornment
Dress and Personal Adornment,17662_3.jpg,jpg,3757063,3669,3757,3.6,4,Dress and Personal Adornment/17662_3.jpg,/Users/jajohnst/Documents/teaching/2025-4-SI-676-NetworkedLAMS/ummaa_project_data_samples/Dress and Personal Adornment
Dress and Personal Adornment,1989-74-27_3.jpg,jpg,3203345,3128.3,3203,3.1,3,Dress and Personal Adornment/1989-74-27_3.jpg,/Users/jajohnst/Documents/teaching/2025-4-SI-676-NetworkedLAMS/ummaa_project_data_samples/Dress and Personal Adornment
Dress and Personal Adornment,1989-74-62_3.jpg,jpg,4096416,4000.4,4096,3.9,4,Dress and Personal Adornment/1989-74-62_3.jpg,/Users/jajohnst/Documents/teaching/2025-4-SI-676-NetworkedLAMS/ummaa_project_data_samples/Dress and Personal Adornment
Dress and Personal Adornment,37322_1.jpg,jpg,4849330,4735.7,4849,4.6,5,Dress and Personal Adornment/37322_1.jpg,/Users/jajohnst/Documents/teaching/2025-4-SI-676-NetworkedLAMS/ummaa_project_data_samples/Dress and Personal Adornment
Dress and Personal Adornment,17660_1.jpg,jpg,4191764,4093.5,4192,4,4,Dress and Personal Adornment/17660_1.jpg,/Users/jajohnst/Documents/teaching/2025-4-SI-676-NetworkedLAMS/ummaa_project_data_samples/Dress and Personal Adornment
Dress and Personal Adornment,47282_1.jpg,jpg,4577568,4470.3,4578,4.4,5,Dress and Personal Adornment/47282_1.jpg,/Users/jajohnst/Documents/teaching/2025-4-SI-676-NetworkedLAMS/ummaa_project_data_samples/Dress and Personal Adornment
Dress and Personal Adornment,1989-74-60_1.jpg,jpg,4043490,3948.7,4043,3.9,4,Dress and Personal Adornment/1989-74-60_1.jpg,/Users/jajohnst/Documents/teaching/2025-4-SI-676-NetworkedLAMS/ummaa_project_data_samples/Dress and Personal Adornment
Dress and Personal Adornment,8571-b_7.jpg,jpg,2713236,2649.6,2713,2.6,3,Dress and Personal Adornment/8571-b_7.jpg,/Users/jajohnst/Documents/teaching/2025-4-SI-676-NetworkedLAMS/ummaa_project_data_samples/Dress and Personal Adornment
Dress and Personal Adornment,37324_7.jpg,jpg,3735897,3648.3,3736,3.6,4,Dress and Personal Adornment/37324_7.jpg,/Users/jajohnst/Documents/teaching/2025-4-SI-676-NetworkedLAMS/ummaa_project_data_samples/Dress and Personal Adornment
Dress and Personal Adornment,17707_3.jpg,jpg,4279370,4179.1,4279,4.1,4,Dress and Personal Adornment/17707_3.jpg,/Users/jajohnst/Documents/teaching/2025-4-SI-676-NetworkedLAMS/ummaa_project_data_samples/Dress and Personal Adornment
Dress and Personal Adornment,1989-74-66_7.jpg,jpg,2421543,2364.8,2422,2.3,2,Dress and Personal Adornment/1989-74-66_7.jpg,/Users/jajohnst/Documents/teaching/2025-4-SI-676-NetworkedLAMS/ummaa_project_data_samples/Dress and Personal Adornment
Dress and Personal Adornment,8036_3.jpg,jpg,1993597,1946.9,1994,1.9,2,Dress and Personal Adornment/8036_3.jpg,/Users/jajohnst/Documents/teaching/2025-4-SI-676-NetworkedLAMS/ummaa_project_data_samples/Dress and Personal Adornment
Dress and Personal Adornment,8081-b_3.jpg,jpg,2218708,2166.7,2219,2.1,2,Dress and Personal Adornment/8081-b_3.jpg,/Users/jajohnst/Documents/teaching/2025-4-SI-676-NetworkedLAMS/ummaa_project_data_samples/Dress and Personal Adornment
Dress and Personal Adornment,8036_1.jpg,jpg,2131208,2081.3,2131,2,2,Dress and Personal Adornment/8036_1.jpg,/Users/jajohnst/Documents/teaching/2025-4-SI-676-NetworkedLAMS/ummaa_project_data_samples/Dress and Personal Adornment
Dress and Personal Adornment,1989-74-66_5.jpg,jpg,2431697,2374.7,2432,2.3,2,Dress and Personal Adornment/1989-74-66_5.jpg,/Users/jajohnst/Documents/teaching/2025-4-SI-676-NetworkedLAMS/ummaa_project_data_samples/Dress and Personal Adornment
Dress and Personal Adornment,17707_1.jpg,jpg,3321329,3243.5,3321,3.2,3,Dress and Personal Adornment/17707_1.jpg,/Users/jajohnst/Documents/teaching/2025-4-SI-676-NetworkedLAMS/ummaa_project_data_samples/Dress and Personal Adornment
Dress and Personal Adornment,8571-b_5.jpg,jpg,1429023,1395.5,1429,1.4,1,Dress and Personal Adornment/8571-b_5.jpg,/Users/jajohnst/Documents/teaching/2025-4-SI-676-NetworkedLAMS/ummaa_project_data_samples/Dress and Personal Adornment
Dress and Personal Adornment,37324_5.jpg,jpg,5042788,4924.6,5043,4.8,5,Dress and Personal Adornment/37324_5.jpg,/Users/jajohnst/Documents/teaching/2025-4-SI-676-NetworkedLAMS/ummaa_project_data_samples/Dress and Personal Adornment
Dress and Personal Adornment,47282_3.jpg,jpg,2814803,2748.8,2815,2.7,3,Dress and Personal Adornment/47282_3.jpg,/Users/jajohnst/Documents/teaching/2025-4-SI-676-NetworkedLAMS/ummaa_project_data_samples/Dress and Personal Adornment
Dress and Personal Adornment,8130_2.jpg,jpg,2122554,2072.8,2123,2,2,Dress and Personal Adornment/8130_2.jpg,/Users/jajohnst/Documents/teaching/2025-4-SI-676-NetworkedLAMS/ummaa_project_data_samples/Dress and Personal Adornment
Dress and Personal Adornment,17657-a_3.jpg,jpg,2263508,2210.5,2264,2.2,2,Dress and Personal Adornment/17657-a_3.jpg,/Users/jajohnst/Documents/teaching/2025-4-SI-676-NetworkedLAMS/ummaa_project_data_samples/Dress and Personal Adornment
Dress and Personal Adornment,17660_3.jpg,jpg,2992660,2922.5,2993,2.9,3,Dress and Personal Adornment/17660_3.jpg,/Users/jajohnst/Documents/teaching/2025-4-SI-676-NetworkedLAMS/ummaa_project_data_samples/Dress and Personal Adornment
Dress and Personal Adornment,17661-a_1.jpg,jpg,3553459,3470.2,3553,3.4,4,Dress and Personal Adornment/17661-a_1.jpg,/Users/jajohnst/Documents/teaching/2025-4-SI-676-NetworkedLAMS/ummaa_project_data_samples/Dress and Personal Adornment
Dress and Personal Adornment,1989-74-52_10.jpg,jpg,2021447,1974.1,2021,1.9,2,Dress and Personal Adornment/1989-74-52_10.jpg,/Users/jajohnst/Documents/teaching/2025-4-SI-676-NetworkedLAMS/ummaa_project_data_samples/Dress and Personal Adornment
Dress and Personal Adornment,1989-74-62_1.jpg,jpg,3107187,3034.4,3107,3,3,Dress and Personal Adornment/1989-74-62_1.jpg,/Users/jajohnst/Documents/teaching/2025-4-SI-676-NetworkedLAMS/ummaa_project_data_samples/Dress and Personal Adornment
Dress and Personal Adornment,1989-74-27_1.jpg,jpg,4582958,4475.5,4583,4.4,5,Dress and Personal Adornment/1989-74-27_1.jpg,/Users/jajohnst/Documents/teaching/2025-4-SI-676-NetworkedLAMS/ummaa_project_data_samples/Dress and Personal Adornment
Dress and Personal Adornment,8369_2.jpg,jpg,4312396,4211.3,4312,4.1,4,Dress and Personal Adornment/8369_2.jpg,/Users/jajohnst/Documents/teaching/2025-4-SI-676-NetworkedLAMS/ummaa_project_data_samples/Dress and Personal Adornment
Dress and Personal Adornment,17662_1.jpg,jpg,2544445,2484.8,2544,2.4,3,Dress and Personal Adornment/17662_1.jpg,/Users/jajohnst/Documents/teaching/2025-4-SI-676-NetworkedLAMS/ummaa_project_data_samples/Dress and Personal Adornment
Dress and Personal Adornment,17661-c_2.jpg,jpg,4367190,4264.8,4367,4.2,4,Dress and Personal Adornment/17661-c_2.jpg,/Users/jajohnst/Documents/teaching/2025-4-SI-676-NetworkedLAMS/ummaa_project_data_samples/Dress and Personal Adornment
Dress and Personal Adornment,8369_3.jpg,jpg,3196606,3121.7,3197,3,3,Dress and Personal Adornment/8369_3.jpg,/Users/jajohnst/Documents/teaching/2025-4-SI-676-NetworkedLAMS/ummaa_project_data_samples/Dress and Personal Adornment
Dress and Personal Adornment,17660_2.jpg,jpg,4145037,4047.9,4145,4,4,Dress and Personal Adornment/17660_2.jpg,/Users/jajohnst/Documents/teaching/2025-4-SI-676-NetworkedLAMS/ummaa_project_data_samples/Dress and Personal Adornment
Dress and Personal Adornment,8130_3.jpg,jpg,2434231,2377.2,2434,2.3,2,Dress and Personal Adornment/8130_3.jpg,/Users/jajohnst/Documents/teaching/2025-4-SI-676-NetworkedLAMS/ummaa_project_data_samples/Dress and Personal Adornment
Dress and Personal Adornment,1989-74-60_2.jpg,jpg,3993918,3900.3,3994,3.8,4,Dress and Personal Adornment/1989-74-60_2.jpg,/Users/jajohnst/Documents/teaching/2025-4-SI-676-NetworkedLAMS/ummaa_project_data_samples/Dress and Personal Adornment
Dress and Personal Adornment,47282_2.jpg,jpg,3025524,2954.6,3026,2.9,3,Dress and Personal Adornment/47282_2.jpg,/Users/jajohnst/Documents/teaching/2025-4-SI-676-NetworkedLAMS/ummaa_project_data_samples/Dress and Personal Adornment
Dress and Personal Adornment,37324_4.jpg,jpg,5039258,4921.2,5039,4.8,5,Dress and Personal Adornment/37324_4.jpg,/Users/jajohnst/Documents/teaching/2025-4-SI-676-NetworkedLAMS/ummaa_project_data_samples/Dress and Personal Adornment
Dress and Personal Adornment,8571-b_4.jpg,jpg,1436616,1402.9,1437,1.4,1,Dress and Personal Adornment/8571-b_4.jpg,/Users/jajohnst/Documents/teaching/2025-4-SI-676-NetworkedLAMS/ummaa_project_data_samples/Dress and Personal Adornment
Dress and Personal Adornment,1989-74-66_4.jpg,jpg,2417129,2360.5,2417,2.3,2,Dress and Personal Adornment/1989-74-66_4.jpg,/Users/jajohnst/Documents/teaching/2025-4-SI-676-NetworkedLAMS/ummaa_project_data_samples/Dress and Personal Adornment
Dress and Personal Adornment,8036_4.jpg,jpg,1839792,1796.7,1840,1.8,2,Dress and Personal Adornment/8036_4.jpg,/Users/jajohnst/Documents/teaching/2025-4-SI-676-NetworkedLAMS/ummaa_project_data_samples/Dress and Personal Adornment
Dress and Personal Adornment,8081-b_6.jpg,jpg,2213457,2161.6,2213,2.1,2,Dress and Personal Adornment/8081-b_6.jpg,/Users/jajohnst/Documents/teaching/2025-4-SI-676-NetworkedLAMS/ummaa_project_data_samples/Dress and Personal Adornment
Dress and Personal Adornment,1989-74-64_2.jpg,jpg,3614351,3529.6,3614,3.4,4,Dress and Personal Adornment/1989-74-64_2.jpg,/Users/jajohnst/Documents/teaching/2025-4-SI-676-NetworkedLAMS/ummaa_project_data_samples/Dress and Personal Adornment
Dress and Personal Adornment,17707_4.jpg,jpg,4284919,4184.5,4285,4.1,4,Dress and Personal Adornment/17707_4.jpg,/Users/jajohnst/Documents/teaching/2025-4-SI-676-NetworkedLAMS/ummaa_project_data_samples/Dress and Personal Adornment
Dress and Personal Adornment,17655-b_1.jpg,jpg,2991013,2920.9,2991,2.9,3,Dress and Personal Adornment/17655-b_1.jpg,/Users/jajohnst/Documents/teaching/2025-4-SI-676-NetworkedLAMS/ummaa_project_data_samples/Dress and Personal Adornment
Dress and Personal Adornment,8600_2.jpg,jpg,4797594,4685.2,4798,4.6,5,Dress and Personal Adornment/8600_2.jpg,/Users/jajohnst/Documents/teaching/2025-4-SI-676-NetworkedLAMS/ummaa_project_data_samples/Dress and Personal Adornment
Dress and Personal Adornment,17657-a_6.jpg,jpg,2253312,2200.5,2253,2.1,2,Dress and Personal Adornment/17657-a_6.jpg,/Users/jajohnst/Documents/teaching/2025-4-SI-676-NetworkedLAMS/ummaa_project_data_samples/Dress and Personal Adornment
Dress and Personal Adornment,1989-74-27_4.jpg,jpg,3162936,3088.8,3163,3,3,Dress and Personal Adornment/1989-74-27_4.jpg,/Users/jajohnst/Documents/teaching/2025-4-SI-676-NetworkedLAMS/ummaa_project_data_samples/Dress and Personal Adornment
Dress and Personal Adornment,1989-74-59_2.jpg,jpg,3746049,3658.3,3746,3.6,4,Dress and Personal Adornment/1989-74-59_2.jpg,/Users/jajohnst/Documents/teaching/2025-4-SI-676-NetworkedLAMS/ummaa_project_data_samples/Dress and Personal Adornment
Dress and Personal Adornment,17662_4.jpg,jpg,2037107,1989.4,2037,1.9,2,Dress and Personal Adornment/17662_4.jpg,/Users/jajohnst/Documents/teaching/2025-4-SI-676-NetworkedLAMS/ummaa_project_data_samples/Dress and Personal Adornment
Dress and Personal Adornment,17662_5.jpg,jpg,2046400,1998.4,2046,2,2,Dress and Personal Adornment/17662_5.jpg,/Users/jajohnst/Documents/teaching/2025-4-SI-676-NetworkedLAMS/ummaa_project_data_samples/Dress and Personal Adornment
Dress and Personal Adornment,1989-74-59_3.jpg,jpg,3423140,3342.9,3423,3.3,3,Dress and Personal Adornment/1989-74-59_3.jpg,/Users/jajohnst/Documents/teaching/2025-4-SI-676-NetworkedLAMS/ummaa_project_data_samples/Dress and Personal Adornment
Dress and Personal Adornment,1989-74-27_5.jpg,jpg,3178291,3103.8,3178,3,3,Dress and Personal Adornment/1989-74-27_5.jpg,/Users/jajohnst/Documents/teaching/2025-4-SI-676-NetworkedLAMS/ummaa_project_data_samples/Dress and Personal Adornment
Dress and Personal Adornment,8051_2.jpg,jpg,4237029,4137.7,4237,4,4,Dress and Personal Adornment/8051_2.jpg,/Users/jajohnst/Documents/teaching/2025-4-SI-676-NetworkedLAMS/ummaa_project_data_samples/Dress and Personal Adornment
Dress and Personal Adornment,17707_5.jpg,jpg,4242233,4142.8,4242,4,4,Dress and Personal Adornment/17707_5.jpg,/Users/jajohnst/Documents/teaching/2025-4-SI-676-NetworkedLAMS/ummaa_project_data_samples/Dress and Personal Adornment
Dress and Personal Adornment,37324_1.jpg,jpg,4691957,4582,4692,4.5,5,Dress and Personal Adornment/37324_1.jpg,/Users/jajohnst/Documents/teaching/2025-4-SI-676-NetworkedLAMS/ummaa_project_data_samples/Dress and Personal Adornment
Dress and Personal Adornment,8571-b_1.jpg,jpg,1501046,1465.9,1501,1.4,2,Dress and Personal Adornment/8571-b_1.jpg,/Users/jajohnst/Documents/teaching/2025-4-SI-676-NetworkedLAMS/ummaa_project_data_samples/Dress and Personal Adornment
Dress and Personal Adornment,92133.jpg,jpg,1255967,1226.5,1256,1.2,1,Dress and Personal Adornment/92133.jpg,/Users/jajohnst/Documents/teaching/2025-4-SI-676-NetworkedLAMS/ummaa_project_data_samples/Dress and Personal Adornment
Dress and Personal Adornment,8649-a_2.jpg,jpg,2363401,2308,2363,2.3,2,Dress and Personal Adornment/8649-a_2.jpg,/Users/jajohnst/Documents/teaching/2025-4-SI-676-NetworkedLAMS/ummaa_project_data_samples/Dress and Personal Adornment
Dress and Personal Adornment,1989-74-66_1.jpg,jpg,3539526,3456.6,3540,3.4,4,Dress and Personal Adornment/1989-74-66_1.jpg,/Users/jajohnst/Documents/teaching/2025-4-SI-676-NetworkedLAMS/ummaa_project_data_samples/Dress and Personal Adornment
Dress and Personal Adornment,8077-a_1.jpg,jpg,4304165,4203.3,4304,4.1,4,Dress and Personal Adornment/8077-a_1.jpg,/Users/jajohnst/Documents/teaching/2025-4-SI-676-NetworkedLAMS/ummaa_project_data_samples/Dress and Personal Adornment
Dress and Personal Adornment,1989-74-64_3.jpg,jpg,3681320,3595,3681,3.5,4,Dress and Personal Adornment/1989-74-64_3.jpg,/Users/jajohnst/Documents/teaching/2025-4-SI-676-NetworkedLAMS/ummaa_project_data_samples/Dress and Personal Adornment
Dress and Personal Adornment,8036_5.jpg,jpg,2033056,1985.4,2033,1.9,2,Dress and Personal Adornment/8036_5.jpg,/Users/jajohnst/Documents/teaching/2025-4-SI-676-NetworkedLAMS/ummaa_project_data_samples/Dress and Personal Adornment
Dress and Personal Adornment,8036_7.jpg,jpg,2937098,2868.3,2937,2.8,3,Dress and Personal Adornment/8036_7.jpg,/Users/jajohnst/Documents/teaching/2025-4-SI-676-NetworkedLAMS/ummaa_project_data_samples/Dress and Personal Adornment
Dress and Personal Adornment,1989-74-51_8.jpg,jpg,2822322,2756.2,2822,2.7,3,Dress and Personal Adornment/1989-74-51_8.jpg,/Users/jajohnst/Documents/teaching/2025-4-SI-676-NetworkedLAMS/ummaa_project_data_samples/Dress and Personal Adornment
Dress and Personal Adornment,8081-b_5.jpg,jpg,2215674,2163.7,2216,2.1,2,Dress and Personal Adornment/8081-b_5.jpg,/Users/jajohnst/Documents/teaching/2025-4-SI-676-NetworkedLAMS/ummaa_project_data_samples/Dress and Personal Adornment
Dress and Personal Adornment,1989-74-64_1.jpg,jpg,3191637,3116.8,3192,3,3,Dress and Personal Adornment/1989-74-64_1.jpg,/Users/jajohnst/Documents/teaching/2025-4-SI-676-NetworkedLAMS/ummaa_project_data_samples/Dress and Personal Adornment
Dress and Personal Adornment,1989-74-66_3.jpg,jpg,2151981,2101.5,2152,2.1,2,Dress and Personal Adornment/1989-74-66_3.jpg,/Users/jajohnst/Documents/teaching/2025-4-SI-676-NetworkedLAMS/ummaa_project_data_samples/Dress and Personal Adornment
Dress and Personal Adornment,37324_3.jpg,jpg,5232796,5110.2,5233,5,5,Dress and Personal Adornment/37324_3.jpg,/Users/jajohnst/Documents/teaching/2025-4-SI-676-NetworkedLAMS/ummaa_project_data_samples/Dress and Personal Adornment
Dress and Personal Adornment,8571-b_3.jpg,jpg,1414219,1381.1,1414,1.3,1,Dress and Personal Adornment/8571-b_3.jpg,/Users/jajohnst/Documents/teaching/2025-4-SI-676-NetworkedLAMS/ummaa_project_data_samples/Dress and Personal Adornment
Dress and Personal Adornment,17707_7.jpg,jpg,2663088,2600.7,2663,2.5,3,Dress and Personal Adornment/17707_7.jpg,/Users/jajohnst/Documents/teaching/2025-4-SI-676-NetworkedLAMS/ummaa_project_data_samples/Dress and Personal Adornment
Dress and Personal Adornment,8370-b_1.jpg,jpg,4161606,4064.1,4162,4,4,Dress and Personal Adornment/8370-b_1.jpg,/Users/jajohnst/Documents/teaching/2025-4-SI-676-NetworkedLAMS/ummaa_project_data_samples/Dress and Personal Adornment
Dress and Personal Adornment,47282_5.jpg,jpg,3813872,3724.5,3814,3.6,4,Dress and Personal Adornment/47282_5.jpg,/Users/jajohnst/Documents/teaching/2025-4-SI-676-NetworkedLAMS/ummaa_project_data_samples/Dress and Personal Adornment
Dress and Personal Adornment,17655-b_2.jpg,jpg,2932674,2863.9,2933,2.8,3,Dress and Personal Adornment/17655-b_2.jpg,/Users/jajohnst/Documents/teaching/2025-4-SI-676-NetworkedLAMS/ummaa_project_data_samples/Dress and Personal Adornment
Dress and Personal Adornment,17657-a_5.jpg,jpg,2252757,2200,2253,2.1,2,Dress and Personal Adornment/17657-a_5.jpg,/Users/jajohnst/Documents/teaching/2025-4-SI-676-NetworkedLAMS/ummaa_project_data_samples/Dress and Personal Adornment
Dress and Personal Adornment,8600_1.jpg,jpg,4894437,4779.7,4894,4.7,5,Dress and Personal Adornment/8600_1.jpg,/Users/jajohnst/Documents/teaching/2025-4-SI-676-NetworkedLAMS/ummaa_project_data_samples/Dress and Personal Adornment
Dress and Personal Adornment,1989-74-27_7.jpg,jpg,2857998,2791,2858,2.7,3,Dress and Personal Adornment/1989-74-27_7.jpg,/Users/jajohnst/Documents/teaching/2025-4-SI-676-NetworkedLAMS/ummaa_project_data_samples/Dress and Personal Adornment
Dress and Personal Adornment,17662_7.jpg,jpg,1157965,1130.8,1158,1.1,1,Dress and Personal Adornment/17662_7.jpg,/Users/jajohnst/Documents/teaching/2025-4-SI-676-NetworkedLAMS/ummaa_project_data_samples/Dress and Personal Adornment
Dress and Personal Adornment,1989-74-59_1.jpg,jpg,3779822,3691.2,3780,3.6,4,Dress and Personal Adornment/1989-74-59_1.jpg,/Users/jajohnst/Documents/teaching/2025-4-SI-676-NetworkedLAMS/ummaa_project_data_samples/Dress and Personal Adornment
Dress and Personal Adornment,17662_6.jpg,jpg,1201145,1173,1201,1.1,1,Dress and Personal Adornment/17662_6.jpg,/Users/jajohnst/Documents/teaching/2025-4-SI-676-NetworkedLAMS/ummaa_project_data_samples/Dress and Personal Adornment
Dress and Personal Adornment,1989-74-27_6.jpg,jpg,2441937,2384.7,2442,2.3,2,Dress and Personal Adornment/1989-74-27_6.jpg,/Users/jajohnst/Documents/teaching/2025-4-SI-676-NetworkedLAMS/ummaa_project_data_samples/Dress and Personal Adornment
Dress and Personal Adornment,17657-a_4.jpg,jpg,2255145,2202.3,2255,2.2,2,Dress and Personal Adornment/17657-a_4.jpg,/Users/jajohnst/Documents/teaching/2025-4-SI-676-NetworkedLAMS/ummaa_project_data_samples/Dress and Personal Adornment
Dress and Personal Adornment,47282_4.jpg,jpg,5225218,5102.8,5225,5,5,Dress and Personal Adornment/47282_4.jpg,/Users/jajohnst/Documents/teaching/2025-4-SI-676-NetworkedLAMS/ummaa_project_data_samples/Dress and Personal Adornment
Dress and Personal Adornment,8051_1.jpg,jpg,4147854,4050.6,4148,4,4,Dress and Personal Adornment/8051_1.jpg,/Users/jajohnst/Documents/teaching/2025-4-SI-676-NetworkedLAMS/ummaa_project_data_samples/Dress and Personal Adornment
Dress and Personal Adornment,17707_6.jpg,jpg,2087757,2038.8,2088,2,2,Dress and Personal Adornment/17707_6.jpg,/Users/jajohnst/Documents/teaching/2025-4-SI-676-NetworkedLAMS/ummaa_project_data_samples/Dress and Personal Adornment
Dress and Personal Adornment,8571-b_2.jpg,jpg,1396769,1364,1397,1.3,1,Dress and Personal Adornment/8571-b_2.jpg,/Users/jajohnst/Documents/teaching/2025-4-SI-676-NetworkedLAMS/ummaa_project_data_samples/Dress and Personal Adornment
Dress and Personal Adornment,37324_2.jpg,jpg,5162455,5041.5,5162,4.9,5,Dress and Personal Adornment/37324_2.jpg,/Users/jajohnst/Documents/teaching/2025-4-SI-676-NetworkedLAMS/ummaa_project_data_samples/Dress and Personal Adornment
Dress and Personal Adornment,1989-74-66_2.jpg,jpg,2108825,2059.4,2109,2,2,Dress and Personal Adornment/1989-74-66_2.jpg,/Users/jajohnst/Documents/teaching/2025-4-SI-676-NetworkedLAMS/ummaa_project_data_samples/Dress and Personal Adornment
Dress and Personal Adornment,8649-a_1.jpg,jpg,2377561,2321.8,2378,2.3,2,Dress and Personal Adornment/8649-a_1.jpg,/Users/jajohnst/Documents/teaching/2025-4-SI-676-NetworkedLAMS/ummaa_project_data_samples/Dress and Personal Adornment
Dress and Personal Adornment,8081-b_4.jpg,jpg,2221039,2169,2221,2.1,2,Dress and Personal Adornment/8081-b_4.jpg,/Users/jajohnst/Documents/teaching/2025-4-SI-676-NetworkedLAMS/ummaa_project_data_samples/Dress and Personal Adornment
Dress and Personal Adornment,1989-74-51_9.jpg,jpg,1974546,1928.3,1975,1.9,2,Dress and Personal Adornment/1989-74-51_9.jpg,/Users/jajohnst/Documents/teaching/2025-4-SI-676-NetworkedLAMS/ummaa_project_data_samples/Dress and Personal Adornment
Dress and Personal Adornment,8036_6.jpg,jpg,2833850,2767.4,2834,2.7,3,Dress and Personal Adornment/8036_6.jpg,/Users/jajohnst/Documents/teaching/2025-4-SI-676-NetworkedLAMS/ummaa_project_data_samples/Dress and Personal Adornment
Dress and Personal Adornment,17655-a_6.jpg,jpg,2358747,2303.5,2359,2.2,2,Dress and Personal Adornment/17655-a_6.jpg,/Users/jajohnst/Documents/teaching/2025-4-SI-676-NetworkedLAMS/ummaa_project_data_samples/Dress and Personal Adornment
Dress and Personal Adornment,1989-74-63_1.jpg,jpg,3224469,3148.9,3224,3.1,3,Dress and Personal Adornment/1989-74-63_1.jpg,/Users/jajohnst/Documents/teaching/2025-4-SI-676-NetworkedLAMS/ummaa_project_data_samples/Dress and Personal Adornment
Dress and Personal Adornment,8483_4.jpg,jpg,5118691,4998.7,5119,4.9,5,Dress and Personal Adornment/8483_4.jpg,/Users/jajohnst/Documents/teaching/2025-4-SI-676-NetworkedLAMS/ummaa_project_data_samples/Dress and Personal Adornment
Dress and Personal Adornment,1989-74-61_3.jpg,jpg,3580014,3496.1,3580,3.4,4,Dress and Personal Adornment/1989-74-61_3.jpg,/Users/jajohnst/Documents/teaching/2025-4-SI-676-NetworkedLAMS/ummaa_project_data_samples/Dress and Personal Adornment
Dress and Personal Adornment,8131_2.jpg,jpg,2488939,2430.6,2489,2.4,2,Dress and Personal Adornment/8131_2.jpg,/Users/jajohnst/Documents/teaching/2025-4-SI-676-NetworkedLAMS/ummaa_project_data_samples/Dress and Personal Adornment
Dress and Personal Adornment,8050_6.jpg,jpg,2659265,2596.9,2659,2.5,3,Dress and Personal Adornment/8050_6.jpg,/Users/jajohnst/Documents/teaching/2025-4-SI-676-NetworkedLAMS/ummaa_project_data_samples/Dress and Personal Adornment
Dress and Personal Adornment,1989-74-65_7.jpg,jpg,2401463,2345.2,2401,2.3,2,Dress and Personal Adornment/1989-74-65_7.jpg,/Users/jajohnst/Documents/teaching/2025-4-SI-676-NetworkedLAMS/ummaa_project_data_samples/Dress and Personal Adornment
Dress and Personal Adornment,8037_1.jpg,jpg,2210927,2159.1,2211,2.1,2,Dress and Personal Adornment/8037_1.jpg,/Users/jajohnst/Documents/teaching/2025-4-SI-676-NetworkedLAMS/ummaa_project_data_samples/Dress and Personal Adornment
Dress and Personal Adornment,8605_3.jpg,jpg,1306778,1276.2,1307,1.2,1,Dress and Personal Adornment/8605_3.jpg,/Users/jajohnst/Documents/teaching/2025-4-SI-676-NetworkedLAMS/ummaa_project_data_samples/Dress and Personal Adornment
Dress and Personal Adornment,8571-a_7.jpg,jpg,2736972,2672.8,2737,2.6,3,Dress and Personal Adornment/8571-a_7.jpg,/Users/jajohnst/Documents/teaching/2025-4-SI-676-NetworkedLAMS/ummaa_project_data_samples/Dress and Personal Adornment
Dress and Personal Adornment,8571-a_6.jpg,jpg,2743703,2679.4,2744,2.6,3,Dress and Personal Adornment/8571-a_6.jpg,/Users/jajohnst/Documents/teaching/2025-4-SI-676-NetworkedLAMS/ummaa_project_data_samples/Dress and Personal Adornment
Dress and Personal Adornment,8605_2.jpg,jpg,1322472,1291.5,1322,1.3,1,Dress and Personal Adornment/8605_2.jpg,/Users/jajohnst/Documents/teaching/2025-4-SI-676-NetworkedLAMS/ummaa_project_data_samples/Dress and Personal Adornment
Dress and Personal Adornment,1989-74-65_6.jpg,jpg,2413099,2356.5,2413,2.3,2,Dress and Personal Adornment/1989-74-65_6.jpg,/Users/jajohnst/Documents/teaching/2025-4-SI-676-NetworkedLAMS/ummaa_project_data_samples/Dress and Personal Adornment
Dress and Personal Adornment,8131_3.jpg,jpg,2189052,2137.7,2189,2.1,2,Dress and Personal Adornment/8131_3.jpg,/Users/jajohnst/Documents/teaching/2025-4-SI-676-NetworkedLAMS/ummaa_project_data_samples/Dress and Personal Adornment
Dress and Personal Adornment,8050_7.jpg,jpg,2768803,2703.9,2769,2.6,3,Dress and Personal Adornment/8050_7.jpg,/Users/jajohnst/Documents/teaching/2025-4-SI-676-NetworkedLAMS/ummaa_project_data_samples/Dress and Personal Adornment
Dress and Personal Adornment,1989-74-61_2.jpg,jpg,3458588,3377.5,3459,3.3,3,Dress and Personal Adornment/1989-74-61_2.jpg,/Users/jajohnst/Documents/teaching/2025-4-SI-676-NetworkedLAMS/ummaa_project_data_samples/Dress and Personal Adornment
Dress and Personal Adornment,17661-b_2.jpg,jpg,3636553,3551.3,3637,3.5,4,Dress and Personal Adornment/17661-b_2.jpg,/Users/jajohnst/Documents/teaching/2025-4-SI-676-NetworkedLAMS/ummaa_project_data_samples/Dress and Personal Adornment
Dress and Personal Adornment,1989-74-63_2.jpg,jpg,3177603,3103.1,3178,3,3,Dress and Personal Adornment/1989-74-63_2.jpg,/Users/jajohnst/Documents/teaching/2025-4-SI-676-NetworkedLAMS/ummaa_project_data_samples/Dress and Personal Adornment
Dress and Personal Adornment,8400_1.jpg,jpg,4587214,4479.7,4587,4.4,5,Dress and Personal Adornment/8400_1.jpg,/Users/jajohnst/Documents/teaching/2025-4-SI-676-NetworkedLAMS/ummaa_project_data_samples/Dress and Personal Adornment
Dress and Personal Adornment,17655-a_5.jpg,jpg,2792910,2727.5,2793,2.7,3,Dress and Personal Adornment/17655-a_5.jpg,/Users/jajohnst/Documents/teaching/2025-4-SI-676-NetworkedLAMS/ummaa_project_data_samples/Dress and Personal Adornment
Dress and Personal Adornment,8050_5.jpg,jpg,1492063,1457.1,1492,1.4,1,Dress and Personal Adornment/8050_5.jpg,/Users/jajohnst/Documents/teaching/2025-4-SI-676-NetworkedLAMS/ummaa_project_data_samples/Dress and Personal Adornment
Dress and Personal Adornment,8131_1.jpg,jpg,3770542,3682.2,3771,3.6,4,Dress and Personal Adornment/8131_1.jpg,/Users/jajohnst/Documents/teaching/2025-4-SI-676-NetworkedLAMS/ummaa_project_data_samples/Dress and Personal Adornment
Dress and Personal Adornment,1989-74-65_4.jpg,jpg,2441785,2384.6,2442,2.3,2,Dress and Personal Adornment/1989-74-65_4.jpg,/Users/jajohnst/Documents/teaching/2025-4-SI-676-NetworkedLAMS/ummaa_project_data_samples/Dress and Personal Adornment
Dress and Personal Adornment,8037_2.jpg,jpg,2039589,1991.8,2040,1.9,2,Dress and Personal Adornment/8037_2.jpg,/Users/jajohnst/Documents/teaching/2025-4-SI-676-NetworkedLAMS/ummaa_project_data_samples/Dress and Personal Adornment
Dress and Personal Adornment,8571-a_4.jpg,jpg,1396184,1363.5,1396,1.3,1,Dress and Personal Adornment/8571-a_4.jpg,/Users/jajohnst/Documents/teaching/2025-4-SI-676-NetworkedLAMS/ummaa_project_data_samples/Dress and Personal Adornment
Dress and Personal Adornment,8571-a_5.jpg,jpg,1437016,1403.3,1437,1.4,1,Dress and Personal Adornment/8571-a_5.jpg,/Users/jajohnst/Documents/teaching/2025-4-SI-676-NetworkedLAMS/ummaa_project_data_samples/Dress and Personal Adornment
Dress and Personal Adornment,8605_1.jpg,jpg,1888393,1844.1,1888,1.8,2,Dress and Personal Adornment/8605_1.jpg,/Users/jajohnst/Documents/teaching/2025-4-SI-676-NetworkedLAMS/ummaa_project_data_samples/Dress and Personal Adornment
Dress and Personal Adornment,8037_3.jpg,jpg,2256582,2203.7,2257,2.2,2,Dress and Personal Adornment/8037_3.jpg,/Users/jajohnst/Documents/teaching/2025-4-SI-676-NetworkedLAMS/ummaa_project_data_samples/Dress and Personal Adornment
Dress and Personal Adornment,1989-74-65_5.jpg,jpg,2435273,2378.2,2435,2.3,2,Dress and Personal Adornment/1989-74-65_5.jpg,/Users/jajohnst/Documents/teaching/2025-4-SI-676-NetworkedLAMS/ummaa_project_data_samples/Dress and Personal Adornment
Dress and Personal Adornment,8081-a_3.jpg,jpg,2248735,2196,2249,2.1,2,Dress and Personal Adornment/8081-a_3.jpg,/Users/jajohnst/Documents/teaching/2025-4-SI-676-NetworkedLAMS/ummaa_project_data_samples/Dress and Personal Adornment
Dress and Personal Adornment,8050_4.jpg,jpg,1478622,1444,1479,1.4,1,Dress and Personal Adornment/8050_4.jpg,/Users/jajohnst/Documents/teaching/2025-4-SI-676-NetworkedLAMS/ummaa_project_data_samples/Dress and Personal Adornment
Dress and Personal Adornment,1989-74-61_1.jpg,jpg,1307684,1277,1308,1.2,1,Dress and Personal Adornment/1989-74-61_1.jpg,/Users/jajohnst/Documents/teaching/2025-4-SI-676-NetworkedLAMS/ummaa_project_data_samples/Dress and Personal Adornment
Dress and Personal Adornment,17661-b_1.jpg,jpg,3587356,3503.3,3587,3.4,4,Dress and Personal Adornment/17661-b_1.jpg,/Users/jajohnst/Documents/teaching/2025-4-SI-676-NetworkedLAMS/ummaa_project_data_samples/Dress and Personal Adornment
Dress and Personal Adornment,17657-b_3.jpg,jpg,2258758,2205.8,2259,2.2,2,Dress and Personal Adornment/17657-b_3.jpg,/Users/jajohnst/Documents/teaching/2025-4-SI-676-NetworkedLAMS/ummaa_project_data_samples/Dress and Personal Adornment
Dress and Personal Adornment,17655-a_4.jpg,jpg,2820057,2754,2820,2.7,3,Dress and Personal Adornment/17655-a_4.jpg,/Users/jajohnst/Documents/teaching/2025-4-SI-676-NetworkedLAMS/ummaa_project_data_samples/Dress and Personal Adornment
Dress and Personal Adornment,8052_2.jpg,jpg,3937534,3845.2,3938,3.8,4,Dress and Personal Adornment/8052_2.jpg,/Users/jajohnst/Documents/teaching/2025-4-SI-676-NetworkedLAMS/ummaa_project_data_samples/Dress and Personal Adornment
Dress and Personal Adornment,8483_2.jpg,jpg,3312983,3235.3,3313,3.2,3,Dress and Personal Adornment/8483_2.jpg,/Users/jajohnst/Documents/teaching/2025-4-SI-676-NetworkedLAMS/ummaa_project_data_samples/Dress and Personal Adornment
Dress and Personal Adornment,8388_1.jpg,jpg,3911782,3820.1,3912,3.7,4,Dress and Personal Adornment/8388_1.jpg,/Users/jajohnst/Documents/teaching/2025-4-SI-676-NetworkedLAMS/ummaa_project_data_samples/Dress and Personal Adornment
Dress and Personal Adornment,36454_2.jpg,jpg,3658849,3573.1,3659,3.5,4,Dress and Personal Adornment/36454_2.jpg,/Users/jajohnst/Documents/teaching/2025-4-SI-676-NetworkedLAMS/ummaa_project_data_samples/Dress and Personal Adornment
Dress and Personal Adornment,1989-74-61_5.jpg,jpg,1468284,1433.9,1468,1.4,1,Dress and Personal Adornment/1989-74-61_5.jpg,/Users/jajohnst/Documents/teaching/2025-4-SI-676-NetworkedLAMS/ummaa_project_data_samples/Dress and Personal Adornment
Dress and Personal Adornment,8370-c_1.jpg,jpg,2566486,2506.3,2566,2.4,3,Dress and Personal Adornment/8370-c_1.jpg,/Users/jajohnst/Documents/teaching/2025-4-SI-676-NetworkedLAMS/ummaa_project_data_samples/Dress and Personal Adornment
Dress and Personal Adornment,8077-b_1.jpg,jpg,3914244,3822.5,3914,3.7,4,Dress and Personal Adornment/8077-b_1.jpg,/Users/jajohnst/Documents/teaching/2025-4-SI-676-NetworkedLAMS/ummaa_project_data_samples/Dress and Personal Adornment
Dress and Personal Adornment,8037_7.jpg,jpg,2932169,2863.4,2932,2.8,3,Dress and Personal Adornment/8037_7.jpg,/Users/jajohnst/Documents/teaching/2025-4-SI-676-NetworkedLAMS/ummaa_project_data_samples/Dress and Personal Adornment
Dress and Personal Adornment,1989-74-65_1.jpg,jpg,3542888,3459.9,3543,3.4,4,Dress and Personal Adornment/1989-74-65_1.jpg,/Users/jajohnst/Documents/teaching/2025-4-SI-676-NetworkedLAMS/ummaa_project_data_samples/Dress and Personal Adornment
Dress and Personal Adornment,8571-a_1.jpg,jpg,1527600,1491.8,1528,1.5,2,Dress and Personal Adornment/8571-a_1.jpg,/Users/jajohnst/Documents/teaching/2025-4-SI-676-NetworkedLAMS/ummaa_project_data_samples/Dress and Personal Adornment
Dress and Personal Adornment,8037_6.jpg,jpg,2764143,2699.4,2764,2.6,3,Dress and Personal Adornment/8037_6.jpg,/Users/jajohnst/Documents/teaching/2025-4-SI-676-NetworkedLAMS/ummaa_project_data_samples/Dress and Personal Adornment
Dress and Personal Adornment,8081-a_6.jpg,jpg,2244209,2191.6,2244,2.1,2,Dress and Personal Adornment/8081-a_6.jpg,/Users/jajohnst/Documents/teaching/2025-4-SI-676-NetworkedLAMS/ummaa_project_data_samples/Dress and Personal Adornment
Dress and Personal Adornment,1989-74-61_4.jpg,jpg,1474169,1439.6,1474,1.4,1,Dress and Personal Adornment/1989-74-61_4.jpg,/Users/jajohnst/Documents/teaching/2025-4-SI-676-NetworkedLAMS/ummaa_project_data_samples/Dress and Personal Adornment
Dress and Personal Adornment,8050_1.jpg,jpg,1589062,1551.8,1589,1.5,2,Dress and Personal Adornment/8050_1.jpg,/Users/jajohnst/Documents/teaching/2025-4-SI-676-NetworkedLAMS/ummaa_project_data_samples/Dress and Personal Adornment
Dress and Personal Adornment,17657-b_6.jpg,jpg,2257620,2204.7,2258,2.2,2,Dress and Personal Adornment/17657-b_6.jpg,/Users/jajohnst/Documents/teaching/2025-4-SI-676-NetworkedLAMS/ummaa_project_data_samples/Dress and Personal Adornment
Dress and Personal Adornment,17655-a_1.jpg,jpg,2016705,1969.4,2017,1.9,2,Dress and Personal Adornment/17655-a_1.jpg,/Users/jajohnst/Documents/teaching/2025-4-SI-676-NetworkedLAMS/ummaa_project_data_samples/Dress and Personal Adornment
Dress and Personal Adornment,8370-a_2.jpg,jpg,3572200,3488.5,3572,3.4,4,Dress and Personal Adornment/8370-a_2.jpg,/Users/jajohnst/Documents/teaching/2025-4-SI-676-NetworkedLAMS/ummaa_project_data_samples/Dress and Personal Adornment
Dress and Personal Adornment,8483_3.jpg,jpg,5288369,5164.4,5288,5,5,Dress and Personal Adornment/8483_3.jpg,/Users/jajohnst/Documents/teaching/2025-4-SI-676-NetworkedLAMS/ummaa_project_data_samples/Dress and Personal Adornment
Dress and Personal Adornment,8052_1.jpg,jpg,3932344,3840.2,3932,3.8,4,Dress and Personal Adornment/8052_1.jpg,/Users/jajohnst/Documents/teaching/2025-4-SI-676-NetworkedLAMS/ummaa_project_data_samples/Dress and Personal Adornment
Dress and Personal Adornment,8483_1.jpg,jpg,2995514,2925.3,2996,2.9,3,Dress and Personal Adornment/8483_1.jpg,/Users/jajohnst/Documents/teaching/2025-4-SI-676-NetworkedLAMS/ummaa_project_data_samples/Dress and Personal Adornment
Dress and Personal Adornment,36454_1.jpg,jpg,3794119,3705.2,3794,3.6,4,Dress and Personal Adornment/36454_1.jpg,/Users/jajohnst/Documents/teaching/2025-4-SI-676-NetworkedLAMS/ummaa_project_data_samples/Dress and Personal Adornment
Dress and Personal Adornment,17655-a_3.jpg,jpg,2409934,2353.5,2410,2.3,2,Dress and Personal Adornment/17655-a_3.jpg,/Users/jajohnst/Documents/teaching/2025-4-SI-676-NetworkedLAMS/ummaa_project_data_samples/Dress and Personal Adornment
Dress and Personal Adornment,8388_2.jpg,jpg,3731050,3643.6,3731,3.6,4,Dress and Personal Adornment/8388_2.jpg,/Users/jajohnst/Documents/teaching/2025-4-SI-676-NetworkedLAMS/ummaa_project_data_samples/Dress and Personal Adornment
Dress and Personal Adornment,17657-b_4.jpg,jpg,2262106,2209.1,2262,2.2,2,Dress and Personal Adornment/17657-b_4.jpg,/Users/jajohnst/Documents/teaching/2025-4-SI-676-NetworkedLAMS/ummaa_project_data_samples/Dress and Personal Adornment
Dress and Personal Adornment,8050_3.jpg,jpg,1472521,1438,1473,1.4,1,Dress and Personal Adornment/8050_3.jpg,/Users/jajohnst/Documents/teaching/2025-4-SI-676-NetworkedLAMS/ummaa_project_data_samples/Dress and Personal Adornment
Dress and Personal Adornment,8370-c_2.jpg,jpg,2475074,2417.1,2475,2.4,2,Dress and Personal Adornment/8370-c_2.jpg,/Users/jajohnst/Documents/teaching/2025-4-SI-676-NetworkedLAMS/ummaa_project_data_samples/Dress and Personal Adornment
Dress and Personal Adornment,1989-74-61_6.jpg,jpg,985104,962,985,0.9,1,Dress and Personal Adornment/1989-74-61_6.jpg,/Users/jajohnst/Documents/teaching/2025-4-SI-676-NetworkedLAMS/ummaa_project_data_samples/Dress and Personal Adornment
Dress and Personal Adornment,1989-74-52_9.jpg,jpg,2741907,2677.6,2742,2.6,3,Dress and Personal Adornment/1989-74-52_9.jpg,/Users/jajohnst/Documents/teaching/2025-4-SI-676-NetworkedLAMS/ummaa_project_data_samples/Dress and Personal Adornment
Dress and Personal Adornment,8081-a_4.jpg,jpg,2246986,2194.3,2247,2.1,2,Dress and Personal Adornment/8081-a_4.jpg,/Users/jajohnst/Documents/teaching/2025-4-SI-676-NetworkedLAMS/ummaa_project_data_samples/Dress and Personal Adornment
Dress and Personal Adornment,8077-b_2.jpg,jpg,5430364,5303.1,5430,5.2,5,Dress and Personal Adornment/8077-b_2.jpg,/Users/jajohnst/Documents/teaching/2025-4-SI-676-NetworkedLAMS/ummaa_project_data_samples/Dress and Personal Adornment
Dress and Personal Adornment,8037_4.jpg,jpg,2011858,1964.7,2012,1.9,2,Dress and Personal Adornment/8037_4.jpg,/Users/jajohnst/Documents/teaching/2025-4-SI-676-NetworkedLAMS/ummaa_project_data_samples/Dress and Personal Adornment
Dress and Personal Adornment,1989-74-65_2.jpg,jpg,2156930,2106.4,2157,2.1,2,Dress and Personal Adornment/1989-74-65_2.jpg,/Users/jajohnst/Documents/teaching/2025-4-SI-676-NetworkedLAMS/ummaa_project_data_samples/Dress and Personal Adornment
Dress and Personal Adornment,8649-b_1.jpg,jpg,2815023,2749,2815,2.7,3,Dress and Personal Adornment/8649-b_1.jpg,/Users/jajohnst/Documents/teaching/2025-4-SI-676-NetworkedLAMS/ummaa_project_data_samples/Dress and Personal Adornment
Dress and Personal Adornment,8571-a_2.jpg,jpg,1448980,1415,1449,1.4,1,Dress and Personal Adornment/8571-a_2.jpg,/Users/jajohnst/Documents/teaching/2025-4-SI-676-NetworkedLAMS/ummaa_project_data_samples/Dress and Personal Adornment
Dress and Personal Adornment,1989-74-63.jpg,jpg,458538,447.8,459,0.4,0,Dress and Personal Adornment/1989-74-63.jpg,/Users/jajohnst/Documents/teaching/2025-4-SI-676-NetworkedLAMS/ummaa_project_data_samples/Dress and Personal Adornment
Dress and Personal Adornment,8571-a_3.jpg,jpg,1410919,1377.9,1411,1.3,1,Dress and Personal Adornment/8571-a_3.jpg,/Users/jajohnst/Documents/teaching/2025-4-SI-676-NetworkedLAMS/ummaa_project_data_samples/Dress and Personal Adornment
Dress and Personal Adornment,1989-74-65_3.jpg,jpg,2086906,2038,2087,2,2,Dress and Personal Adornment/1989-74-65_3.jpg,/Users/jajohnst/Documents/teaching/2025-4-SI-676-NetworkedLAMS/ummaa_project_data_samples/Dress and Personal Adornment
Dress and Personal Adornment,8037_5.jpg,jpg,2154273,2103.8,2154,2.1,2,Dress and Personal Adornment/8037_5.jpg,/Users/jajohnst/Documents/teaching/2025-4-SI-676-NetworkedLAMS/ummaa_project_data_samples/Dress and Personal Adornment
Dress and Personal Adornment,8081-a_5.jpg,jpg,2243889,2191.3,2244,2.1,2,Dress and Personal Adornment/8081-a_5.jpg,/Users/jajohnst/Documents/teaching/2025-4-SI-676-NetworkedLAMS/ummaa_project_data_samples/Dress and Personal Adornment
Dress and Personal Adornment,1989-74-52_8.jpg,jpg,1993718,1947,1994,1.9,2,Dress and Personal Adornment/1989-74-52_8.jpg,/Users/jajohnst/Documents/teaching/2025-4-SI-676-NetworkedLAMS/ummaa_project_data_samples/Dress and Personal Adornment
Dress and Personal Adornment,1989-74-67_1.jpg,jpg,3461712,3380.6,3462,3.3,3,Dress and Personal Adornment/1989-74-67_1.jpg,/Users/jajohnst/Documents/teaching/2025-4-SI-676-NetworkedLAMS/ummaa_project_data_samples/Dress and Personal Adornment
Dress and Personal Adornment,1989-74-61_7.jpg,jpg,1019243,995.4,1019,1,1,Dress and Personal Adornment/1989-74-61_7.jpg,/Users/jajohnst/Documents/teaching/2025-4-SI-676-NetworkedLAMS/ummaa_project_data_samples/Dress and Personal Adornment
Dress and Personal Adornment,8050_2.jpg,jpg,1496895,1461.8,1497,1.4,1,Dress and Personal Adornment/8050_2.jpg,/Users/jajohnst/Documents/teaching/2025-4-SI-676-NetworkedLAMS/ummaa_project_data_samples/Dress and Personal Adornment
Dress and Personal Adornment,17657-b_5.jpg,jpg,2255919,2203,2256,2.2,2,Dress and Personal Adornment/17657-b_5.jpg,/Users/jajohnst/Documents/teaching/2025-4-SI-676-NetworkedLAMS/ummaa_project_data_samples/Dress and Personal Adornment
Dress and Personal Adornment,8370-a_1.jpg,jpg,3540138,3457.2,3540,3.4,4,Dress and Personal Adornment/8370-a_1.jpg,/Users/jajohnst/Documents/teaching/2025-4-SI-676-NetworkedLAMS/ummaa_project_data_samples/Dress and Personal Adornment
Dress and Personal Adornment,17655-a_2.jpg,jpg,2402947,2346.6,2403,2.3,2,Dress and Personal Adornment/17655-a_2.jpg,/Users/jajohnst/Documents/teaching/2025-4-SI-676-NetworkedLAMS/ummaa_project_data_samples/Dress and Personal Adornment
Dress and Personal Adornment,8476-a_5.jpg,jpg,2315948,2261.7,2316,2.2,2,Dress and Personal Adornment/8476-a_5.jpg,/Users/jajohnst/Documents/teaching/2025-4-SI-676-NetworkedLAMS/ummaa_project_data_samples/Dress and Personal Adornment
Dress and Personal Adornment,8087_1.jpg,jpg,1535020,1499,1535,1.5,2,Dress and Personal Adornment/8087_1.jpg,/Users/jajohnst/Documents/teaching/2025-4-SI-676-NetworkedLAMS/ummaa_project_data_samples/Dress and Personal Adornment
Dress and Personal Adornment,1989-74-70_2.jpg,jpg,2886134,2818.5,2886,2.8,3,Dress and Personal Adornment/1989-74-70_2.jpg,/Users/jajohnst/Documents/teaching/2025-4-SI-676-NetworkedLAMS/ummaa_project_data_samples/Dress and Personal Adornment
Dress and Personal Adornment,17656_1.jpg,jpg,3237021,3161.2,3237,3.1,3,Dress and Personal Adornment/17656_1.jpg,/Users/jajohnst/Documents/teaching/2025-4-SI-676-NetworkedLAMS/ummaa_project_data_samples/Dress and Personal Adornment
Dress and Personal Adornment,8055-b_4.jpg,jpg,4183779,4085.7,4184,4,4,Dress and Personal Adornment/8055-b_4.jpg,/Users/jajohnst/Documents/teaching/2025-4-SI-676-NetworkedLAMS/ummaa_project_data_samples/Dress and Personal Adornment
Dress and Personal Adornment,1989-74-28_7.jpg,jpg,3215540,3140.2,3216,3.1,3,Dress and Personal Adornment/1989-74-28_7.jpg,/Users/jajohnst/Documents/teaching/2025-4-SI-676-NetworkedLAMS/ummaa_project_data_samples/Dress and Personal Adornment
Dress and Personal Adornment,92220-b_1.jpg,jpg,4348697,4246.8,4349,4.1,4,Dress and Personal Adornment/92220-b_1.jpg,/Users/jajohnst/Documents/teaching/2025-4-SI-676-NetworkedLAMS/ummaa_project_data_samples/Dress and Personal Adornment
Dress and Personal Adornment,8476-c_7.jpg,jpg,1182623,1154.9,1183,1.1,1,Dress and Personal Adornment/8476-c_7.jpg,/Users/jajohnst/Documents/teaching/2025-4-SI-676-NetworkedLAMS/ummaa_project_data_samples/Dress and Personal Adornment
Dress and Personal Adornment,1989-74-54_3.jpg,jpg,3727745,3640.4,3728,3.6,4,Dress and Personal Adornment/1989-74-54_3.jpg,/Users/jajohnst/Documents/teaching/2025-4-SI-676-NetworkedLAMS/ummaa_project_data_samples/Dress and Personal Adornment
Dress and Personal Adornment,8078_3.jpg,jpg,1692792,1653.1,1693,1.6,2,Dress and Personal Adornment/8078_3.jpg,/Users/jajohnst/Documents/teaching/2025-4-SI-676-NetworkedLAMS/ummaa_project_data_samples/Dress and Personal Adornment
Dress and Personal Adornment,92125_4.jpg,jpg,3553963,3470.7,3554,3.4,4,Dress and Personal Adornment/92125_4.jpg,/Users/jajohnst/Documents/teaching/2025-4-SI-676-NetworkedLAMS/ummaa_project_data_samples/Dress and Personal Adornment
Dress and Personal Adornment,8476-e_1.jpg,jpg,2814523,2748.6,2815,2.7,3,Dress and Personal Adornment/8476-e_1.jpg,/Users/jajohnst/Documents/teaching/2025-4-SI-676-NetworkedLAMS/ummaa_project_data_samples/Dress and Personal Adornment
Dress and Personal Adornment,8533_1.jpg,jpg,4002421,3908.6,4002,3.8,4,Dress and Personal Adornment/8533_1.jpg,/Users/jajohnst/Documents/teaching/2025-4-SI-676-NetworkedLAMS/ummaa_project_data_samples/Dress and Personal Adornment
Dress and Personal Adornment,1989-74-31_6.jpg,jpg,2359611,2304.3,2360,2.3,2,Dress and Personal Adornment/1989-74-31_6.jpg,/Users/jajohnst/Documents/teaching/2025-4-SI-676-NetworkedLAMS/ummaa_project_data_samples/Dress and Personal Adornment
Dress and Personal Adornment,1989-74-52_5.jpg,jpg,3305912,3228.4,3306,3.2,3,Dress and Personal Adornment/1989-74-52_5.jpg,/Users/jajohnst/Documents/teaching/2025-4-SI-676-NetworkedLAMS/ummaa_project_data_samples/Dress and Personal Adornment
Dress and Personal Adornment,92123_2.jpg,jpg,3139402,3065.8,3139,3,3,Dress and Personal Adornment/92123_2.jpg,/Users/jajohnst/Documents/teaching/2025-4-SI-676-NetworkedLAMS/ummaa_project_data_samples/Dress and Personal Adornment
Dress and Personal Adornment,1989-74-69_3.jpg,jpg,3115060,3042.1,3115,3,3,Dress and Personal Adornment/1989-74-69_3.jpg,/Users/jajohnst/Documents/teaching/2025-4-SI-676-NetworkedLAMS/ummaa_project_data_samples/Dress and Personal Adornment
Dress and Personal Adornment,17652_5.jpg,jpg,4404134,4300.9,4404,4.2,4,Dress and Personal Adornment/17652_5.jpg,/Users/jajohnst/Documents/teaching/2025-4-SI-676-NetworkedLAMS/ummaa_project_data_samples/Dress and Personal Adornment
Dress and Personal Adornment,1989-74-33_4.jpg,jpg,3275907,3199.1,3276,3.1,3,Dress and Personal Adornment/1989-74-33_4.jpg,/Users/jajohnst/Documents/teaching/2025-4-SI-676-NetworkedLAMS/ummaa_project_data_samples/Dress and Personal Adornment
Dress and Personal Adornment,1989-74-33_5.jpg,jpg,3250600,3174.4,3251,3.1,3,Dress and Personal Adornment/1989-74-33_5.jpg,/Users/jajohnst/Documents/teaching/2025-4-SI-676-NetworkedLAMS/ummaa_project_data_samples/Dress and Personal Adornment
Dress and Personal Adornment,8531_2.jpg,jpg,4005888,3912,4006,3.8,4,Dress and Personal Adornment/8531_2.jpg,/Users/jajohnst/Documents/teaching/2025-4-SI-676-NetworkedLAMS/ummaa_project_data_samples/Dress and Personal Adornment
Dress and Personal Adornment,17652_4.jpg,jpg,4545244,4438.7,4545,4.3,5,Dress and Personal Adornment/17652_4.jpg,/Users/jajohnst/Documents/teaching/2025-4-SI-676-NetworkedLAMS/ummaa_project_data_samples/Dress and Personal Adornment
Dress and Personal Adornment,1989-74-69_2.jpg,jpg,3005160,2934.7,3005,2.9,3,Dress and Personal Adornment/1989-74-69_2.jpg,/Users/jajohnst/Documents/teaching/2025-4-SI-676-NetworkedLAMS/ummaa_project_data_samples/Dress and Personal Adornment
Dress and Personal Adornment,92123_3.jpg,jpg,3212249,3137,3212,3.1,3,Dress and Personal Adornment/92123_3.jpg,/Users/jajohnst/Documents/teaching/2025-4-SI-676-NetworkedLAMS/ummaa_project_data_samples/Dress and Personal Adornment
Dress and Personal Adornment,1989-74-52_4.jpg,jpg,3330347,3252.3,3330,3.2,3,Dress and Personal Adornment/1989-74-52_4.jpg,/Users/jajohnst/Documents/teaching/2025-4-SI-676-NetworkedLAMS/ummaa_project_data_samples/Dress and Personal Adornment
Dress and Personal Adornment,1989-74-31_7.jpg,jpg,2598030,2537.1,2598,2.5,3,Dress and Personal Adornment/1989-74-31_7.jpg,/Users/jajohnst/Documents/teaching/2025-4-SI-676-NetworkedLAMS/ummaa_project_data_samples/Dress and Personal Adornment
Dress and Personal Adornment,92125_5.jpg,jpg,3505692,3423.5,3506,3.3,4,Dress and Personal Adornment/92125_5.jpg,/Users/jajohnst/Documents/teaching/2025-4-SI-676-NetworkedLAMS/ummaa_project_data_samples/Dress and Personal Adornment
Dress and Personal Adornment,8078_2.jpg,jpg,1767514,1726.1,1768,1.7,2,Dress and Personal Adornment/8078_2.jpg,/Users/jajohnst/Documents/teaching/2025-4-SI-676-NetworkedLAMS/ummaa_project_data_samples/Dress and Personal Adornment
Dress and Personal Adornment,8085_2.jpg,jpg,3358888,3280.2,3359,3.2,3,Dress and Personal Adornment/8085_2.jpg,/Users/jajohnst/Documents/teaching/2025-4-SI-676-NetworkedLAMS/ummaa_project_data_samples/Dress and Personal Adornment
Dress and Personal Adornment,1989-74-54_2.jpg,jpg,3639772,3554.5,3640,3.5,4,Dress and Personal Adornment/1989-74-54_2.jpg,/Users/jajohnst/Documents/teaching/2025-4-SI-676-NetworkedLAMS/ummaa_project_data_samples/Dress and Personal Adornment
Dress and Personal Adornment,8476-c_6.jpg,jpg,1243828,1214.7,1244,1.2,1,Dress and Personal Adornment/8476-c_6.jpg,/Users/jajohnst/Documents/teaching/2025-4-SI-676-NetworkedLAMS/ummaa_project_data_samples/Dress and Personal Adornment
Dress and Personal Adornment,1989-74-28_6.jpg,jpg,3212220,3136.9,3212,3.1,3,Dress and Personal Adornment/1989-74-28_6.jpg,/Users/jajohnst/Documents/teaching/2025-4-SI-676-NetworkedLAMS/ummaa_project_data_samples/Dress and Personal Adornment
Dress and Personal Adornment,8055-b_5.jpg,jpg,3991971,3898.4,3992,3.8,4,Dress and Personal Adornment/8055-b_5.jpg,/Users/jajohnst/Documents/teaching/2025-4-SI-676-NetworkedLAMS/ummaa_project_data_samples/Dress and Personal Adornment
Dress and Personal Adornment,8476-a_4.jpg,jpg,2300280,2246.4,2300,2.2,2,Dress and Personal Adornment/8476-a_4.jpg,/Users/jajohnst/Documents/teaching/2025-4-SI-676-NetworkedLAMS/ummaa_project_data_samples/Dress and Personal Adornment
Dress and Personal Adornment,8592_1.jpg,jpg,5958617,5819,5959,5.7,6,Dress and Personal Adornment/8592_1.jpg,/Users/jajohnst/Documents/teaching/2025-4-SI-676-NetworkedLAMS/ummaa_project_data_samples/Dress and Personal Adornment
Dress and Personal Adornment,8592_3.jpg,jpg,2961342,2891.9,2961,2.8,3,Dress and Personal Adornment/8592_3.jpg,/Users/jajohnst/Documents/teaching/2025-4-SI-676-NetworkedLAMS/ummaa_project_data_samples/Dress and Personal Adornment
Dress and Personal Adornment,8476-a_6.jpg,jpg,1316995,1286.1,1317,1.3,1,Dress and Personal Adornment/8476-a_6.jpg,/Users/jajohnst/Documents/teaching/2025-4-SI-676-NetworkedLAMS/ummaa_project_data_samples/Dress and Personal Adornment
Dress and Personal Adornment,1989-74-70_1.jpg,jpg,2123319,2073.6,2123,2,2,Dress and Personal Adornment/1989-74-70_1.jpg,/Users/jajohnst/Documents/teaching/2025-4-SI-676-NetworkedLAMS/ummaa_project_data_samples/Dress and Personal Adornment
Dress and Personal Adornment,8087_2.jpg,jpg,2075114,2026.5,2075,2,2,Dress and Personal Adornment/8087_2.jpg,/Users/jajohnst/Documents/teaching/2025-4-SI-676-NetworkedLAMS/ummaa_project_data_samples/Dress and Personal Adornment
Dress and Personal Adornment,1989-74-28_4.jpg,jpg,3703734,3616.9,3704,3.5,4,Dress and Personal Adornment/1989-74-28_4.jpg,/Users/jajohnst/Documents/teaching/2025-4-SI-676-NetworkedLAMS/ummaa_project_data_samples/Dress and Personal Adornment
Dress and Personal Adornment,92220-b_2.jpg,jpg,4368325,4265.9,4368,4.2,4,Dress and Personal Adornment/92220-b_2.jpg,/Users/jajohnst/Documents/teaching/2025-4-SI-676-NetworkedLAMS/ummaa_project_data_samples/Dress and Personal Adornment
Dress and Personal Adornment,17656_2.jpg,jpg,3342544,3264.2,3343,3.2,3,Dress and Personal Adornment/17656_2.jpg,/Users/jajohnst/Documents/teaching/2025-4-SI-676-NetworkedLAMS/ummaa_project_data_samples/Dress and Personal Adornment
Dress and Personal Adornment,8055-b_7.jpg,jpg,4033693,3939.2,4034,3.8,4,Dress and Personal Adornment/8055-b_7.jpg,/Users/jajohnst/Documents/teaching/2025-4-SI-676-NetworkedLAMS/ummaa_project_data_samples/Dress and Personal Adornment
Dress and Personal Adornment,8476-c_4.jpg,jpg,2278156,2224.8,2278,2.2,2,Dress and Personal Adornment/8476-c_4.jpg,/Users/jajohnst/Documents/teaching/2025-4-SI-676-NetworkedLAMS/ummaa_project_data_samples/Dress and Personal Adornment
Dress and Personal Adornment,92125_7.jpg,jpg,3454155,3373.2,3454,3.3,3,Dress and Personal Adornment/92125_7.jpg,/Users/jajohnst/Documents/teaching/2025-4-SI-676-NetworkedLAMS/ummaa_project_data_samples/Dress and Personal Adornment
Dress and Personal Adornment,8476-e_2.jpg,jpg,3862986,3772.4,3863,3.7,4,Dress and Personal Adornment/8476-e_2.jpg,/Users/jajohnst/Documents/teaching/2025-4-SI-676-NetworkedLAMS/ummaa_project_data_samples/Dress and Personal Adornment
Dress and Personal Adornment,1989-74-52_6.jpg,jpg,2219433,2167.4,2219,2.1,2,Dress and Personal Adornment/1989-74-52_6.jpg,/Users/jajohnst/Documents/teaching/2025-4-SI-676-NetworkedLAMS/ummaa_project_data_samples/Dress and Personal Adornment
Dress and Personal Adornment,1989-74-31_5.jpg,jpg,2816879,2750.9,2817,2.7,3,Dress and Personal Adornment/1989-74-31_5.jpg,/Users/jajohnst/Documents/teaching/2025-4-SI-676-NetworkedLAMS/ummaa_project_data_samples/Dress and Personal Adornment
Dress and Personal Adornment,8533_2.jpg,jpg,3995309,3901.7,3995,3.8,4,Dress and Personal Adornment/8533_2.jpg,/Users/jajohnst/Documents/teaching/2025-4-SI-676-NetworkedLAMS/ummaa_project_data_samples/Dress and Personal Adornment
Dress and Personal Adornment,92123_1.jpg,jpg,4020433,3926.2,4020,3.8,4,Dress and Personal Adornment/92123_1.jpg,/Users/jajohnst/Documents/teaching/2025-4-SI-676-NetworkedLAMS/ummaa_project_data_samples/Dress and Personal Adornment
Dress and Personal Adornment,17652_6.jpg,jpg,2937650,2868.8,2938,2.8,3,Dress and Personal Adornment/17652_6.jpg,/Users/jajohnst/Documents/teaching/2025-4-SI-676-NetworkedLAMS/ummaa_project_data_samples/Dress and Personal Adornment
Dress and Personal Adornment,8079-a_4.jpg,jpg,1247958,1218.7,1248,1.2,1,Dress and Personal Adornment/8079-a_4.jpg,/Users/jajohnst/Documents/teaching/2025-4-SI-676-NetworkedLAMS/ummaa_project_data_samples/Dress and Personal Adornment
Dress and Personal Adornment,1989-74-33_7.jpg,jpg,3224364,3148.8,3224,3.1,3,Dress and Personal Adornment/1989-74-33_7.jpg,/Users/jajohnst/Documents/teaching/2025-4-SI-676-NetworkedLAMS/ummaa_project_data_samples/Dress and Personal Adornment
Dress and Personal Adornment,8531_1.jpg,jpg,3952709,3860.1,3953,3.8,4,Dress and Personal Adornment/8531_1.jpg,/Users/jajohnst/Documents/teaching/2025-4-SI-676-NetworkedLAMS/ummaa_project_data_samples/Dress and Personal Adornment
Dress and Personal Adornment,1989-74-33_6.jpg,jpg,3239548,3163.6,3240,3.1,3,Dress and Personal Adornment/1989-74-33_6.jpg,/Users/jajohnst/Documents/teaching/2025-4-SI-676-NetworkedLAMS/ummaa_project_data_samples/Dress and Personal Adornment
Dress and Personal Adornment,1989-74-69_1.jpg,jpg,2186210,2135,2186,2.1,2,Dress and Personal Adornment/1989-74-69_1.jpg,/Users/jajohnst/Documents/teaching/2025-4-SI-676-NetworkedLAMS/ummaa_project_data_samples/Dress and Personal Adornment
Dress and Personal Adornment,17652_7.jpg,jpg,2858072,2791.1,2858,2.7,3,Dress and Personal Adornment/17652_7.jpg,/Users/jajohnst/Documents/teaching/2025-4-SI-676-NetworkedLAMS/ummaa_project_data_samples/Dress and Personal Adornment
Dress and Personal Adornment,1989-74-31_4.jpg,jpg,2714381,2650.8,2714,2.6,3,Dress and Personal Adornment/1989-74-31_4.jpg,/Users/jajohnst/Documents/teaching/2025-4-SI-676-NetworkedLAMS/ummaa_project_data_samples/Dress and Personal Adornment
Dress and Personal Adornment,1989-74-52_7.jpg,jpg,2699923,2636.6,2700,2.6,3,Dress and Personal Adornment/1989-74-52_7.jpg,/Users/jajohnst/Documents/teaching/2025-4-SI-676-NetworkedLAMS/ummaa_project_data_samples/Dress and Personal Adornment
Dress and Personal Adornment,8476-e_3.jpg,jpg,3859218,3768.8,3859,3.7,4,Dress and Personal Adornment/8476-e_3.jpg,/Users/jajohnst/Documents/teaching/2025-4-SI-676-NetworkedLAMS/ummaa_project_data_samples/Dress and Personal Adornment
Dress and Personal Adornment,8078_1.jpg,jpg,2167024,2116.2,2167,2.1,2,Dress and Personal Adornment/8078_1.jpg,/Users/jajohnst/Documents/teaching/2025-4-SI-676-NetworkedLAMS/ummaa_project_data_samples/Dress and Personal Adornment
Dress and Personal Adornment,92125_6.jpg,jpg,3473120,3391.7,3473,3.3,3,Dress and Personal Adornment/92125_6.jpg,/Users/jajohnst/Documents/teaching/2025-4-SI-676-NetworkedLAMS/ummaa_project_data_samples/Dress and Personal Adornment
Dress and Personal Adornment,1989-74-54_1.jpg,jpg,3560814,3477.4,3561,3.4,4,Dress and Personal Adornment/1989-74-54_1.jpg,/Users/jajohnst/Documents/teaching/2025-4-SI-676-NetworkedLAMS/ummaa_project_data_samples/Dress and Personal Adornment
Dress and Personal Adornment,8085_1.jpg,jpg,3073874,3001.8,3074,2.9,3,Dress and Personal Adornment/8085_1.jpg,/Users/jajohnst/Documents/teaching/2025-4-SI-676-NetworkedLAMS/ummaa_project_data_samples/Dress and Personal Adornment
Dress and Personal Adornment,8476-c_5.jpg,jpg,2267361,2214.2,2267,2.2,2,Dress and Personal Adornment/8476-c_5.jpg,/Users/jajohnst/Documents/teaching/2025-4-SI-676-NetworkedLAMS/ummaa_project_data_samples/Dress and Personal Adornment
Dress and Personal Adornment,8055-b_6.jpg,jpg,3631383,3546.3,3631,3.5,4,Dress and Personal Adornment/8055-b_6.jpg,/Users/jajohnst/Documents/teaching/2025-4-SI-676-NetworkedLAMS/ummaa_project_data_samples/Dress and Personal Adornment
Dress and Personal Adornment,1989-74-28_5.jpg,jpg,3667747,3581.8,3668,3.5,4,Dress and Personal Adornment/1989-74-28_5.jpg,/Users/jajohnst/Documents/teaching/2025-4-SI-676-NetworkedLAMS/ummaa_project_data_samples/Dress and Personal Adornment
Dress and Personal Adornment,8087_3.jpg,jpg,1927124,1882,1927,1.8,2,Dress and Personal Adornment/8087_3.jpg,/Users/jajohnst/Documents/teaching/2025-4-SI-676-NetworkedLAMS/ummaa_project_data_samples/Dress and Personal Adornment
Dress and Personal Adornment,8592_2.jpg,jpg,6049254,5907.5,6049,5.8,6,Dress and Personal Adornment/8592_2.jpg,/Users/jajohnst/Documents/teaching/2025-4-SI-676-NetworkedLAMS/ummaa_project_data_samples/Dress and Personal Adornment
Dress and Personal Adornment,8476-a_7.jpg,jpg,1203287,1175.1,1203,1.1,1,Dress and Personal Adornment/8476-a_7.jpg,/Users/jajohnst/Documents/teaching/2025-4-SI-676-NetworkedLAMS/ummaa_project_data_samples/Dress and Personal Adornment
Dress and Personal Adornment,8087_7.jpg,jpg,2106630,2057.3,2107,2,2,Dress and Personal Adornment/8087_7.jpg,/Users/jajohnst/Documents/teaching/2025-4-SI-676-NetworkedLAMS/ummaa_project_data_samples/Dress and Personal Adornment
Dress and Personal Adornment,8476-a_3.jpg,jpg,3724817,3637.5,3725,3.6,4,Dress and Personal Adornment/8476-a_3.jpg,/Users/jajohnst/Documents/teaching/2025-4-SI-676-NetworkedLAMS/ummaa_project_data_samples/Dress and Personal Adornment
Dress and Personal Adornment,1989-74-28_1.jpg,jpg,4556194,4449.4,4556,4.3,5,Dress and Personal Adornment/1989-74-28_1.jpg,/Users/jajohnst/Documents/teaching/2025-4-SI-676-NetworkedLAMS/ummaa_project_data_samples/Dress and Personal Adornment
Dress and Personal Adornment,8055-b_2.jpg,jpg,3316047,3238.3,3316,3.2,3,Dress and Personal Adornment/8055-b_2.jpg,/Users/jajohnst/Documents/teaching/2025-4-SI-676-NetworkedLAMS/ummaa_project_data_samples/Dress and Personal Adornment
Dress and Personal Adornment,8570_1.jpg,jpg,4044504,3949.7,4045,3.9,4,Dress and Personal Adornment/8570_1.jpg,/Users/jajohnst/Documents/teaching/2025-4-SI-676-NetworkedLAMS/ummaa_project_data_samples/Dress and Personal Adornment
Dress and Personal Adornment,8476-c_1.jpg,jpg,2683129,2620.2,2683,2.6,3,Dress and Personal Adornment/8476-c_1.jpg,/Users/jajohnst/Documents/teaching/2025-4-SI-676-NetworkedLAMS/ummaa_project_data_samples/Dress and Personal Adornment
Dress and Personal Adornment,92125_2.jpg,jpg,2725554,2661.7,2726,2.6,3,Dress and Personal Adornment/92125_2.jpg,/Users/jajohnst/Documents/teaching/2025-4-SI-676-NetworkedLAMS/ummaa_project_data_samples/Dress and Personal Adornment
Dress and Personal Adornment,8078_5.jpg,jpg,1721257,1680.9,1721,1.6,2,Dress and Personal Adornment/8078_5.jpg,/Users/jajohnst/Documents/teaching/2025-4-SI-676-NetworkedLAMS/ummaa_project_data_samples/Dress and Personal Adornment
Dress and Personal Adornment,1989-74-52_3.jpg,jpg,2436917,2379.8,2437,2.3,2,Dress and Personal Adornment/1989-74-52_3.jpg,/Users/jajohnst/Documents/teaching/2025-4-SI-676-NetworkedLAMS/ummaa_project_data_samples/Dress and Personal Adornment
Dress and Personal Adornment,8476-e_7.jpg,jpg,1167489,1140.1,1167,1.1,1,Dress and Personal Adornment/8476-e_7.jpg,/Users/jajohnst/Documents/teaching/2025-4-SI-676-NetworkedLAMS/ummaa_project_data_samples/Dress and Personal Adornment
Dress and Personal Adornment,17652_3.jpg,jpg,4634584,4526,4635,4.4,5,Dress and Personal Adornment/17652_3.jpg,/Users/jajohnst/Documents/teaching/2025-4-SI-676-NetworkedLAMS/ummaa_project_data_samples/Dress and Personal Adornment
Dress and Personal Adornment,92123_4.jpg,jpg,3170463,3096.2,3170,3,3,Dress and Personal Adornment/92123_4.jpg,/Users/jajohnst/Documents/teaching/2025-4-SI-676-NetworkedLAMS/ummaa_project_data_samples/Dress and Personal Adornment
Dress and Personal Adornment,8081_1.jpg,jpg,3391186,3311.7,3391,3.2,3,Dress and Personal Adornment/8081_1.jpg,/Users/jajohnst/Documents/teaching/2025-4-SI-676-NetworkedLAMS/ummaa_project_data_samples/Dress and Personal Adornment
Dress and Personal Adornment,1989-74-33_2.jpg,jpg,2770506,2705.6,2771,2.6,3,Dress and Personal Adornment/1989-74-33_2.jpg,/Users/jajohnst/Documents/teaching/2025-4-SI-676-NetworkedLAMS/ummaa_project_data_samples/Dress and Personal Adornment
Dress and Personal Adornment,92220-d_1.jpg,jpg,3907589,3816,3908,3.7,4,Dress and Personal Adornment/92220-d_1.jpg,/Users/jajohnst/Documents/teaching/2025-4-SI-676-NetworkedLAMS/ummaa_project_data_samples/Dress and Personal Adornment
Dress and Personal Adornment,1989-74-33_3.jpg,jpg,3269406,3192.8,3269,3.1,3,Dress and Personal Adornment/1989-74-33_3.jpg,/Users/jajohnst/Documents/teaching/2025-4-SI-676-NetworkedLAMS/ummaa_project_data_samples/Dress and Personal Adornment
Dress and Personal Adornment,92123_5.jpg,jpg,3096954,3024.4,3097,3,3,Dress and Personal Adornment/92123_5.jpg,/Users/jajohnst/Documents/teaching/2025-4-SI-676-NetworkedLAMS/ummaa_project_data_samples/Dress and Personal Adornment
Dress and Personal Adornment,17652_2.jpg,jpg,4580220,4472.9,4580,4.4,5,Dress and Personal Adornment/17652_2.jpg,/Users/jajohnst/Documents/teaching/2025-4-SI-676-NetworkedLAMS/ummaa_project_data_samples/Dress and Personal Adornment
Dress and Personal Adornment,8476-e_6.jpg,jpg,1255247,1225.8,1255,1.2,1,Dress and Personal Adornment/8476-e_6.jpg,/Users/jajohnst/Documents/teaching/2025-4-SI-676-NetworkedLAMS/ummaa_project_data_samples/Dress and Personal Adornment
Dress and Personal Adornment,8417_2.jpg,jpg,4925671,4810.2,4926,4.7,5,Dress and Personal Adornment/8417_2.jpg,/Users/jajohnst/Documents/teaching/2025-4-SI-676-NetworkedLAMS/ummaa_project_data_samples/Dress and Personal Adornment
Dress and Personal Adornment,8083_2.jpg,jpg,1896759,1852.3,1897,1.8,2,Dress and Personal Adornment/8083_2.jpg,/Users/jajohnst/Documents/teaching/2025-4-SI-676-NetworkedLAMS/ummaa_project_data_samples/Dress and Personal Adornment
Dress and Personal Adornment,1989-74-31_1.jpg,jpg,3206898,3131.7,3207,3.1,3,Dress and Personal Adornment/1989-74-31_1.jpg,/Users/jajohnst/Documents/teaching/2025-4-SI-676-NetworkedLAMS/ummaa_project_data_samples/Dress and Personal Adornment
Dress and Personal Adornment,1989-74-52_2.jpg,jpg,2176786,2125.8,2177,2.1,2,Dress and Personal Adornment/1989-74-52_2.jpg,/Users/jajohnst/Documents/teaching/2025-4-SI-676-NetworkedLAMS/ummaa_project_data_samples/Dress and Personal Adornment
Dress and Personal Adornment,8078_4.jpg,jpg,1691916,1652.3,1692,1.6,2,Dress and Personal Adornment/8078_4.jpg,/Users/jajohnst/Documents/teaching/2025-4-SI-676-NetworkedLAMS/ummaa_project_data_samples/Dress and Personal Adornment
Dress and Personal Adornment,92125_3.jpg,jpg,3253839,3177.6,3254,3.1,3,Dress and Personal Adornment/92125_3.jpg,/Users/jajohnst/Documents/teaching/2025-4-SI-676-NetworkedLAMS/ummaa_project_data_samples/Dress and Personal Adornment
Dress and Personal Adornment,1989-74-49_1.jpg,jpg,2887790,2820.1,2888,2.8,3,Dress and Personal Adornment/1989-74-49_1.jpg,/Users/jajohnst/Documents/teaching/2025-4-SI-676-NetworkedLAMS/ummaa_project_data_samples/Dress and Personal Adornment
Dress and Personal Adornment,8492_2.jpg,jpg,5043757,4925.5,5044,4.8,5,Dress and Personal Adornment/8492_2.jpg,/Users/jajohnst/Documents/teaching/2025-4-SI-676-NetworkedLAMS/ummaa_project_data_samples/Dress and Personal Adornment
Dress and Personal Adornment,8055-b_3.jpg,jpg,3109190,3036.3,3109,3,3,Dress and Personal Adornment/8055-b_3.jpg,/Users/jajohnst/Documents/teaching/2025-4-SI-676-NetworkedLAMS/ummaa_project_data_samples/Dress and Personal Adornment
Dress and Personal Adornment,8476-a_2.jpg,jpg,3608474,3523.9,3608,3.4,4,Dress and Personal Adornment/8476-a_2.jpg,/Users/jajohnst/Documents/teaching/2025-4-SI-676-NetworkedLAMS/ummaa_project_data_samples/Dress and Personal Adornment
Dress and Personal Adornment,8087_6.jpg,jpg,2107430,2058,2107,2,2,Dress and Personal Adornment/8087_6.jpg,/Users/jajohnst/Documents/teaching/2025-4-SI-676-NetworkedLAMS/ummaa_project_data_samples/Dress and Personal Adornment
Dress and Personal Adornment,8087_4.jpg,jpg,2139747,2089.6,2140,2,2,Dress and Personal Adornment/8087_4.jpg,/Users/jajohnst/Documents/teaching/2025-4-SI-676-NetworkedLAMS/ummaa_project_data_samples/Dress and Personal Adornment
Dress and Personal Adornment,8055-b_1.jpg,jpg,4724605,4613.9,4725,4.5,5,Dress and Personal Adornment/8055-b_1.jpg,/Users/jajohnst/Documents/teaching/2025-4-SI-676-NetworkedLAMS/ummaa_project_data_samples/Dress and Personal Adornment
Dress and Personal Adornment,1989-74-28_2.jpg,jpg,3712375,3625.4,3712,3.5,4,Dress and Personal Adornment/1989-74-28_2.jpg,/Users/jajohnst/Documents/teaching/2025-4-SI-676-NetworkedLAMS/ummaa_project_data_samples/Dress and Personal Adornment
Dress and Personal Adornment,8570_2.jpg,jpg,4083580,3987.9,4084,3.9,4,Dress and Personal Adornment/8570_2.jpg,/Users/jajohnst/Documents/teaching/2025-4-SI-676-NetworkedLAMS/ummaa_project_data_samples/Dress and Personal Adornment
Dress and Personal Adornment,8476-c_2.jpg,jpg,3248704,3172.6,3249,3.1,3,Dress and Personal Adornment/8476-c_2.jpg,/Users/jajohnst/Documents/teaching/2025-4-SI-676-NetworkedLAMS/ummaa_project_data_samples/Dress and Personal Adornment
Dress and Personal Adornment,8078_6.jpg,jpg,1757211,1716,1757,1.7,2,Dress and Personal Adornment/8078_6.jpg,/Users/jajohnst/Documents/teaching/2025-4-SI-676-NetworkedLAMS/ummaa_project_data_samples/Dress and Personal Adornment
Dress and Personal Adornment,92125_1.jpg,jpg,4558134,4451.3,4558,4.3,5,Dress and Personal Adornment/92125_1.jpg,/Users/jajohnst/Documents/teaching/2025-4-SI-676-NetworkedLAMS/ummaa_project_data_samples/Dress and Personal Adornment
Dress and Personal Adornment,1989-74-31_3.jpg,jpg,2831676,2765.3,2832,2.7,3,Dress and Personal Adornment/1989-74-31_3.jpg,/Users/jajohnst/Documents/teaching/2025-4-SI-676-NetworkedLAMS/ummaa_project_data_samples/Dress and Personal Adornment
Dress and Personal Adornment,8476-e_4.jpg,jpg,2252144,2199.4,2252,2.1,2,Dress and Personal Adornment/8476-e_4.jpg,/Users/jajohnst/Documents/teaching/2025-4-SI-676-NetworkedLAMS/ummaa_project_data_samples/Dress and Personal Adornment
Dress and Personal Adornment,8596_1.jpg,jpg,3317938,3240.2,3318,3.2,3,Dress and Personal Adornment/8596_1.jpg,/Users/jajohnst/Documents/teaching/2025-4-SI-676-NetworkedLAMS/ummaa_project_data_samples/Dress and Personal Adornment
Dress and Personal Adornment,92123_7.jpg,jpg,3078376,3006.2,3078,2.9,3,Dress and Personal Adornment/92123_7.jpg,/Users/jajohnst/Documents/teaching/2025-4-SI-676-NetworkedLAMS/ummaa_project_data_samples/Dress and Personal Adornment
Dress and Personal Adornment,8081_2.jpg,jpg,3355610,3277,3356,3.2,3,Dress and Personal Adornment/8081_2.jpg,/Users/jajohnst/Documents/teaching/2025-4-SI-676-NetworkedLAMS/ummaa_project_data_samples/Dress and Personal Adornment
Dress and Personal Adornment,1989-74-33_1.jpg,jpg,4837654,4724.3,4838,4.6,5,Dress and Personal Adornment/1989-74-33_1.jpg,/Users/jajohnst/Documents/teaching/2025-4-SI-676-NetworkedLAMS/ummaa_project_data_samples/Dress and Personal Adornment
Dress and Personal Adornment,92220-d_2.jpg,jpg,3886009,3794.9,3886,3.7,4,Dress and Personal Adornment/92220-d_2.jpg,/Users/jajohnst/Documents/teaching/2025-4-SI-676-NetworkedLAMS/ummaa_project_data_samples/Dress and Personal Adornment
Dress and Personal Adornment,8079-a_3.jpg,jpg,1251333,1222,1251,1.2,1,Dress and Personal Adornment/8079-a_3.jpg,/Users/jajohnst/Documents/teaching/2025-4-SI-676-NetworkedLAMS/ummaa_project_data_samples/Dress and Personal Adornment
Dress and Personal Adornment,92123_6.jpg,jpg,3169634,3095.3,3170,3,3,Dress and Personal Adornment/92123_6.jpg,/Users/jajohnst/Documents/teaching/2025-4-SI-676-NetworkedLAMS/ummaa_project_data_samples/Dress and Personal Adornment
Dress and Personal Adornment,17652_1.jpg,jpg,4877296,4763,4877,4.7,5,Dress and Personal Adornment/17652_1.jpg,/Users/jajohnst/Documents/teaching/2025-4-SI-676-NetworkedLAMS/ummaa_project_data_samples/Dress and Personal Adornment
Dress and Personal Adornment,8476-e_5.jpg,jpg,2270109,2216.9,2270,2.2,2,Dress and Personal Adornment/8476-e_5.jpg,/Users/jajohnst/Documents/teaching/2025-4-SI-676-NetworkedLAMS/ummaa_project_data_samples/Dress and Personal Adornment
Dress and Personal Adornment,1989-74-52_1.jpg,jpg,4572970,4465.8,4573,4.4,5,Dress and Personal Adornment/1989-74-52_1.jpg,/Users/jajohnst/Documents/teaching/2025-4-SI-676-NetworkedLAMS/ummaa_project_data_samples/Dress and Personal Adornment
Dress and Personal Adornment,8083_1.jpg,jpg,2262316,2209.3,2262,2.2,2,Dress and Personal Adornment/8083_1.jpg,/Users/jajohnst/Documents/teaching/2025-4-SI-676-NetworkedLAMS/ummaa_project_data_samples/Dress and Personal Adornment
Dress and Personal Adornment,1989-74-31_2.jpg,jpg,2551609,2491.8,2552,2.4,3,Dress and Personal Adornment/1989-74-31_2.jpg,/Users/jajohnst/Documents/teaching/2025-4-SI-676-NetworkedLAMS/ummaa_project_data_samples/Dress and Personal Adornment
Dress and Personal Adornment,8417_1.jpg,jpg,4949032,4833,4949,4.7,5,Dress and Personal Adornment/8417_1.jpg,/Users/jajohnst/Documents/teaching/2025-4-SI-676-NetworkedLAMS/ummaa_project_data_samples/Dress and Personal Adornment
Dress and Personal Adornment,8078_7.jpg,jpg,1771480,1730,1771,1.7,2,Dress and Personal Adornment/8078_7.jpg,/Users/jajohnst/Documents/teaching/2025-4-SI-676-NetworkedLAMS/ummaa_project_data_samples/Dress and Personal Adornment
Dress and Personal Adornment,1989-74-49_2.jpg,jpg,3019207,2948.4,3019,2.9,3,Dress and Personal Adornment/1989-74-49_2.jpg,/Users/jajohnst/Documents/teaching/2025-4-SI-676-NetworkedLAMS/ummaa_project_data_samples/Dress and Personal Adornment
Dress and Personal Adornment,8492_1.jpg,jpg,4822379,4709.4,4822,4.6,5,Dress and Personal Adornment/8492_1.jpg,/Users/jajohnst/Documents/teaching/2025-4-SI-676-NetworkedLAMS/ummaa_project_data_samples/Dress and Personal Adornment
Dress and Personal Adornment,8476-c_3.jpg,jpg,3461263,3380.1,3461,3.3,3,Dress and Personal Adornment/8476-c_3.jpg,/Users/jajohnst/Documents/teaching/2025-4-SI-676-NetworkedLAMS/ummaa_project_data_samples/Dress and Personal Adornment
Dress and Personal Adornment,1989-74-28_3.jpg,jpg,3737781,3650.2,3738,3.6,4,Dress and Personal Adornment/1989-74-28_3.jpg,/Users/jajohnst/Documents/teaching/2025-4-SI-676-NetworkedLAMS/ummaa_project_data_samples/Dress and Personal Adornment
Dress and Personal Adornment,8476-a_1.jpg,jpg,2794485,2729,2794,2.7,3,Dress and Personal Adornment/8476-a_1.jpg,/Users/jajohnst/Documents/teaching/2025-4-SI-676-NetworkedLAMS/ummaa_project_data_samples/Dress and Personal Adornment
Dress and Personal Adornment,8087_5.jpg,jpg,2099521,2050.3,2100,2,2,Dress and Personal Adornment/8087_5.jpg,/Users/jajohnst/Documents/teaching/2025-4-SI-676-NetworkedLAMS/ummaa_project_data_samples/Dress and Personal Adornment
Dress and Personal Adornment,1989-74-51_4.jpg,jpg,2977382,2907.6,2977,2.8,3,Dress and Personal Adornment/1989-74-51_4.jpg,/Users/jajohnst/Documents/teaching/2025-4-SI-676-NetworkedLAMS/ummaa_project_data_samples/Dress and Personal Adornment
Dress and Personal Adornment,1989-74-32_7.jpg,jpg,4885889,4771.4,4886,4.7,5,Dress and Personal Adornment/1989-74-32_7.jpg,/Users/jajohnst/Documents/teaching/2025-4-SI-676-NetworkedLAMS/ummaa_project_data_samples/Dress and Personal Adornment
Dress and Personal Adornment,92299_3.jpg,jpg,4248178,4148.6,4248,4.1,4,Dress and Personal Adornment/92299_3.jpg,/Users/jajohnst/Documents/teaching/2025-4-SI-676-NetworkedLAMS/ummaa_project_data_samples/Dress and Personal Adornment
Dress and Personal Adornment,8476-d_2.jpg,jpg,3641265,3555.9,3641,3.5,4,Dress and Personal Adornment/8476-d_2.jpg,/Users/jajohnst/Documents/teaching/2025-4-SI-676-NetworkedLAMS/ummaa_project_data_samples/Dress and Personal Adornment
Dress and Personal Adornment,8532_2.jpg,jpg,3866072,3775.5,3866,3.7,4,Dress and Personal Adornment/8532_2.jpg,/Users/jajohnst/Documents/teaching/2025-4-SI-676-NetworkedLAMS/ummaa_project_data_samples/Dress and Personal Adornment
Dress and Personal Adornment,1989-74-30_5.jpg,jpg,2645792,2583.8,2646,2.5,3,Dress and Personal Adornment/1989-74-30_5.jpg,/Users/jajohnst/Documents/teaching/2025-4-SI-676-NetworkedLAMS/ummaa_project_data_samples/Dress and Personal Adornment
Dress and Personal Adornment,8140_1.jpg,jpg,2526908,2467.7,2527,2.4,3,Dress and Personal Adornment/8140_1.jpg,/Users/jajohnst/Documents/teaching/2025-4-SI-676-NetworkedLAMS/ummaa_project_data_samples/Dress and Personal Adornment
Dress and Personal Adornment,8476-b_4.jpg,jpg,2231555,2179.3,2232,2.1,2,Dress and Personal Adornment/8476-b_4.jpg,/Users/jajohnst/Documents/teaching/2025-4-SI-676-NetworkedLAMS/ummaa_project_data_samples/Dress and Personal Adornment
Dress and Personal Adornment,8557_7.jpg,jpg,2846989,2780.3,2847,2.7,3,Dress and Personal Adornment/8557_7.jpg,/Users/jajohnst/Documents/teaching/2025-4-SI-676-NetworkedLAMS/ummaa_project_data_samples/Dress and Personal Adornment
Dress and Personal Adornment,92124_7.jpg,jpg,2816416,2750.4,2816,2.7,3,Dress and Personal Adornment/92124_7.jpg,/Users/jajohnst/Documents/teaching/2025-4-SI-676-NetworkedLAMS/ummaa_project_data_samples/Dress and Personal Adornment
Dress and Personal Adornment,8055-a_5.jpg,jpg,3994183,3900.6,3994,3.8,4,Dress and Personal Adornment/8055-a_5.jpg,/Users/jajohnst/Documents/teaching/2025-4-SI-676-NetworkedLAMS/ummaa_project_data_samples/Dress and Personal Adornment
Dress and Personal Adornment,8593_3.jpg,jpg,3106800,3034,3107,3,3,Dress and Personal Adornment/8593_3.jpg,/Users/jajohnst/Documents/teaching/2025-4-SI-676-NetworkedLAMS/ummaa_project_data_samples/Dress and Personal Adornment
Dress and Personal Adornment,1989-74-71_1.jpg,jpg,3947716,3855.2,3948,3.8,4,Dress and Personal Adornment/1989-74-71_1.jpg,/Users/jajohnst/Documents/teaching/2025-4-SI-676-NetworkedLAMS/ummaa_project_data_samples/Dress and Personal Adornment
Dress and Personal Adornment,92126_5.jpg,jpg,3372980,3293.9,3373,3.2,3,Dress and Personal Adornment/92126_5.jpg,/Users/jajohnst/Documents/teaching/2025-4-SI-676-NetworkedLAMS/ummaa_project_data_samples/Dress and Personal Adornment
Dress and Personal Adornment,8367_7.jpg,jpg,4217716,4118.9,4218,4,4,Dress and Personal Adornment/8367_7.jpg,/Users/jajohnst/Documents/teaching/2025-4-SI-676-NetworkedLAMS/ummaa_project_data_samples/Dress and Personal Adornment
Dress and Personal Adornment,92220-c_2.jpg,jpg,4004856,3911,4005,3.8,4,Dress and Personal Adornment/92220-c_2.jpg,/Users/jajohnst/Documents/teaching/2025-4-SI-676-NetworkedLAMS/ummaa_project_data_samples/Dress and Personal Adornment
Dress and Personal Adornment,1989-74-29_4.jpg,jpg,2626922,2565.4,2627,2.5,3,Dress and Personal Adornment/1989-74-29_4.jpg,/Users/jajohnst/Documents/teaching/2025-4-SI-676-NetworkedLAMS/ummaa_project_data_samples/Dress and Personal Adornment
Dress and Personal Adornment,8387_2.jpg,jpg,3630788,3545.7,3631,3.5,4,Dress and Personal Adornment/8387_2.jpg,/Users/jajohnst/Documents/teaching/2025-4-SI-676-NetworkedLAMS/ummaa_project_data_samples/Dress and Personal Adornment
Dress and Personal Adornment,17657_2.jpg,jpg,3415022,3335,3415,3.3,3,Dress and Personal Adornment/17657_2.jpg,/Users/jajohnst/Documents/teaching/2025-4-SI-676-NetworkedLAMS/ummaa_project_data_samples/Dress and Personal Adornment
Dress and Personal Adornment,8654_5.jpg,jpg,3070185,2998.2,3070,2.9,3,Dress and Personal Adornment/8654_5.jpg,/Users/jajohnst/Documents/teaching/2025-4-SI-676-NetworkedLAMS/ummaa_project_data_samples/Dress and Personal Adornment
Dress and Personal Adornment,8654_4.jpg,jpg,3114248,3041.3,3114,3,3,Dress and Personal Adornment/8654_4.jpg,/Users/jajohnst/Documents/teaching/2025-4-SI-676-NetworkedLAMS/ummaa_project_data_samples/Dress and Personal Adornment
Dress and Personal Adornment,1989-74-29_5.jpg,jpg,2611997,2550.8,2612,2.5,3,Dress and Personal Adornment/1989-74-29_5.jpg,/Users/jajohnst/Documents/teaching/2025-4-SI-676-NetworkedLAMS/ummaa_project_data_samples/Dress and Personal Adornment
Dress and Personal Adornment,8367_6.jpg,jpg,4225359,4126.3,4225,4,4,Dress and Personal Adornment/8367_6.jpg,/Users/jajohnst/Documents/teaching/2025-4-SI-676-NetworkedLAMS/ummaa_project_data_samples/Dress and Personal Adornment
Dress and Personal Adornment,92126_4.jpg,jpg,3447596,3366.8,3448,3.3,3,Dress and Personal Adornment/92126_4.jpg,/Users/jajohnst/Documents/teaching/2025-4-SI-676-NetworkedLAMS/ummaa_project_data_samples/Dress and Personal Adornment
Dress and Personal Adornment,8593_2.jpg,jpg,5219814,5097.5,5220,5,5,Dress and Personal Adornment/8593_2.jpg,/Users/jajohnst/Documents/teaching/2025-4-SI-676-NetworkedLAMS/ummaa_project_data_samples/Dress and Personal Adornment
Dress and Personal Adornment,8055-a_4.jpg,jpg,4202193,4103.7,4202,4,4,Dress and Personal Adornment/8055-a_4.jpg,/Users/jajohnst/Documents/teaching/2025-4-SI-676-NetworkedLAMS/ummaa_project_data_samples/Dress and Personal Adornment
Dress and Personal Adornment,92220-a_1.jpg,jpg,4807190,4694.5,4807,4.6,5,Dress and Personal Adornment/92220-a_1.jpg,/Users/jajohnst/Documents/teaching/2025-4-SI-676-NetworkedLAMS/ummaa_project_data_samples/Dress and Personal Adornment
Dress and Personal Adornment,8079_1.jpg,jpg,4407672,4304.4,4408,4.2,4,Dress and Personal Adornment/8079_1.jpg,/Users/jajohnst/Documents/teaching/2025-4-SI-676-NetworkedLAMS/ummaa_project_data_samples/Dress and Personal Adornment
Dress and Personal Adornment,92124_6.jpg,jpg,2843943,2777.3,2844,2.7,3,Dress and Personal Adornment/92124_6.jpg,/Users/jajohnst/Documents/teaching/2025-4-SI-676-NetworkedLAMS/ummaa_project_data_samples/Dress and Personal Adornment
Dress and Personal Adornment,8557_6.jpg,jpg,2760801,2696.1,2761,2.6,3,Dress and Personal Adornment/8557_6.jpg,/Users/jajohnst/Documents/teaching/2025-4-SI-676-NetworkedLAMS/ummaa_project_data_samples/Dress and Personal Adornment
Dress and Personal Adornment,1989-74-55_1.jpg,jpg,2315056,2260.8,2315,2.2,2,Dress and Personal Adornment/1989-74-55_1.jpg,/Users/jajohnst/Documents/teaching/2025-4-SI-676-NetworkedLAMS/ummaa_project_data_samples/Dress and Personal Adornment
Dress and Personal Adornment,8084_1.jpg,jpg,2592196,2531.4,2592,2.5,3,Dress and Personal Adornment/8084_1.jpg,/Users/jajohnst/Documents/teaching/2025-4-SI-676-NetworkedLAMS/ummaa_project_data_samples/Dress and Personal Adornment
Dress and Personal Adornment,8476-b_5.jpg,jpg,2258293,2205.4,2258,2.2,2,Dress and Personal Adornment/8476-b_5.jpg,/Users/jajohnst/Documents/teaching/2025-4-SI-676-NetworkedLAMS/ummaa_project_data_samples/Dress and Personal Adornment
Dress and Personal Adornment,1989-74-68_1.jpg,jpg,2708025,2644.6,2708,2.6,3,Dress and Personal Adornment/1989-74-68_1.jpg,/Users/jajohnst/Documents/teaching/2025-4-SI-676-NetworkedLAMS/ummaa_project_data_samples/Dress and Personal Adornment
Dress and Personal Adornment,1989-74-30_4.jpg,jpg,2667715,2605.2,2668,2.5,3,Dress and Personal Adornment/1989-74-30_4.jpg,/Users/jajohnst/Documents/teaching/2025-4-SI-676-NetworkedLAMS/ummaa_project_data_samples/Dress and Personal Adornment
Dress and Personal Adornment,8476-d_3.jpg,jpg,3755830,3667.8,3756,3.6,4,Dress and Personal Adornment/8476-d_3.jpg,/Users/jajohnst/Documents/teaching/2025-4-SI-676-NetworkedLAMS/ummaa_project_data_samples/Dress and Personal Adornment
Dress and Personal Adornment,92299_2.jpg,jpg,3679286,3593.1,3679,3.5,4,Dress and Personal Adornment/92299_2.jpg,/Users/jajohnst/Documents/teaching/2025-4-SI-676-NetworkedLAMS/ummaa_project_data_samples/Dress and Personal Adornment
Dress and Personal Adornment,1989-74-32_6.jpg,jpg,4930060,4814.5,4930,4.7,5,Dress and Personal Adornment/1989-74-32_6.jpg,/Users/jajohnst/Documents/teaching/2025-4-SI-676-NetworkedLAMS/ummaa_project_data_samples/Dress and Personal Adornment
Dress and Personal Adornment,8530_1.jpg,jpg,3706253,3619.4,3706,3.5,4,Dress and Personal Adornment/8530_1.jpg,/Users/jajohnst/Documents/teaching/2025-4-SI-676-NetworkedLAMS/ummaa_project_data_samples/Dress and Personal Adornment
Dress and Personal Adornment,1989-74-51_5.jpg,jpg,3332253,3254.2,3332,3.2,3,Dress and Personal Adornment/1989-74-51_5.jpg,/Users/jajohnst/Documents/teaching/2025-4-SI-676-NetworkedLAMS/ummaa_project_data_samples/Dress and Personal Adornment
Dress and Personal Adornment,1989-74-32_4.jpg,jpg,4752698,4641.3,4753,4.5,5,Dress and Personal Adornment/1989-74-32_4.jpg,/Users/jajohnst/Documents/teaching/2025-4-SI-676-NetworkedLAMS/ummaa_project_data_samples/Dress and Personal Adornment
Dress and Personal Adornment,1989-74-51_7.jpg,jpg,1983556,1937.1,1984,1.9,2,Dress and Personal Adornment/1989-74-51_7.jpg,/Users/jajohnst/Documents/teaching/2025-4-SI-676-NetworkedLAMS/ummaa_project_data_samples/Dress and Personal Adornment
Dress and Personal Adornment,8476-d_1.jpg,jpg,2904649,2836.6,2905,2.8,3,Dress and Personal Adornment/8476-d_1.jpg,/Users/jajohnst/Documents/teaching/2025-4-SI-676-NetworkedLAMS/ummaa_project_data_samples/Dress and Personal Adornment
Dress and Personal Adornment,1989-74-30_6.jpg,jpg,2416415,2359.8,2416,2.3,2,Dress and Personal Adornment/1989-74-30_6.jpg,/Users/jajohnst/Documents/teaching/2025-4-SI-676-NetworkedLAMS/ummaa_project_data_samples/Dress and Personal Adornment
Dress and Personal Adornment,8532_1.jpg,jpg,3879314,3788.4,3879,3.7,4,Dress and Personal Adornment/8532_1.jpg,/Users/jajohnst/Documents/teaching/2025-4-SI-676-NetworkedLAMS/ummaa_project_data_samples/Dress and Personal Adornment
Dress and Personal Adornment,17707_8.jpg,jpg,1473699,1439.2,1474,1.4,1,Dress and Personal Adornment/17707_8.jpg,/Users/jajohnst/Documents/teaching/2025-4-SI-676-NetworkedLAMS/ummaa_project_data_samples/Dress and Personal Adornment
Dress and Personal Adornment,8476-b_7.jpg,jpg,1198133,1170.1,1198,1.1,1,Dress and Personal Adornment/8476-b_7.jpg,/Users/jajohnst/Documents/teaching/2025-4-SI-676-NetworkedLAMS/ummaa_project_data_samples/Dress and Personal Adornment
Dress and Personal Adornment,8140_2.jpg,jpg,2674114,2611.4,2674,2.6,3,Dress and Personal Adornment/8140_2.jpg,/Users/jajohnst/Documents/teaching/2025-4-SI-676-NetworkedLAMS/ummaa_project_data_samples/Dress and Personal Adornment
Dress and Personal Adornment,1989-74-55_3.jpg,jpg,3313880,3236.2,3314,3.2,3,Dress and Personal Adornment/1989-74-55_3.jpg,/Users/jajohnst/Documents/teaching/2025-4-SI-676-NetworkedLAMS/ummaa_project_data_samples/Dress and Personal Adornment
Dress and Personal Adornment,8557_4.jpg,jpg,1559799,1523.2,1560,1.5,2,Dress and Personal Adornment/8557_4.jpg,/Users/jajohnst/Documents/teaching/2025-4-SI-676-NetworkedLAMS/ummaa_project_data_samples/Dress and Personal Adornment
Dress and Personal Adornment,8084_3.jpg,jpg,2940793,2871.9,2941,2.8,3,Dress and Personal Adornment/8084_3.jpg,/Users/jajohnst/Documents/teaching/2025-4-SI-676-NetworkedLAMS/ummaa_project_data_samples/Dress and Personal Adornment
Dress and Personal Adornment,92124_4.jpg,jpg,2923828,2855.3,2924,2.8,3,Dress and Personal Adornment/92124_4.jpg,/Users/jajohnst/Documents/teaching/2025-4-SI-676-NetworkedLAMS/ummaa_project_data_samples/Dress and Personal Adornment
Dress and Personal Adornment,8055-a_6.jpg,jpg,3370137,3291.1,3370,3.2,3,Dress and Personal Adornment/8055-a_6.jpg,/Users/jajohnst/Documents/teaching/2025-4-SI-676-NetworkedLAMS/ummaa_project_data_samples/Dress and Personal Adornment
Dress and Personal Adornment,1989-74-71_2.jpg,jpg,3922075,3830.2,3922,3.7,4,Dress and Personal Adornment/1989-74-71_2.jpg,/Users/jajohnst/Documents/teaching/2025-4-SI-676-NetworkedLAMS/ummaa_project_data_samples/Dress and Personal Adornment
Dress and Personal Adornment,8086_1.jpg,jpg,3587943,3503.9,3588,3.4,4,Dress and Personal Adornment/8086_1.jpg,/Users/jajohnst/Documents/teaching/2025-4-SI-676-NetworkedLAMS/ummaa_project_data_samples/Dress and Personal Adornment
Dress and Personal Adornment,8367_4.jpg,jpg,4242708,4143.3,4243,4,4,Dress and Personal Adornment/8367_4.jpg,/Users/jajohnst/Documents/teaching/2025-4-SI-676-NetworkedLAMS/ummaa_project_data_samples/Dress and Personal Adornment
Dress and Personal Adornment,92126_6.jpg,jpg,3386985,3307.6,3387,3.2,3,Dress and Personal Adornment/92126_6.jpg,/Users/jajohnst/Documents/teaching/2025-4-SI-676-NetworkedLAMS/ummaa_project_data_samples/Dress and Personal Adornment
Dress and Personal Adornment,17657_1.jpg,jpg,3460758,3379.6,3461,3.3,3,Dress and Personal Adornment/17657_1.jpg,/Users/jajohnst/Documents/teaching/2025-4-SI-676-NetworkedLAMS/ummaa_project_data_samples/Dress and Personal Adornment
Dress and Personal Adornment,8654_6.jpg,jpg,3073287,3001.3,3073,2.9,3,Dress and Personal Adornment/8654_6.jpg,/Users/jajohnst/Documents/teaching/2025-4-SI-676-NetworkedLAMS/ummaa_project_data_samples/Dress and Personal Adornment
Dress and Personal Adornment,92220-c_1.jpg,jpg,4024869,3930.5,4025,3.8,4,Dress and Personal Adornment/92220-c_1.jpg,/Users/jajohnst/Documents/teaching/2025-4-SI-676-NetworkedLAMS/ummaa_project_data_samples/Dress and Personal Adornment
Dress and Personal Adornment,1989-74-29_7.jpg,jpg,2911546,2843.3,2912,2.8,3,Dress and Personal Adornment/1989-74-29_7.jpg,/Users/jajohnst/Documents/teaching/2025-4-SI-676-NetworkedLAMS/ummaa_project_data_samples/Dress and Personal Adornment
Dress and Personal Adornment,8387_1.jpg,jpg,3746580,3658.8,3747,3.6,4,Dress and Personal Adornment/8387_1.jpg,/Users/jajohnst/Documents/teaching/2025-4-SI-676-NetworkedLAMS/ummaa_project_data_samples/Dress and Personal Adornment
Dress and Personal Adornment,1989-74-29_6.jpg,jpg,2374336,2318.7,2374,2.3,2,Dress and Personal Adornment/1989-74-29_6.jpg,/Users/jajohnst/Documents/teaching/2025-4-SI-676-NetworkedLAMS/ummaa_project_data_samples/Dress and Personal Adornment
Dress and Personal Adornment,8654_7.jpg,jpg,3054759,2983.2,3055,2.9,3,Dress and Personal Adornment/8654_7.jpg,/Users/jajohnst/Documents/teaching/2025-4-SI-676-NetworkedLAMS/ummaa_project_data_samples/Dress and Personal Adornment
Dress and Personal Adornment,92126_7.jpg,jpg,3389953,3310.5,3390,3.2,3,Dress and Personal Adornment/92126_7.jpg,/Users/jajohnst/Documents/teaching/2025-4-SI-676-NetworkedLAMS/ummaa_project_data_samples/Dress and Personal Adornment
Dress and Personal Adornment,8367_5.jpg,jpg,4196384,4098,4196,4,4,Dress and Personal Adornment/8367_5.jpg,/Users/jajohnst/Documents/teaching/2025-4-SI-676-NetworkedLAMS/ummaa_project_data_samples/Dress and Personal Adornment
Dress and Personal Adornment,8593_1.jpg,jpg,5337138,5212,5337,5.1,5,Dress and Personal Adornment/8593_1.jpg,/Users/jajohnst/Documents/teaching/2025-4-SI-676-NetworkedLAMS/ummaa_project_data_samples/Dress and Personal Adornment
Dress and Personal Adornment,92220-a_2.jpg,jpg,4801817,4689.3,4802,4.6,5,Dress and Personal Adornment/92220-a_2.jpg,/Users/jajohnst/Documents/teaching/2025-4-SI-676-NetworkedLAMS/ummaa_project_data_samples/Dress and Personal Adornment
Dress and Personal Adornment,8055-a_7.jpg,jpg,3784495,3695.8,3784,3.6,4,Dress and Personal Adornment/8055-a_7.jpg,/Users/jajohnst/Documents/teaching/2025-4-SI-676-NetworkedLAMS/ummaa_project_data_samples/Dress and Personal Adornment
Dress and Personal Adornment,92124_5.jpg,jpg,2831371,2765,2831,2.7,3,Dress and Personal Adornment/92124_5.jpg,/Users/jajohnst/Documents/teaching/2025-4-SI-676-NetworkedLAMS/ummaa_project_data_samples/Dress and Personal Adornment
Dress and Personal Adornment,8079_2.jpg,jpg,4367931,4265.6,4368,4.2,4,Dress and Personal Adornment/8079_2.jpg,/Users/jajohnst/Documents/teaching/2025-4-SI-676-NetworkedLAMS/ummaa_project_data_samples/Dress and Personal Adornment
Dress and Personal Adornment,8084_2.jpg,jpg,2487239,2428.9,2487,2.4,2,Dress and Personal Adornment/8084_2.jpg,/Users/jajohnst/Documents/teaching/2025-4-SI-676-NetworkedLAMS/ummaa_project_data_samples/Dress and Personal Adornment
Dress and Personal Adornment,1989-74-55_2.jpg,jpg,3759080,3671,3759,3.6,4,Dress and Personal Adornment/1989-74-55_2.jpg,/Users/jajohnst/Documents/teaching/2025-4-SI-676-NetworkedLAMS/ummaa_project_data_samples/Dress and Personal Adornment
Dress and Personal Adornment,8557_5.jpg,jpg,1477184,1442.6,1477,1.4,1,Dress and Personal Adornment/8557_5.jpg,/Users/jajohnst/Documents/teaching/2025-4-SI-676-NetworkedLAMS/ummaa_project_data_samples/Dress and Personal Adornment
Dress and Personal Adornment,8476-b_6.jpg,jpg,1232262,1203.4,1232,1.2,1,Dress and Personal Adornment/8476-b_6.jpg,/Users/jajohnst/Documents/teaching/2025-4-SI-676-NetworkedLAMS/ummaa_project_data_samples/Dress and Personal Adornment
Dress and Personal Adornment,1989-74-68_2.jpg,jpg,3118506,3045.4,3119,3,3,Dress and Personal Adornment/1989-74-68_2.jpg,/Users/jajohnst/Documents/teaching/2025-4-SI-676-NetworkedLAMS/ummaa_project_data_samples/Dress and Personal Adornment
Dress and Personal Adornment,1989-74-30_7.jpg,jpg,2609014,2547.9,2609,2.5,3,Dress and Personal Adornment/1989-74-30_7.jpg,/Users/jajohnst/Documents/teaching/2025-4-SI-676-NetworkedLAMS/ummaa_project_data_samples/Dress and Personal Adornment
Dress and Personal Adornment,8079-b_4.jpg,jpg,1275124,1245.2,1275,1.2,1,Dress and Personal Adornment/8079-b_4.jpg,/Users/jajohnst/Documents/teaching/2025-4-SI-676-NetworkedLAMS/ummaa_project_data_samples/Dress and Personal Adornment
Dress and Personal Adornment,92299_1.jpg,jpg,3808888,3719.6,3809,3.6,4,Dress and Personal Adornment/92299_1.jpg,/Users/jajohnst/Documents/teaching/2025-4-SI-676-NetworkedLAMS/ummaa_project_data_samples/Dress and Personal Adornment
Dress and Personal Adornment,1989-74-51_6.jpg,jpg,2787683,2722.3,2788,2.7,3,Dress and Personal Adornment/1989-74-51_6.jpg,/Users/jajohnst/Documents/teaching/2025-4-SI-676-NetworkedLAMS/ummaa_project_data_samples/Dress and Personal Adornment
Dress and Personal Adornment,8530_2.jpg,jpg,3726013,3638.7,3726,3.6,4,Dress and Personal Adornment/8530_2.jpg,/Users/jajohnst/Documents/teaching/2025-4-SI-676-NetworkedLAMS/ummaa_project_data_samples/Dress and Personal Adornment
Dress and Personal Adornment,1989-74-32_5.jpg,jpg,4837402,4724,4837,4.6,5,Dress and Personal Adornment/1989-74-32_5.jpg,/Users/jajohnst/Documents/teaching/2025-4-SI-676-NetworkedLAMS/ummaa_project_data_samples/Dress and Personal Adornment
Dress and Personal Adornment,8080_2.jpg,jpg,3124703,3051.5,3125,3,3,Dress and Personal Adornment/8080_2.jpg,/Users/jajohnst/Documents/teaching/2025-4-SI-676-NetworkedLAMS/ummaa_project_data_samples/Dress and Personal Adornment
Dress and Personal Adornment,1989-74-32_1.jpg,jpg,5622492,5490.7,5622,5.4,6,Dress and Personal Adornment/1989-74-32_1.jpg,/Users/jajohnst/Documents/teaching/2025-4-SI-676-NetworkedLAMS/ummaa_project_data_samples/Dress and Personal Adornment
Dress and Personal Adornment,1989-74-77_1.jpg,jpg,3316436,3238.7,3316,3.2,3,Dress and Personal Adornment/1989-74-77_1.jpg,/Users/jajohnst/Documents/teaching/2025-4-SI-676-NetworkedLAMS/ummaa_project_data_samples/Dress and Personal Adornment
Dress and Personal Adornment,1989-74-51_2.jpg,jpg,4413582,4310.1,4414,4.2,4,Dress and Personal Adornment/1989-74-51_2.jpg,/Users/jajohnst/Documents/teaching/2025-4-SI-676-NetworkedLAMS/ummaa_project_data_samples/Dress and Personal Adornment
Dress and Personal Adornment,92220-e_2.jpg,jpg,3799061,3710,3799,3.6,4,Dress and Personal Adornment/92220-e_2.jpg,/Users/jajohnst/Documents/teaching/2025-4-SI-676-NetworkedLAMS/ummaa_project_data_samples/Dress and Personal Adornment
Dress and Personal Adornment,1989-74-30_3.jpg,jpg,2694882,2631.7,2695,2.6,3,Dress and Personal Adornment/1989-74-30_3.jpg,/Users/jajohnst/Documents/teaching/2025-4-SI-676-NetworkedLAMS/ummaa_project_data_samples/Dress and Personal Adornment
Dress and Personal Adornment,8476-d_4.jpg,jpg,2224712,2172.6,2225,2.1,2,Dress and Personal Adornment/8476-d_4.jpg,/Users/jajohnst/Documents/teaching/2025-4-SI-676-NetworkedLAMS/ummaa_project_data_samples/Dress and Personal Adornment
Dress and Personal Adornment,8557_1.jpg,jpg,1752203,1711.1,1752,1.7,2,Dress and Personal Adornment/8557_1.jpg,/Users/jajohnst/Documents/teaching/2025-4-SI-676-NetworkedLAMS/ummaa_project_data_samples/Dress and Personal Adornment
Dress and Personal Adornment,8534_2.jpg,jpg,3348102,3269.6,3348,3.2,3,Dress and Personal Adornment/8534_2.jpg,/Users/jajohnst/Documents/teaching/2025-4-SI-676-NetworkedLAMS/ummaa_project_data_samples/Dress and Personal Adornment
Dress and Personal Adornment,8476-b_2.jpg,jpg,3250776,3174.6,3251,3.1,3,Dress and Personal Adornment/8476-b_2.jpg,/Users/jajohnst/Documents/teaching/2025-4-SI-676-NetworkedLAMS/ummaa_project_data_samples/Dress and Personal Adornment
Dress and Personal Adornment,8055-a_3.jpg,jpg,3165997,3091.8,3166,3,3,Dress and Personal Adornment/8055-a_3.jpg,/Users/jajohnst/Documents/teaching/2025-4-SI-676-NetworkedLAMS/ummaa_project_data_samples/Dress and Personal Adornment
Dress and Personal Adornment,92124_1.jpg,jpg,4007077,3913.2,4007,3.8,4,Dress and Personal Adornment/92124_1.jpg,/Users/jajohnst/Documents/teaching/2025-4-SI-676-NetworkedLAMS/ummaa_project_data_samples/Dress and Personal Adornment
Dress and Personal Adornment,8654_3.jpg,jpg,4038404,3943.8,4038,3.9,4,Dress and Personal Adornment/8654_3.jpg,/Users/jajohnst/Documents/teaching/2025-4-SI-676-NetworkedLAMS/ummaa_project_data_samples/Dress and Personal Adornment
Dress and Personal Adornment,1989-74-29_2.jpg,jpg,2663841,2601.4,2664,2.5,3,Dress and Personal Adornment/1989-74-29_2.jpg,/Users/jajohnst/Documents/teaching/2025-4-SI-676-NetworkedLAMS/ummaa_project_data_samples/Dress and Personal Adornment
Dress and Personal Adornment,8367_1.jpg,jpg,4816920,4704,4817,4.6,5,Dress and Personal Adornment/8367_1.jpg,/Users/jajohnst/Documents/teaching/2025-4-SI-676-NetworkedLAMS/ummaa_project_data_samples/Dress and Personal Adornment
Dress and Personal Adornment,92126_3.jpg,jpg,3093548,3021,3094,3,3,Dress and Personal Adornment/92126_3.jpg,/Users/jajohnst/Documents/teaching/2025-4-SI-676-NetworkedLAMS/ummaa_project_data_samples/Dress and Personal Adornment
Dress and Personal Adornment,92126_2.jpg,jpg,2993653,2923.5,2994,2.9,3,Dress and Personal Adornment/92126_2.jpg,/Users/jajohnst/Documents/teaching/2025-4-SI-676-NetworkedLAMS/ummaa_project_data_samples/Dress and Personal Adornment
Dress and Personal Adornment,1989-74-29_3.jpg,jpg,2632125,2570.4,2632,2.5,3,Dress and Personal Adornment/1989-74-29_3.jpg,/Users/jajohnst/Documents/teaching/2025-4-SI-676-NetworkedLAMS/ummaa_project_data_samples/Dress and Personal Adornment
Dress and Personal Adornment,8654_2.jpg,jpg,3361193,3282.4,3361,3.2,3,Dress and Personal Adornment/8654_2.jpg,/Users/jajohnst/Documents/teaching/2025-4-SI-676-NetworkedLAMS/ummaa_project_data_samples/Dress and Personal Adornment
Dress and Personal Adornment,8593_4.jpg,jpg,3070508,2998.5,3071,2.9,3,Dress and Personal Adornment/8593_4.jpg,/Users/jajohnst/Documents/teaching/2025-4-SI-676-NetworkedLAMS/ummaa_project_data_samples/Dress and Personal Adornment
Dress and Personal Adornment,8055-a_2.jpg,jpg,3185011,3110.4,3185,3,3,Dress and Personal Adornment/8055-a_2.jpg,/Users/jajohnst/Documents/teaching/2025-4-SI-676-NetworkedLAMS/ummaa_project_data_samples/Dress and Personal Adornment
Dress and Personal Adornment,8493_1.jpg,jpg,4504658,4399.1,4505,4.3,5,Dress and Personal Adornment/8493_1.jpg,/Users/jajohnst/Documents/teaching/2025-4-SI-676-NetworkedLAMS/ummaa_project_data_samples/Dress and Personal Adornment
Dress and Personal Adornment,8476-b_3.jpg,jpg,3343611,3265.2,3344,3.2,3,Dress and Personal Adornment/8476-b_3.jpg,/Users/jajohnst/Documents/teaching/2025-4-SI-676-NetworkedLAMS/ummaa_project_data_samples/Dress and Personal Adornment
Dress and Personal Adornment,8476-d_5.jpg,jpg,2226193,2174,2226,2.1,2,Dress and Personal Adornment/8476-d_5.jpg,/Users/jajohnst/Documents/teaching/2025-4-SI-676-NetworkedLAMS/ummaa_project_data_samples/Dress and Personal Adornment
Dress and Personal Adornment,8082_1.jpg,jpg,2985343,2915.4,2985,2.8,3,Dress and Personal Adornment/8082_1.jpg,/Users/jajohnst/Documents/teaching/2025-4-SI-676-NetworkedLAMS/ummaa_project_data_samples/Dress and Personal Adornment
Dress and Personal Adornment,1989-74-30_2.jpg,jpg,2651633,2589.5,2652,2.5,3,Dress and Personal Adornment/1989-74-30_2.jpg,/Users/jajohnst/Documents/teaching/2025-4-SI-676-NetworkedLAMS/ummaa_project_data_samples/Dress and Personal Adornment
Dress and Personal Adornment,8568_2.jpg,jpg,2231818,2179.5,2232,2.1,2,Dress and Personal Adornment/8568_2.jpg,/Users/jajohnst/Documents/teaching/2025-4-SI-676-NetworkedLAMS/ummaa_project_data_samples/Dress and Personal Adornment
Dress and Personal Adornment,1989-74-51_3.jpg,jpg,4488860,4383.7,4489,4.3,4,Dress and Personal Adornment/1989-74-51_3.jpg,/Users/jajohnst/Documents/teaching/2025-4-SI-676-NetworkedLAMS/ummaa_project_data_samples/Dress and Personal Adornment
Dress and Personal Adornment,1989-74-51_1.jpg,jpg,4885683,4771.2,4886,4.7,5,Dress and Personal Adornment/1989-74-51_1.jpg,/Users/jajohnst/Documents/teaching/2025-4-SI-676-NetworkedLAMS/ummaa_project_data_samples/Dress and Personal Adornment
Dress and Personal Adornment,1989-74-77_2.jpg,jpg,3151536,3077.7,3152,3,3,Dress and Personal Adornment/1989-74-77_2.jpg,/Users/jajohnst/Documents/teaching/2025-4-SI-676-NetworkedLAMS/ummaa_project_data_samples/Dress and Personal Adornment
Dress and Personal Adornment,8080_1.jpg,jpg,3125308,3052.1,3125,3,3,Dress and Personal Adornment/8080_1.jpg,/Users/jajohnst/Documents/teaching/2025-4-SI-676-NetworkedLAMS/ummaa_project_data_samples/Dress and Personal Adornment
Dress and Personal Adornment,1989-74-32_2.jpg,jpg,3577439,3493.6,3577,3.4,4,Dress and Personal Adornment/1989-74-32_2.jpg,/Users/jajohnst/Documents/teaching/2025-4-SI-676-NetworkedLAMS/ummaa_project_data_samples/Dress and Personal Adornment
Dress and Personal Adornment,92220-e_1.jpg,jpg,3760907,3672.8,3761,3.6,4,Dress and Personal Adornment/92220-e_1.jpg,/Users/jajohnst/Documents/teaching/2025-4-SI-676-NetworkedLAMS/ummaa_project_data_samples/Dress and Personal Adornment
Dress and Personal Adornment,8476-d_7.jpg,jpg,1177816,1150.2,1178,1.1,1,Dress and Personal Adornment/8476-d_7.jpg,/Users/jajohnst/Documents/teaching/2025-4-SI-676-NetworkedLAMS/ummaa_project_data_samples/Dress and Personal Adornment
Dress and Personal Adornment,8079-b_3.jpg,jpg,1274119,1244.3,1274,1.2,1,Dress and Personal Adornment/8079-b_3.jpg,/Users/jajohnst/Documents/teaching/2025-4-SI-676-NetworkedLAMS/ummaa_project_data_samples/Dress and Personal Adornment
Dress and Personal Adornment,8534_1.jpg,jpg,3358699,3280,3359,3.2,3,Dress and Personal Adornment/8534_1.jpg,/Users/jajohnst/Documents/teaching/2025-4-SI-676-NetworkedLAMS/ummaa_project_data_samples/Dress and Personal Adornment
Dress and Personal Adornment,8557_2.jpg,jpg,1533744,1497.8,1534,1.5,2,Dress and Personal Adornment/8557_2.jpg,/Users/jajohnst/Documents/teaching/2025-4-SI-676-NetworkedLAMS/ummaa_project_data_samples/Dress and Personal Adornment
Dress and Personal Adornment,8476-b_1.jpg,jpg,2606289,2545.2,2606,2.5,3,Dress and Personal Adornment/8476-b_1.jpg,/Users/jajohnst/Documents/teaching/2025-4-SI-676-NetworkedLAMS/ummaa_project_data_samples/Dress and Personal Adornment
Dress and Personal Adornment,92124_2.jpg,jpg,2638702,2576.9,2639,2.5,3,Dress and Personal Adornment/92124_2.jpg,/Users/jajohnst/Documents/teaching/2025-4-SI-676-NetworkedLAMS/ummaa_project_data_samples/Dress and Personal Adornment
Dress and Personal Adornment,1989-74-29_1.jpg,jpg,4119635,4023.1,4120,3.9,4,Dress and Personal Adornment/1989-74-29_1.jpg,/Users/jajohnst/Documents/teaching/2025-4-SI-676-NetworkedLAMS/ummaa_project_data_samples/Dress and Personal Adornment
Dress and Personal Adornment,8367_2.jpg,jpg,3490978,3409.2,3491,3.3,3,Dress and Personal Adornment/8367_2.jpg,/Users/jajohnst/Documents/teaching/2025-4-SI-676-NetworkedLAMS/ummaa_project_data_samples/Dress and Personal Adornment
Dress and Personal Adornment,8367_3.jpg,jpg,4442153,4338,4442,4.2,4,Dress and Personal Adornment/8367_3.jpg,/Users/jajohnst/Documents/teaching/2025-4-SI-676-NetworkedLAMS/ummaa_project_data_samples/Dress and Personal Adornment
Dress and Personal Adornment,92126_1.jpg,jpg,4545584,4439,4546,4.3,5,Dress and Personal Adornment/92126_1.jpg,/Users/jajohnst/Documents/teaching/2025-4-SI-676-NetworkedLAMS/ummaa_project_data_samples/Dress and Personal Adornment
Dress and Personal Adornment,8654_1.jpg,jpg,4545323,4438.8,4545,4.3,5,Dress and Personal Adornment/8654_1.jpg,/Users/jajohnst/Documents/teaching/2025-4-SI-676-NetworkedLAMS/ummaa_project_data_samples/Dress and Personal Adornment
Dress and Personal Adornment,92124_3.jpg,jpg,2844559,2777.9,2845,2.7,3,Dress and Personal Adornment/92124_3.jpg,/Users/jajohnst/Documents/teaching/2025-4-SI-676-NetworkedLAMS/ummaa_project_data_samples/Dress and Personal Adornment
Dress and Personal Adornment,8055-a_1.jpg,jpg,4745869,4634.6,4746,4.5,5,Dress and Personal Adornment/8055-a_1.jpg,/Users/jajohnst/Documents/teaching/2025-4-SI-676-NetworkedLAMS/ummaa_project_data_samples/Dress and Personal Adornment
Dress and Personal Adornment,8493_2.jpg,jpg,4914185,4799,4914,4.7,5,Dress and Personal Adornment/8493_2.jpg,/Users/jajohnst/Documents/teaching/2025-4-SI-676-NetworkedLAMS/ummaa_project_data_samples/Dress and Personal Adornment
Dress and Personal Adornment,8557_3.jpg,jpg,1540137,1504,1540,1.5,2,Dress and Personal Adornment/8557_3.jpg,/Users/jajohnst/Documents/teaching/2025-4-SI-676-NetworkedLAMS/ummaa_project_data_samples/Dress and Personal Adornment
Dress and Personal Adornment,8476-d_6.jpg,jpg,1257321,1227.9,1257,1.2,1,Dress and Personal Adornment/8476-d_6.jpg,/Users/jajohnst/Documents/teaching/2025-4-SI-676-NetworkedLAMS/ummaa_project_data_samples/Dress and Personal Adornment
Dress and Personal Adornment,8082_2.jpg,jpg,3477846,3396.3,3478,3.3,3,Dress and Personal Adornment/8082_2.jpg,/Users/jajohnst/Documents/teaching/2025-4-SI-676-NetworkedLAMS/ummaa_project_data_samples/Dress and Personal Adornment
Dress and Personal Adornment,1989-74-30_1.jpg,jpg,4272009,4171.9,4272,4.1,4,Dress and Personal Adornment/1989-74-30_1.jpg,/Users/jajohnst/Documents/teaching/2025-4-SI-676-NetworkedLAMS/ummaa_project_data_samples/Dress and Personal Adornment
Dress and Personal Adornment,8568_1.jpg,jpg,2405693,2349.3,2406,2.3,2,Dress and Personal Adornment/8568_1.jpg,/Users/jajohnst/Documents/teaching/2025-4-SI-676-NetworkedLAMS/ummaa_project_data_samples/Dress and Personal Adornment
Dress and Personal Adornment,1989-74-77_3.jpg,jpg,3165753,3091.6,3166,3,3,Dress and Personal Adornment/1989-74-77_3.jpg,/Users/jajohnst/Documents/teaching/2025-4-SI-676-NetworkedLAMS/ummaa_project_data_samples/Dress and Personal Adornment
Dress and Personal Adornment,1989-74-32_3.jpg,jpg,4186526,4088.4,4187,4,4,Dress and Personal Adornment/1989-74-32_3.jpg,/Users/jajohnst/Documents/teaching/2025-4-SI-676-NetworkedLAMS/ummaa_project_data_samples/Dress and Personal Adornment