dcterms:identifier       , dcterms:isPartOf, dcterms:identifier       , dcterms:provenance                              , dcterms:extent        , dcterms:isPartOf, dcterms:alternative                                   , dcterms:type          , dcterms:medium               , dcterms:temporal, dcterms:provenance                              , dcterms:spatial             , dcterms:spatial             , dcterms:spatial             , dcterms:subject, dcterms:description                                                                                                                                                                                                                                                                                                                                                                                                                                                                                                                                                                                                                                                                                                                                                                                                                                                                                                                                                                                                                                                                                                                                   , dcterms:description
Accession Number: 278    , Ethnographic    , Accession Number: 278    , Accession #278 Purchase 04/20/1926 (278)        , "Quantity: 1 Unit: ea", Ethnographic    ,                                                       , Basket                , Grass                        ,                 , Accession #278 Purchase 04/20/1926 (278)        ,                             ,                             ,                             ,                ,                                                                                                                                                                                                                                                                                                                                                                                                                                                                                                                                                                                                                                                                                                                                                                                                                                                                                                                                                                                                                                                                                                                                                       , 
Accession Number: 1      , Ethnographic    , Accession Number: 1      , Accession #1 UMMAA Expedition 1872 (1)          , "Quantity: 1 Unit: ea", Ethnographic    ,                                                       , Basket                , Fiber                        ,                 , Accession #1 UMMAA Expedition 1872 (1)          ,                             ,                             ,                             ,                ,                                                                                                                                                                                                                                                                                                                                                                                                                                                                                                                                                                                                                                                                                                                                                                                                                                                                                                                                                                                                                                                                                                                                                       , 
Accession Number: 220    , Ethnographic    , Accession Number: 220    , Accession #220 UMMAA Expedition 08/31/1925 (220), "Quantity: 1 Unit: ea", Ethnographic    ,                                                       , Basket                , Balsa; Leather (tanned)      ,                 , Accession #220 UMMAA Expedition 08/31/1925 (220), Barrio Macgum- New Corella  , Barrio Macgum- New Corella  , Barrio Macgum- New Corella  ,                ,                                                                                                                                                                                                                                                                                                                                                                                                                                                                                                                                                                                                                                                                                                                                                                                                                                                                                                                                                                                                                                                                                                                                                       , 
Accession Number: 950    , Ethnographic    , Accession Number: 950    , Accession #950 Purchase 07/24/1933 (950)        , "Quantity: 1 Unit: ea", Ethnographic    ,                                                       , Basket                , Balsa                        ,                 , Accession #950 Purchase 07/24/1933 (950)        ,                             ,                             ,                             ,                ,                                                                                                                                                                                                                                                                                                                                                                                                                                                                                                                                                                                                                                                                                                                                                                                                                                                                                                                                                                                                                                                                                                                                                       , 
Accession Number: 950    , Ethnographic    , Accession Number: 950    , Accession #950 Purchase 07/24/1933 (950)        , "Quantity: 1 Unit: ea", Ethnographic    ,                                                       , Basket                , Leaf                         ,                 , Accession #950 Purchase 07/24/1933 (950)        ,                             ,                             ,                             , Filipino       ,                                                                                                                                                                                                                                                                                                                                                                                                                                                                                                                                                                                                                                                                                                                                                                                                                                                                                                                                                                                                                                                                                                                                                       , 
Accession Number: 951    , Ethnographic    , Accession Number: 951    , Accession #951 Purchase 07/19/1935 (951)        , "Quantity: 1 Unit: ea", Ethnographic    ,                                                       , Basket                , Leaf                         ,                 , Accession #951 Purchase 07/19/1935 (951)        , Palo                        , Palo                        , Palo                        ,                ,                                                                                                                                                                                                                                                                                                                                                                                                                                                                                                                                                                                                                                                                                                                                                                                                                                                                                                                                                                                                                                                                                                                                                       , 
Accession Number: 951    , Ethnographic    , Accession Number: 951    , Accession #951 Purchase 07/19/1935 (951)        , "Quantity: 1 Unit: ea", Ethnographic    ,                                                       , Basket                , Leaf                         ,                 , Accession #951 Purchase 07/19/1935 (951)        , Palo                        , Palo                        , Palo                        ,                ,                                                                                                                                                                                                                                                                                                                                                                                                                                                                                                                                                                                                                                                                                                                                                                                                                                                                                                                                                                                                                                                                                                                                                       , 
Accession Number: 951    , Ethnographic    , Accession Number: 951    , Accession #951 Purchase 07/19/1935 (951)        , "Quantity: 1 Unit: ea", Ethnographic    ,                                                       , Basket                , Reed                         ,                 , Accession #951 Purchase 07/19/1935 (951)        , Palo                        , Palo                        , Palo                        ,                ,                                                                                                                                                                                                                                                                                                                                                                                                                                                                                                                                                                                                                                                                                                                                                                                                                                                                                                                                                                                                                                                                                                                                                       , 
Accession Number: 278    , Ethnographic    , Accession Number: 278    , Accession #278 Purchase 04/20/1926 (278)        , "Quantity: 1 Unit: ea", Ethnographic    ,                                                       , Basket                , Leaf; Cotton; Fiber          ,                 , Accession #278 Purchase 04/20/1926 (278)        , Cottobatto                  , Cottobatto                  , Cottobatto                  ,                ,                                                                                                                                                                                                                                                                                                                                                                                                                                                                                                                                                                                                                                                                                                                                                                                                                                                                                                                                                                                                                                                                                                                                                       , 
Accession Number: 1387   , Ethnographic    , Accession Number: 1387   , Accession #1387 Donation 04/29/1941 (1387)      , "Quantity: 1 Unit: ea", Ethnographic    , Other Number: C4625 Number Type: original numbers     , Basket                , Wicker                       ,                 , Accession #1387 Donation 04/29/1941 (1387)      , Tagoloan                    , Tagoloan                    , Tagoloan                    ,                ,                                                                                                                                                                                                                                                                                                                                                                                                                                                                                                                                                                                                                                                                                                                                                                                                                                                                                                                                                                                                                                                                                                                                                       , 
Accession Number: 1387   , Ethnographic    , Accession Number: 1387   , Accession #1387 Donation 04/29/1941 (1387)      , "Quantity: 1 Unit: ea", Ethnographic    , "Other Number: Coo5704 Number Type: original numbers" , Basket                , Balsa                        ,                 , Accession #1387 Donation 04/29/1941 (1387)      , Cangmanhac                  , Cangmanhac                  , Cangmanhac                  ,                ,                                                                                                                                                                                                                                                                                                                                                                                                                                                                                                                                                                                                                                                                                                                                                                                                                                                                                                                                                                                                                                                                                                                                                       , 
Accession Number: 1387   , Ethnographic    , Accession Number: 1387   , Accession #1387 Donation 04/29/1941 (1387)      , "Quantity: 1Unit: ea" , Ethnographic    , "Other Number: Coo5747 Number Type: original numbers", Basket                , Fiber                        ,                 , Accession #1387 Donation 04/29/1941 (1387)      ,                             ,                             ,                             , Mangyan        ,                                                                                                                                                                                                                                                                                                                                                                                                                                                                                                                                                                                                                                                                                                                                                                                                                                                                                                                                                                                                                                                                                                                                                       , 
Accession Number: 1387   , Ethnographic    , Accession Number: 1387   , Accession #1387 Donation 04/29/1941 (1387)      , "Quantity: 1 Unit: ea", Ethnographic    , "Other Number: Coo5766 Number Type: original numbers" , Basket                , Reed; Coconut                ,                 , Accession #1387 Donation 04/29/1941 (1387)      ,                             ,                             ,                             ,                ,                                                                                                                                                                                                                                                                                                                                                                                                                                                                                                                                                                                                                                                                                                                                                                                                                                                                                                                                                                                                                                                                                                                                                       , 
Accession Number: 1387   , Ethnographic    , Accession Number: 1387   , Accession #1387 Donation 04/29/1941 (1387)      , "Quantity: 1 Unit: ea", Ethnographic    , "Other Number: Coo5772 Number Type: original numbers" , Basket                , Rattan                       ,                 , Accession #1387 Donation 04/29/1941 (1387)      ,                             ,                             ,                             , Filipino       ,                                                                                                                                                                                                                                                                                                                                                                                                                                                                                                                                                                                                                                                                                                                                                                                                                                                                                                                                                                                                                                                                                                                                                       , 
Accession Number: 1387   , Ethnographic    , Accession Number: 1387   , Accession #1387 Donation 04/29/1941 (1387)      , "Quantity: 1 Unit: ea", Ethnographic    , "Other Number: Coo5785 Number Type: original numbers" , Basket                , Balsa                        ,                 , Accession #1387 Donation 04/29/1941 (1387)      ,                             ,                             ,                             ,                ,                                                                                                                                                                                                                                                                                                                                                                                                                                                                                                                                                                                                                                                                                                                                                                                                                                                                                                                                                                                                                                                                                                                                                       , 
Accession Number: 1387   , Ethnographic    , Accession Number: 1387   , Accession #1387 Donation 04/29/1941 (1387)      , "Quantity: 1 Unit: ea", Ethnographic    , "Other Number: Coo5799 Number Type: original numbers" , Basket                , Bamboo                       ,                 , Accession #1387 Donation 04/29/1941 (1387)      , Dupax                       , Dupax                       , Dupax                       ,                ,                                                                                                                                                                                                                                                                                                                                                                                                                                                                                                                                                                                                                                                                                                                                                                                                                                                                                                                                                                                                                                                                                                                                                       , 
Accession Number: 1387   , Ethnographic    , Accession Number: 1387   , Accession #1387 Donation 04/29/1941 (1387)      , "Quantity: 1 Unit: ea", Ethnographic    , "Other Number: Coo5809 Number Type: original numbers" , Basket                , Rattan; Fiber                ,                 , Accession #1387 Donation 04/29/1941 (1387)      , San Miguel                  , San Miguel                  , San Miguel                  ,                ,                                                                                                                                                                                                                                                                                                                                                                                                                                                                                                                                                                                                                                                                                                                                                                                                                                                                                                                                                                                                                                                                                                                                                       , 
Accession Number: 1387   , Ethnographic    , Accession Number: 1387   , Accession #1387 Donation 04/29/1941 (1387)      , "Quantity: 1 Unit: ea", Ethnographic    , "Other Number: Coo5819 Number Type: original numbers" , Basket                , Rattan; Bamboo               ,                 , Accession #1387 Donation 04/29/1941 (1387)      , Laoag                       , Laoag                       , Laoag                       ,                ,                                                                                                                                                                                                                                                                                                                                                                                                                                                                                                                                                                                                                                                                                                                                                                                                                                                                                                                                                                                                                                                                                                                                                       , 
Accession Number: 1387   , Ethnographic    , Accession Number: 1387   , Accession #1387 Donation 04/29/1941 (1387)      , "Quantity: 1 Unit: ea", Ethnographic    , "Other Number: Coo5847 Number Type: original numbers" , Basket                , Rattan                       ,                 , Accession #1387 Donation 04/29/1941 (1387)      , Cabagan                     , Cabagan                     , Cabagan                     ,                ,                                                                                                                                                                                                                                                                                                                                                                                                                                                                                                                                                                                                                                                                                                                                                                                                                                                                                                                                                                                                                                                                                                                                                       , 
Accession Number: 1387   , Artifact        , Accession Number: 1387   , Accession #1387 Donation 04/29/1941 (1387)      , "Quantity: 1 Unit: ea", Artifact        , "Other Number: Coo5850 Number Type: original numbers", Basket                , Bamboo; Rattan               ,                 , Accession #1387 Donation 04/29/1941 (1387)      , Cabagan                     , Cabagan                     , Cabagan                     ,                ,                                                                                                                                                                                                                                                                                                                                                                                                                                                                                                                                                                                                                                                                                                                                                                                                                                                                                                                                                                                                                                                                                                                                                       , 
Accession Number: 1387   , Ethnographic    , Accession Number: 1387   , Accession #1387 Donation 04/29/1941 (1387)      , "Quantity: 1 Unit: ea", Ethnographic    , "Other Number: Coo5850 Number Type: original numbers" , Basket                , Rattan; Bamboo; Fiber        ,                 , Accession #1387 Donation 04/29/1941 (1387)      , Cabagan                     , Cabagan                     , Cabagan                     , Ifugao         ,                                                                                                                                                                                                                                                                                                                                                                                                                                                                                                                                                                                                                                                                                                                                                                                                                                                                                                                                                                                                                                                                                                                                                       , 
Accession Number: 1387   , Ethnographic    , Accession Number: 1387   , Accession #1387 Donation 04/29/1941 (1387)      , "Quantity: 1 Unit: ea", Ethnographic    , "Other Number: Coo5873 Number Type: original numbers" , Basket                , Balsa                        ,                 , Accession #1387 Donation 04/29/1941 (1387)      ,                             ,                             ,                             ,                ,                                                                                                                                                                                                                                                                                                                                                                                                                                                                                                                                                                                                                                                                                                                                                                                                                                                                                                                                                                                                                                                                                                                                                       , 
Accession Number: 1387   , Ethnographic    , Accession Number: 1387   , Accession #1387 Donation 04/29/1941 (1387)      , "Quantity: 1 Unit: ea", Ethnographic    , "Other Number: Coo5875 Number Type: original numbers"                        , Basket                , Bamboo                       ,                 , Accession #1387 Donation 04/29/1941 (1387)      , Bisao - Lepanto             , Bisao - Lepanto             , Bisao - Lepanto             ,                ,                                                                                                                                                                                                                                                                                                                                                                                                                                                                                                                                                                                                                                                                                                                                                                                                                                                                                                                                                                                                                                                                                                                                                       , 
Accession Number: 1387   , Ethnographic    , Accession Number: 1387   , Accession #1387 Donation 04/29/1941 (1387)      , "Quantity: 1 Unit: ea", Ethnographic    , "Other Number: Coo5884 Number Type: original numbers"                        , Basket                , Bamboo; Rattan               ,                 , Accession #1387 Donation 04/29/1941 (1387)      , Balacan                     , Balacan                     , Balacan                     ,                ,                                                                                                                                                                                                                                                                                                                                                                                                                                                                                                                                                                                                                                                                                                                                                                                                                                                                                                                                                                                                                                                                                                                                                       , 
Accession Number: 1387   , Ethnographic    , Accession Number: 1387   , Accession #1387 Donation 04/29/1941 (1387)      , "Quantity: 1 Unit: ea", Ethnographic    , "Other Number: Coo5891 Number Type: original numbers"                        , Basket                , Balsa                        ,                 , Accession #1387 Donation 04/29/1941 (1387)      , Balacan - Philippines       , Balacan - Philippines       , Balacan - Philippines       ,                ,                                                                                                                                                                                                                                                                                                                                                                                                                                                                                                                                                                                                                                                                                                                                                                                                                                                                                                                                                                                                                                                                                                                                                       , 
Accession Number: 1387   , Ethnographic    , Accession Number: 1387   , Accession #1387 Donation 04/29/1941 (1387)      , "Quantity: 1 Unit: ea", Ethnographic    , "Other Number: Coo5894 Number Type: original numbers"                        , Basket                , Bamboo; Rattan               ,                 , Accession #1387 Donation 04/29/1941 (1387)      , Manoba                      , Manoba                      , Manoba                      ,                ,                                                                                                                                                                                                                                                                                                                                                                                                                                                                                                                                                                                                                                                                                                                                                                                                                                                                                                                                                                                                                                                                                                                                                       , 
Accession Number: 1387   , Ethnographic    , Accession Number: 1387   , Accession #1387 Donation 04/29/1941 (1387)      , "Quantity: 1 Unit: ea", Ethnographic    , "Other Number: Coo5920 Number Type: original numbers"                        , Basket                , Balsa                        ,                 , Accession #1387 Donation 04/29/1941 (1387)      ,                             ,                             ,                             ,                ,                                                                                                                                                                                                                                                                                                                                                                                                                                                                                                                                                                                                                                                                                                                                                                                                                                                                                                                                                                                                                                                                                                                                                       , 
Accession Number: 1387   , Ethnographic    , Accession Number: 1387   , Accession #1387 Donation 04/29/1941 (1387)      , "Quantity: 1 Unit: ea", Ethnographic    , "Other Number: Coo5954 Number Type: original numbers"                        , Basket                , Balsa                        ,                 , Accession #1387 Donation 04/29/1941 (1387)      , Batac                       , Batac                       , Batac                       , Tinguian       ,                                                                                                                                                                                                                                                                                                                                                                                                                                                                                                                                                                                                                                                                                                                                                                                                                                                                                                                                                                                                                                                                                                                                                       , 
Accession Number: 1387   , Ethnographic    , Accession Number: 1387   , Accession #1387 Donation 04/29/1941 (1387)      , "Quantity: 1 Unit: ea", Ethnographic    , "Other Number: Coo5967 Number Type: original numbers"                        , Basket                , Balsa                        ,                 , Accession #1387 Donation 04/29/1941 (1387)      , San Jose - Camarines        , San Jose - Camarines        , San Jose - Camarines        ,                ,                                                                                                                                                                                                                                                                                                                                                                                                                                                                                                                                                                                                                                                                                                                                                                                                                                                                                                                                                                                                                                                                                                                                                       , 
Accession Number: 1387   , Ethnographic    , Accession Number: 1387   , Accession #1387 Donation 04/29/1941 (1387)      , "Quantity: 1 Unit: ea", Ethnographic    , "Other Number: Coo5974 Number Type: original numbers"                        , Basket                , Reed                         ,                 , Accession #1387 Donation 04/29/1941 (1387)      , Buro - Legaspi              , Buro - Legaspi              , Buro - Legaspi              , Bicol          ,                                                                                                                                                                                                                                                                                                                                                                                                                                                                                                                                                                                                                                                                                                                                                                                                                                                                                                                                                                                                                                                                                                                                                       , 
Accession Number: 1387   , Ethnographic    , Accession Number: 1387   , Accession #1387 Donation 04/29/1941 (1387)      , "Quantity: 1 Unit: ea", Ethnographic    , "Other Number: Coo5995 Number Type: original numbers"                        , Basket                , Bamboo                       ,                 , Accession #1387 Donation 04/29/1941 (1387)      , Namitpit - Lepanto          , Namitpit - Lepanto          , Namitpit - Lepanto          ,                ,                                                                                                                                                                                                                                                                                                                                                                                                                                                                                                                                                                                                                                                                                                                                                                                                                                                                                                                                                                                                                                                                                                                                                       , 
Accession Number: 1387   , Ethnographic    , Accession Number: 1387   , Accession #1387 Donation 04/29/1941 (1387)      , "Quantity: 1 Unit: ea", Ethnographic    , "Other Number: Coo6009 Number Type: original numbers"                        , Basket                , Fiber; Rattan                ,                 , Accession #1387 Donation 04/29/1941 (1387)      , Pinamalayan - Mindoro       , Pinamalayan - Mindoro       , Pinamalayan - Mindoro       ,                ,                                                                                                                                                                                                                                                                                                                                                                                                                                                                                                                                                                                                                                                                                                                                                                                                                                                                                                                                                                                                                                                                                                                                                       , 
Accession Number: 1387   , Ethnographic    , Accession Number: 1387   , Accession #1387 Donation 04/29/1941 (1387)      , "Quantity: 1 Unit: ea", Ethnographic    , "Other Number: Coo6099 Number Type: original numbers"                        , Basket                , Balsa                        ,                 , Accession #1387 Donation 04/29/1941 (1387)      , Lucban                      , Lucban                      , Lucban                      , Tagalog        ,                                                                                                                                                                                                                                                                                                                                                                                                                                                                                                                                                                                                                                                                                                                                                                                                                                                                                                                                                                                                                                                                                                                                                       , 
Accession Number: 1387   , Ethnographic    , Accession Number: 1387   , Accession #1387 Donation 04/29/1941 (1387)      , "Quantity: 1 Unit: ea", Ethnographic    , "Other Number: Coo6113 Number Type: original numbers"                        , Basket                , Rattan                       ,                 , Accession #1387 Donation 04/29/1941 (1387)      , Laoag                       , Laoag                       , Laoag                       ,                ,                                                                                                                                                                                                                                                                                                                                                                                                                                                                                                                                                                                                                                                                                                                                                                                                                                                                                                                                                                                                                                                                                                                                                       , 
Accession Number: 1387   , Ethnographic    , Accession Number: 1387   , Accession #1387 Donation 04/29/1941 (1387)      , "Quantity: 1 Unit: ea", Ethnographic    , "Other Number: Coo6129 Number Type: original numbers"                        , Basket                , Rattan; Bamboo               ,                 , Accession #1387 Donation 04/29/1941 (1387)      , Amparo Settlement           , Amparo Settlement           , Amparo Settlement           , Manobo         ,                                                                                                                                                                                                                                                                                                                                                                                                                                                                                                                                                                                                                                                                                                                                                                                                                                                                                                                                                                                                                                                                                                                                                       , 
Accession Number: 1387   , Ethnographic    , Accession Number: 1387   , Accession #1387 Donation 04/29/1941 (1387)      , "Quantity: 1 Unit: ea", Ethnographic    , "Other Number: Coo6344 Number Type: original numbers"                        , Basket                , Rattan                       ,                 , Accession #1387 Donation 04/29/1941 (1387)      ,                             ,                             ,                             ,                ,                                                                                                                                                                                                                                                                                                                                                                                                                                                                                                                                                                                                                                                                                                                                                                                                                                                                                                                                                                                                                                                                                                                                                       , 
Accession Number: 1387   , Ethnographic    , Accession Number: 1387   , Accession #1387 Donation 04/29/1941 (1387)      , "Quantity: 1 Unit: ea", Ethnographic    , "Other Number: Coo6651 Number Type: original numbers"                        , Basket                , Bamboo                       ,                 , Accession #1387 Donation 04/29/1941 (1387)      ,                             ,                             ,                             ,                ,                                                                                                                                                                                                                                                                                                                                                                                                                                                                                                                                                                                                                                                                                                                                                                                                                                                                                                                                                                                                                                                                                                                                                       , 
Accession Number: 1587   , Ethnographic    , Accession Number: 1587   , Accession #1587 Donation 10/03/1944 (1587)      , "Quantity: 1 Unit: ea", Ethnographic    ,                                                       , Basket                , Rattan                       ,                 , Accession #1587 Donation 10/03/1944 (1587)      ,                             ,                             ,                             ,                ,                                                                                                                                                                                                                                                                                                                                                                                                                                                                                                                                                                                                                                                                                                                                                                                                                                                                                                                                                                                                                                                                                                                                                       , 
Accession Number: 1475   , Ethnographic    , Accession Number: 1475   , Accession #1475 Donation 04/18/1942 (1475)      , "Quantity: 1 Unit: ea", Ethnographic    ,                                                       , Basket                , Bamboo                       ,                 , Accession #1475 Donation 04/18/1942 (1475)      , Central Luzon               , Central Luzon               , Central Luzon               ,                , "spools of thread and yarn have no numbers will need to be assigned numbers in the future.                                                                                                                                                                                                                                                                                                                                                                                                                                                                                                                                                                                                                                                                                                                                                                                                                                                                                                                                                                                                      catalog card says ""Turned in by V. Jones June 1958""", "spools of thread and yarn have no numbers will need to be assigned numbers in the future.                                                                                                                                                                                                                                                                                                                                                                                                                                                                                                                                                                                                                                                                                                                                                                                                                                                                                                                                                                                                      catalog card says ""Turned in by V. Jones June 1958"""
Accession Number: 3281   , Ethnographic    , Accession Number: 3281   , Accession #3281 UMMAA Expedition (3281)         , "Quantity: 1 Unit: ea", Ethnographic    ,                                                       , Basket                , Fiber                        ,                 , Accession #3281 UMMAA Expedition (3281)         ,                             ,                             ,                             ,                ,                                                                                                                                                                                                                                                                                                                                                                                                                                                                                                                                                                                                                                                                                                                                                                                                                                                                                                                                                                                                                                                                                                                                                       , 
Accession Number: 2175   , Ethnographic    , Accession Number: 2175   , Accession #2175 Donation 1955 (2175)            , "Quantity: 1 Unit: ea", Ethnographic    ,                                                       , Basket                , Fiber                        ,                 , Accession #2175 Donation 1955 (2175)            ,                             ,                             ,                             ,                ,                                                                                                                                                                                                                                                                                                                                                                                                                                                                                                                                                                                                                                                                                                                                                                                                                                                                                                                                                                                                                                                                                                                                                       , 
Accession Number: 2175   , Ethnographic    , Accession Number: 2175   , Accession #2175 Donation 1955 (2175)            , "Quantity: 1 Unit: ea", Ethnographic    ,                                                       , Basket                , Grass                        ,                 , Accession #2175 Donation 1955 (2175)            ,                             ,                             ,                             ,                ,                                                                                                                                                                                                                                                                                                                                                                                                                                                                                                                                                                                                                                                                                                                                                                                                                                                                                                                                                                                                                                                                                                                                                       , 
Accession Number: 2558   , Ethnographic    , Accession Number: 2558   , Accession #2558 Donation 09/21/1959 (2558)      , "Quantity: 1 Unit: ea", Ethnographic    ,                                                       , Basket making material, Bamboo                       ,                 , Accession #2558 Donation 09/21/1959 (2558)      , Pulilan                     , Pulilan                     , Pulilan                     ,                ,                                                                                                                                                                                                                                                                                                                                                                                                                                                                                                                                                                                                                                                                                                                                                                                                                                                                                                                                                                                                                                                                                                                                                       , 
Accession Number: 3461   , Ethnographic    , Accession Number: 3461   , Accession #3461 UMMAA Expedition 10/1979 (3461) , "Quantity: 1 Unit: ea", Ethnographic    ,                                                       , Basket                , Balsa                        ,                 , Accession #3461 UMMAA Expedition 10/1979 (3461) ,                             ,                             ,                             ,                ,                                                                                                                                                                                                                                                                                                                                                                                                                                                                                                                                                                                                                                                                                                                                                                                                                                                                                                                                                                                                                                                                                                                                                       , 
Accession Number: 3581   , Ethnographic    , Accession Number: 3581   , Accession #3581 Donation 07/10/1984 (3581)      , "Quantity: 1 Unit: ea", Ethnographic    ,                                                       , Basket                , Rattan                       ,                 , Accession #3581 Donation 07/10/1984 (3581)      , Santa Rosa or Dulangan      , Santa Rosa or Dulangan      , Santa Rosa or Dulangan      , Mangyan        ,                                                                                                                                                                                                                                                                                                                                                                                                                                                                                                                                                                                                                                                                                                                                                                                                                                                                                                                                                                                                                                                                                                                                                       , 
Accession Number: 3581   , Ethnographic    , Accession Number: 3581   , Accession #3581 Donation 07/10/1984 (3581)      , "Quantity: 1 Unit: ea", Ethnographic    ,                                                       , Basket                , Rattan                       ,                 , Accession #3581 Donation 07/10/1984 (3581)      , Santa Rosa or Dulangan      , Santa Rosa or Dulangan      , Santa Rosa or Dulangan      , Mangyan        ,                                                                                                                                                                                                                                                                                                                                                                                                                                                                                                                                                                                                                                                                                                                                                                                                                                                                                                                                                                                                                                                                                                                                                       , 
Accession Number: 3581   , Ethnographic    , Accession Number: 3581   , Accession #3581 Donation 07/10/1984 (3581)      , "Quantity: 1 Unit: ea", Ethnographic    ,                                                       , Basket                , Bamboo                       ,                 , Accession #3581 Donation 07/10/1984 (3581)      ,                             ,                             ,                             ,                ,                                                                                                                                                                                                                                                                                                                                                                                                                                                                                                                                                                                                                                                                                                                                                                                                                                                                                                                                                                                                                                                                                                                                                       , 
Accession Number: 1387   , Ethnographic    , Accession Number: 1387   , Accession #1387 Donation 04/29/1941 (1387)      , "Quantity: 1 Unit: ea", Ethnographic    , "Other Number: Coo5739/Coo6037 Number Type: original numbers"                        , Basket                , Bamboo; Rattan               ,                 , Accession #1387 Donation 04/29/1941 (1387)      ,                             ,                             ,                             ,                ,                                                                                                                                                                                                                                                                                                                                                                                                                                                                                                                                                                                                                                                                                                                                                                                                                                                                                                                                                                                                                                                                                                                                                       , 
Accession Number: 1387   , Ethnographic    , Accession Number: 1387   , Accession #1387 Donation 04/29/1941 (1387)      , "Quantity: 1 Unit: ea", Ethnographic    , "Other Number: Coo5972 Number Type: original numbers"                        , Basket                , Bamboo; Rattan               ,                 , Accession #1387 Donation 04/29/1941 (1387)      , Suyo - Tagudin              , Suyo - Tagudin              , Suyo - Tagudin              ,                ,                                                                                                                                                                                                                                                                                                                                                                                                                                                                                                                                                                                                                                                                                                                                                                                                                                                                                                                                                                                                                                                                                                                                                       , 
Accession Number: 1387   , Ethnographic    , Accession Number: 1387   , Accession #1387 Donation 04/29/1941 (1387)      , "Quantity: 1 Unit: ea", Ethnographic    , "Other Number: Coo6018 Number Type: original numbers"                        , Basket                , Balsa                        ,                 , Accession #1387 Donation 04/29/1941 (1387)      , Masaling - Canayan          , Masaling - Canayan          , Masaling - Canayan          , Visayan        ,                                                                                                                                                                                                                                                                                                                                                                                                                                                                                                                                                                                                                                                                                                                                                                                                                                                                                                                                                                                                                                                                                                                                                       , 
Accession Number: 1387   , Ethnographic    , Accession Number: 1387   , Accession #1387 Donation 04/29/1941 (1387)      , "Quantity: 1 Unit: ea", Ethnographic    , "Other Number: Coo6018 Number Type: original numbers"                        , Basket                , Balsa                        ,                 , Accession #1387 Donation 04/29/1941 (1387)      , Masaling - Canayan          , Masaling - Canayan          , Masaling - Canayan          , Visayan        ,                                                                                                                                                                                                                                                                                                                                                                                                                                                                                                                                                                                                                                                                                                                                                                                                                                                                                                                                                                                                                                                                                                                                                       , 
Accession Number: 1387   , Ethnographic    , Accession Number: 1387   , Accession #1387 Donation 04/29/1941 (1387)      , "Quantity: 1 Unit: ea", Ethnographic    , "Other Number: Coo6139 E-103  Number Type: original numbers"                        , Basket                , Bamboo; Rattan               ,                 , Accession #1387 Donation 04/29/1941 (1387)      , San Fernando - Union        , San Fernando - Union        , San Fernando - Union        ,                ,                                                                                                                                                                                                                                                                                                                                                                                                                                                                                                                                                                                                                                                                                                                                                                                                                                                                                                                                                                                                                                                                                                                                                       , 
Accession Number: 1387   , Ethnographic    , Accession Number: 1387   , Accession #1387 Donation 04/29/1941 (1387)      , "Quantity: 1 Unit: ea", Ethnographic    , "Other Number: Coo6168  Number Type: original numbers"                        , Basket                , Rattan; Bamboo; Cotton       ,                 , Accession #1387 Donation 04/29/1941 (1387)      , Bulan                       , Bulan                       , Bulan                       ,                ,                                                                                                                                                                                                                                                                                                                                                                                                                                                                                                                                                                                                                                                                                                                                                                                                                                                                                                                                                                                                                                                                                                                                                       , 
Accession Number: 1989-74, Ethnographic    , Accession Number: 1989-74, Accession #1989-74 Donation 12/07/1989 (1989-74), "Quantity: 1 Unit: ea", Ethnographic    , "Other Number: 10  Number Type: original numbers"                        , Basket                , Rattan; Needles; Grass; Fiber,                 , Accession #1989-74 Donation 12/07/1989 (1989-74), Benguet and Bontoc Provinces, Benguet and Bontoc Provinces, Benguet and Bontoc Provinces, Igorot         ,                                                                                                                                                                                                                                                                                                                                                                                                                                                                                                                                                                                                                                                                                                                                                                                                                                                                                                                                                                                                                                                                                                                                                       , 
Accession Number: 1989-74, Ethnographic    , Accession Number: 1989-74, Accession #1989-74 Donation 12/07/1989 (1989-74), "Quantity: 1 Unit: ea", Ethnographic    , "Other Number: 11  Number Type: original numbers"                        , Basket                , Rattan; Wood; Needles        ,                 , Accession #1989-74 Donation 12/07/1989 (1989-74), Benguet and Bontoc Provinces, Benguet and Bontoc Provinces, Benguet and Bontoc Provinces, Igorot         , Removed from description on 6/6/2019 by J Moss Used as a head hunter's basket.                                                                                                                                                                                                                                                                                                                                                                                                                                                                                                                                                                                                                                                                                                                                                                                                                                                                                                                                                                                                                                                                        , Removed from description on 6/6/2019 by J Moss Used as a head hunter's basket.
Accession Number: 1989-74, Ethnographic    , Accession Number: 1989-74, Accession #1989-74 Donation 12/07/1989 (1989-74), "Quantity: 1 Unit: ea", Ethnographic    , "Other Number: 13  Number Type: original numbers"                        , Basket                , Rattan; Wood; Leaf           ,                 , Accession #1989-74 Donation 12/07/1989 (1989-74), Benguet and Bontoc Provinces, Benguet and Bontoc Provinces, Benguet and Bontoc Provinces, Igorot         ,                                                                                                                                                                                                                                                                                                                                                                                                                                                                                                                                                                                                                                                                                                                                                                                                                                                                                                                                                                                                                                                                                                                                                       , 
Accession Number: 1989-74, Ethnographic    , Accession Number: 1989-74, Accession #1989-74 Donation 12/07/1989 (1989-74), "Quantity: 1 Unit: ea", Ethnographic    , "Other Number: 14 Number Type: original numbers"                        , Basket                , Balsa                        ,                 , Accession #1989-74 Donation 12/07/1989 (1989-74), Benguet and Bontoc Provinces, Benguet and Bontoc Provinces, Benguet and Bontoc Provinces, Igorot         ,                                                                                                                                                                                                                                                                                                                                                                                                                                                                                                                                                                                                                                                                                                                                                                                                                                                                                                                                                                                                                                                                                                                                                       , 
Accession Number: 1989-74, Ethnographic    , Accession Number: 1989-74, Accession #1989-74 Donation 12/07/1989 (1989-74), "Quantity: 1 Unit: ea", Ethnographic    ,                                                       , Basket                , Rattan                       ,                 , Accession #1989-74 Donation 12/07/1989 (1989-74), Benguet and Bontoc Provinces, Benguet and Bontoc Provinces, Benguet and Bontoc Provinces, Igorot         ,                                                                                                                                                                                                                                                                                                                                                                                                                                                                                                                                                                                                                                                                                                                                                                                                                                                                                                                                                                                                                                                                                                                                                       , 
Accession Number: 278    , Ethnographic    , Accession Number: 278    , Accession #278 Purchase 04/20/1926 (278)        , "Quantity: 1 Unit: ea", Ethnographic    ,                                                       , Basket                , Botanical                    ,                 , Accession #278 Purchase 04/20/1926 (278)        , Malalbang                   , Malalbang                   , Malalbang                   ,                ,                                                                                                                                                                                                                                                                                                                                                                                                                                                                                                                                                                                                                                                                                                                                                                                                                                                                                                                                                                                                                                                                                                                                                       , 
Accession Number: 278    , Ethnographic    , Accession Number: 278    , Accession #278 Purchase 04/20/1926 (278)        , "Quantity: 1 Unit: ea", Ethnographic    ,                                                       , Basket                , Botanical                    ,                 , Accession #278 Purchase 04/20/1926 (278)        , Malabang                    , Malabang                    , Malabang                    ,                ,                                                                                                                                                                                                                                                                                                                                                                                                                                                                                                                                                                                                                                                                                                                                                                                                                                                                                                                                                                                                                                                                                                                                                       , 
Accession Number: 278    , Ethnographic    , Accession Number: 278    , Accession #278 Purchase 04/20/1926 (278)        , "Quantity: 1 Unit: ea", Ethnographic    ,                                                       , Basket                , Reed                         ,                 , Accession #278 Purchase 04/20/1926 (278)        ,                             ,                             ,                             ,                ,                                                                                                                                                                                                                                                                                                                                                                                                                                                                                                                                                                                                                                                                                                                                                                                                                                                                                                                                                                                                                                                                                                                                                       , 
Accession Number: 278    , Ethnographic    , Accession Number: 278    , Accession #278 Purchase 04/20/1926 (278)        , "Quantity: 1 Unit: ea", Ethnographic    ,                                                       , Basket                , Reed                         ,                 , Accession #278 Purchase 04/20/1926 (278)        ,                             ,                             ,                             ,                ,                                                                                                                                                                                                                                                                                                                                                                                                                                                                                                                                                                                                                                                                                                                                                                                                                                                                                                                                                                                                                                                                                                                                                       , 
Accession Number: 278    , Ethnographic    , Accession Number: 278    , Accession #278 Purchase 04/20/1926 (278)        , "Quantity: 1 Unit: ea", Ethnographic    ,                                                       , Basket                , Grass                        ,                 , Accession #278 Purchase 04/20/1926 (278)        ,                             ,                             ,                             ,                ,                                                                                                                                                                                                                                                                                                                                                                                                                                                                                                                                                                                                                                                                                                                                                                                                                                                                                                                                                                                                                                                                                                                                                       , 
Accession Number: 278    , Ethnographic    , Accession Number: 278    , Accession #278 Purchase 04/20/1926 (278)        , "Quantity: 1 Unit: ea", Ethnographic    ,                                                       , Basket                , Grass                        ,                 , Accession #278 Purchase 04/20/1926 (278)        ,                             ,                             ,                             ,                ,                                                                                                                                                                                                                                                                                                                                                                                                                                                                                                                                                                                                                                                                                                                                                                                                                                                                                                                                                                                                                                                                                                                                                       , 
Accession Number: 220    , Ethnographic    , Accession Number: 220    , Accession #220 UMMAA Expedition 08/31/1925 (220), "Quantity: 1 Unit: ea", Ethnographic    ,                                                       , Basket                , Fiber                        ,                 , Accession #220 UMMAA Expedition 08/31/1925 (220),                             ,                             ,                             ,                ,                                                                                                                                                                                                                                                                                                                                                                                                                                                                                                                                                                                                                                                                                                                                                                                                                                                                                                                                                                                                                                                                                                                                                       , 
